solid OpenSCAD_Model
  facet normal -0.7730104533627369 -0.6343932841636454 0
    outer loop
      vertex -14.284956342100571 -12.527570486901308 0
      vertex -15.073713465533467 -11.566467151165693 60
      vertex -15.073713465533467 -11.566467151165693 0
    endloop
  endfacet
  facet normal -0.8128466845916148 -0.5824776968678027 0
    outer loop
      vertex -15.79792263374836 -10.555834427372442 0
      vertex -15.073713465533467 -11.566467151165693 0
      vertex -15.79792263374836 -10.555834427372442 60
    endloop
  endfacet
  facet normal -0.8492021815265793 -0.5280678506503671 0
    outer loop
      vertex -15.79792263374836 -10.555834427372442 0
      vertex -16.454482671904334 -9.5 60
      vertex -16.454482671904334 -9.5 0
    endloop
  endfacet
  facet normal -0.6343932841636454 -0.7730104533627369 0
    outer loop
      vertex -12.527570486901308 -14.284956342100571 0
      vertex -11.566467151165693 -15.073713465533467 0
      vertex -11.566467151165693 -15.073713465533467 60
    endloop
  endfacet
  facet normal -0.5824776968678027 -0.8128466845916148 0
    outer loop
      vertex -11.566467151165693 -15.073713465533467 0
      vertex -10.555834427372442 -15.79792263374836 0
      vertex -10.555834427372442 -15.79792263374836 60
    endloop
  endfacet
  facet normal -0.5280678506503671 -0.8492021815265793 0
    outer loop
      vertex -10.555834427372442 -15.79792263374836 0
      vertex -9.5 -16.454482671904334 0
      vertex -9.5 -16.454482671904334 60
    endloop
  endfacet
  facet normal -0.7298640726978359 -0.6835923020228711 0
    outer loop
      vertex -14.284956342100571 -12.527570486901308 0
      vertex -13.435028842544403 -13.435028842544403 0
      vertex -14.284956342100571 -12.527570486901308 60
    endloop
  endfacet
  facet normal -0.6835923020228711 -0.7298640726978359 0
    outer loop
      vertex -12.527570486901308 -14.284956342100571 0
      vertex -12.527570486901308 -14.284956342100571 60
      vertex -13.435028842544403 -13.435028842544403 0
    endloop
  endfacet
  facet normal -0.7730104533627369 -0.6343932841636454 0
    outer loop
      vertex -14.284956342100571 -12.527570486901308 0
      vertex -14.284956342100571 -12.527570486901308 60
      vertex -15.073713465533467 -11.566467151165693 60
    endloop
  endfacet
  facet normal -0.8492021815265793 -0.5280678506503671 0
    outer loop
      vertex -15.79792263374836 -10.555834427372442 0
      vertex -15.79792263374836 -10.555834427372442 60
      vertex -16.454482671904334 -9.5 60
    endloop
  endfacet
  facet normal -0.8128466845916148 -0.5824776968678027 0
    outer loop
      vertex -15.073713465533467 -11.566467151165693 0
      vertex -15.073713465533467 -11.566467151165693 60
      vertex -15.79792263374836 -10.555834427372442 60
    endloop
  endfacet
  facet normal -0.6343932841636454 -0.7730104533627369 0
    outer loop
      vertex -12.527570486901308 -14.284956342100571 0
      vertex -11.566467151165693 -15.073713465533467 60
      vertex -12.527570486901308 -14.284956342100571 60
    endloop
  endfacet
  facet normal -0.5824776968678027 -0.8128466845916148 0
    outer loop
      vertex -11.566467151165693 -15.073713465533467 0
      vertex -10.555834427372442 -15.79792263374836 60
      vertex -11.566467151165693 -15.073713465533467 60
    endloop
  endfacet
  facet normal -0.5280678506503671 -0.8492021815265793 0
    outer loop
      vertex -10.555834427372442 -15.79792263374836 0
      vertex -9.5 -16.454482671904334 60
      vertex -10.555834427372442 -15.79792263374836 60
    endloop
  endfacet
  facet normal -0.7298640726978359 -0.6835923020228711 0
    outer loop
      vertex -13.435028842544403 -13.435028842544403 0
      vertex -13.435028842544403 -13.435028842544403 60
      vertex -14.284956342100571 -12.527570486901308 60
    endloop
  endfacet
  facet normal -0.6835923020228711 -0.7298640726978359 0
    outer loop
      vertex -13.435028842544403 -13.435028842544403 0
      vertex -12.527570486901308 -14.284956342100571 60
      vertex -13.435028842544403 -13.435028842544403 60
    endloop
  endfacet
  facet normal -0.8819212643483548 -0.4713967368259982 0
    outer loop
      vertex -17.040582089121077 -8.403485114161025 0
      vertex -16.454482671904334 -9.5 0
      vertex -17.040582089121077 -8.403485114161025 60
    endloop
  endfacet
  facet normal -0.9108638249211753 -0.4127070298043958 0
    outer loop
      vertex -17.040582089121077 -8.403485114161025 0
      vertex -17.55371111771445 -7.270985214936706 60
      vertex -17.55371111771445 -7.270985214936706 0
    endloop
  endfacet
  facet normal -0.9359059267573255 -0.35225004792123416 0
    outer loop
      vertex -17.55371111771445 -7.270985214936706 0
      vertex -17.99167246040701 -6.107349840760071 60
      vertex -17.99167246040701 -6.107349840760071 0
    endloop
  endfacet
  facet normal -0.9569403357322096 -0.2902846772544597 0
    outer loop
      vertex -17.99167246040701 -6.107349840760071 0
      vertex -18.352590699492296 -4.917561856947894 60
      vertex -18.352590699492296 -4.917561856947894 0
    endloop
  endfacet
  facet normal 0 0 -1
    outer loop
      vertex -17.040582089121077 -8.403485114161025 0
      vertex -17.55371111771445 -7.270985214936706 0
      vertex -17.040582089121077 8.403485114161025 0
    endloop
  endfacet
  facet normal 0 0 -1
    outer loop
      vertex -17.040582089121077 -8.403485114161025 0
      vertex -16.454482671904334 9.5 0
      vertex -16.454482671904334 -9.5 0
    endloop
  endfacet
  facet normal 0 0 -1
    outer loop
      vertex -18.352590699492296 -4.917561856947894 0
      vertex -18.634920327661376 -3.7067161183064368 0
      vertex -18.352590699492296 4.917561856947894 0
    endloop
  endfacet
  facet normal 0 0 -1
    outer loop
      vertex -17.99167246040701 -6.107349840760071 0
      vertex -18.352590699492296 -4.917561856947894 0
      vertex -17.99167246040701 6.107349840760071 0
    endloop
  endfacet
  facet normal 0 0 -1
    outer loop
      vertex -18.634920327661376 -3.7067161183064368 0
      vertex -18.837452366102397 -2.47999765218098 0
      vertex -18.634920327661376 3.7067161183064368 0
    endloop
  endfacet
  facet normal 0 0 -1
    outer loop
      vertex -18.837452366102397 -2.47999765218098 0
      vertex -18.959319541533468 -1.2426594553727182 0
      vertex -18.837452366102397 2.47999765218098 0
    endloop
  endfacet
  facet normal 0 0 -1
    outer loop
      vertex -17.55371111771445 -7.270985214936706 0
      vertex -17.99167246040701 -6.107349840760071 0
      vertex -17.55371111771445 7.270985214936706 0
    endloop
  endfacet
  facet normal 0 0 -1
    outer loop
      vertex -15.79792263374836 -10.555834427372442 0
      vertex -16.454482671904334 -9.5 0
      vertex -15.79792263374836 10.555834427372442 0
    endloop
  endfacet
  facet normal 0 0 -1
    outer loop
      vertex -14.284956342100571 -12.527570486901308 0
      vertex -15.073713465533467 -11.566467151165693 0
      vertex -14.284956342100571 12.527570486901308 0
    endloop
  endfacet
  facet normal 0 0 -1
    outer loop
      vertex -15.79792263374836 -10.555834427372442 0
      vertex -15.073713465533467 11.566467151165693 0
      vertex -15.073713465533467 -11.566467151165693 0
    endloop
  endfacet
  facet normal -0.9738769792773337 -0.22707626303437248 0
    outer loop
      vertex -18.352590699492296 -4.917561856947894 0
      vertex -18.634920327661376 -3.7067161183064368 60
      vertex -18.634920327661376 -3.7067161183064368 0
    endloop
  endfacet
  facet normal -0.9866433320848788 -0.16289547339458987 0
    outer loop
      vertex -18.634920327661376 -3.7067161183064368 0
      vertex -18.837452366102397 -2.47999765218098 60
      vertex -18.837452366102397 -2.47999765218098 0
    endloop
  endfacet
  facet normal -0.9951847266721967 -0.09801714032956198 0
    outer loop
      vertex -18.837452366102397 -2.47999765218098 0
      vertex -18.959319541533468 -1.2426594553727182 60
      vertex -18.959319541533468 -1.2426594553727182 0
    endloop
  endfacet
  facet normal -0.9994645874763658 -0.03271908282177532 0
    outer loop
      vertex -18.959319541533468 -1.2426594553727182 0
      vertex -19 0 60
      vertex -19 0 0
    endloop
  endfacet
  facet normal 0 0 -1
    outer loop
      vertex -12.527570486901308 -14.284956342100571 0
      vertex -11.566467151165693 15.073713465533467 0
      vertex -11.566467151165693 -15.073713465533467 0
    endloop
  endfacet
  facet normal 0 0 -1
    outer loop
      vertex -11.566467151165693 -15.073713465533467 0
      vertex -10.555834427372442 15.79792263374836 0
      vertex -10.555834427372442 -15.79792263374836 0
    endloop
  endfacet
  facet normal 0 0 -1
    outer loop
      vertex -10.555834427372442 -15.79792263374836 0
      vertex -9.5 16.454482671904334 0
      vertex -9.5 -16.454482671904334 0
    endloop
  endfacet
  facet normal 0 0 -1
    outer loop
      vertex -14.284956342100571 -12.527570486901308 0
      vertex -13.435028842544403 13.435028842544403 0
      vertex -13.435028842544403 -13.435028842544403 0
    endloop
  endfacet
  facet normal 0 0 -1
    outer loop
      vertex -12.527570486901308 -14.284956342100571 0
      vertex -13.435028842544403 -13.435028842544403 0
      vertex -12.527570486901308 14.284956342100571 0
    endloop
  endfacet
  facet normal -0.8819212643483548 -0.4713967368259982 0
    outer loop
      vertex -16.454482671904334 -9.5 0
      vertex -16.454482671904334 -9.5 60
      vertex -17.040582089121077 -8.403485114161025 60
    endloop
  endfacet
  facet normal -0.9108638249211753 -0.4127070298043958 0
    outer loop
      vertex -17.040582089121077 -8.403485114161025 0
      vertex -17.040582089121077 -8.403485114161025 60
      vertex -17.55371111771445 -7.270985214936706 60
    endloop
  endfacet
  facet normal -0.9569403357322096 -0.2902846772544597 0
    outer loop
      vertex -17.99167246040701 -6.107349840760071 0
      vertex -17.99167246040701 -6.107349840760071 60
      vertex -18.352590699492296 -4.917561856947894 60
    endloop
  endfacet
  facet normal -0.9359059267573255 -0.35225004792123416 0
    outer loop
      vertex -17.55371111771445 -7.270985214936706 0
      vertex -17.55371111771445 -7.270985214936706 60
      vertex -17.99167246040701 -6.107349840760071 60
    endloop
  endfacet
  facet normal -0.9738769792773337 -0.22707626303437248 0
    outer loop
      vertex -18.352590699492296 -4.917561856947894 0
      vertex -18.352590699492296 -4.917561856947894 60
      vertex -18.634920327661376 -3.7067161183064368 60
    endloop
  endfacet
  facet normal -0.9866433320848788 -0.16289547339458987 0
    outer loop
      vertex -18.634920327661376 -3.7067161183064368 0
      vertex -18.634920327661376 -3.7067161183064368 60
      vertex -18.837452366102397 -2.47999765218098 60
    endloop
  endfacet
  facet normal -0.9951847266721967 -0.09801714032956198 0
    outer loop
      vertex -18.837452366102397 -2.47999765218098 0
      vertex -18.837452366102397 -2.47999765218098 60
      vertex -18.959319541533468 -1.2426594553727182 60
    endloop
  endfacet
  facet normal -0.9994645874763658 -0.03271908282177532 0
    outer loop
      vertex -18.959319541533468 -1.2426594553727182 0
      vertex -18.959319541533468 -1.2426594553727182 60
      vertex -19 0 60
    endloop
  endfacet
  facet normal -0.4713967368259982 -0.8819212643483548 0
    outer loop
      vertex -8.403485114161025 -17.040582089121077 0
      vertex -8.403485114161025 -17.040582089121077 60
      vertex -9.5 -16.454482671904334 0
    endloop
  endfacet
  facet normal -0.4127070298043958 -0.9108638249211753 0
    outer loop
      vertex -8.403485114161025 -17.040582089121077 0
      vertex -7.270985214936706 -17.55371111771445 0
      vertex -7.270985214936706 -17.55371111771445 60
    endloop
  endfacet
  facet normal -0.35225004792123416 -0.9359059267573255 0
    outer loop
      vertex -7.270985214936706 -17.55371111771445 0
      vertex -6.107349840760071 -17.99167246040701 0
      vertex -6.107349840760071 -17.99167246040701 60
    endloop
  endfacet
  facet normal -0.2902846772544597 -0.9569403357322096 0
    outer loop
      vertex -6.107349840760071 -17.99167246040701 0
      vertex -4.917561856947894 -18.352590699492296 0
      vertex -4.917561856947894 -18.352590699492296 60
    endloop
  endfacet
  facet normal -0.22707626303437248 -0.9738769792773337 0
    outer loop
      vertex -4.917561856947894 -18.352590699492296 0
      vertex -3.7067161183064368 -18.634920327661376 0
      vertex -3.7067161183064368 -18.634920327661376 60
    endloop
  endfacet
  facet normal -0.16289547339458987 -0.9866433320848788 0
    outer loop
      vertex -3.7067161183064368 -18.634920327661376 0
      vertex -2.47999765218098 -18.837452366102397 0
      vertex -2.47999765218098 -18.837452366102397 60
    endloop
  endfacet
  facet normal -0.09801714032956198 -0.9951847266721967 0
    outer loop
      vertex -2.47999765218098 -18.837452366102397 0
      vertex -1.2426594553727182 -18.959319541533468 0
      vertex -1.2426594553727182 -18.959319541533468 60
    endloop
  endfacet
  facet normal -0.03271908282177532 -0.9994645874763658 0
    outer loop
      vertex -1.2426594553727182 -18.959319541533468 0
      vertex 0 -19 0
      vertex 0 -19 60
    endloop
  endfacet
  facet normal -0.4713967368259982 -0.8819212643483548 0
    outer loop
      vertex -9.5 -16.454482671904334 0
      vertex -8.403485114161025 -17.040582089121077 60
      vertex -9.5 -16.454482671904334 60
    endloop
  endfacet
  facet normal -0.4127070298043958 -0.9108638249211753 0
    outer loop
      vertex -8.403485114161025 -17.040582089121077 0
      vertex -7.270985214936706 -17.55371111771445 60
      vertex -8.403485114161025 -17.040582089121077 60
    endloop
  endfacet
  facet normal -0.35225004792123416 -0.9359059267573255 0
    outer loop
      vertex -7.270985214936706 -17.55371111771445 0
      vertex -6.107349840760071 -17.99167246040701 60
      vertex -7.270985214936706 -17.55371111771445 60
    endloop
  endfacet
  facet normal -0.2902846772544597 -0.9569403357322096 0
    outer loop
      vertex -6.107349840760071 -17.99167246040701 0
      vertex -4.917561856947894 -18.352590699492296 60
      vertex -6.107349840760071 -17.99167246040701 60
    endloop
  endfacet
  facet normal -0.22707626303437248 -0.9738769792773337 0
    outer loop
      vertex -4.917561856947894 -18.352590699492296 0
      vertex -3.7067161183064368 -18.634920327661376 60
      vertex -4.917561856947894 -18.352590699492296 60
    endloop
  endfacet
  facet normal -0.16289547339458987 -0.9866433320848788 0
    outer loop
      vertex -3.7067161183064368 -18.634920327661376 0
      vertex -2.47999765218098 -18.837452366102397 60
      vertex -3.7067161183064368 -18.634920327661376 60
    endloop
  endfacet
  facet normal -0.09801714032956198 -0.9951847266721967 0
    outer loop
      vertex -2.47999765218098 -18.837452366102397 0
      vertex -1.2426594553727182 -18.959319541533468 60
      vertex -2.47999765218098 -18.837452366102397 60
    endloop
  endfacet
  facet normal -0.03271908282177532 -0.9994645874763658 0
    outer loop
      vertex -1.2426594553727182 -18.959319541533468 0
      vertex 0 -19 60
      vertex -1.2426594553727182 -18.959319541533468 60
    endloop
  endfacet
  facet normal 0 0 -1
    outer loop
      vertex -8.403485114161025 -17.040582089121077 0
      vertex -9.5 -16.454482671904334 0
      vertex -8.403485114161025 17.040582089121077 0
    endloop
  endfacet
  facet normal 0 0 -1
    outer loop
      vertex -8.403485114161025 -17.040582089121077 0
      vertex -7.270985214936706 17.55371111771445 0
      vertex -7.270985214936706 -17.55371111771445 0
    endloop
  endfacet
  facet normal 0 0 -1
    outer loop
      vertex -7.270985214936706 -17.55371111771445 0
      vertex -6.107349840760071 17.99167246040701 0
      vertex -6.107349840760071 -17.99167246040701 0
    endloop
  endfacet
  facet normal 0 0 -1
    outer loop
      vertex -6.107349840760071 -17.99167246040701 0
      vertex -4.917561856947894 18.352590699492296 0
      vertex -4.917561856947894 -18.352590699492296 0
    endloop
  endfacet
  facet normal 0 0 -1
    outer loop
      vertex -4.917561856947894 -18.352590699492296 0
      vertex -3.7067161183064368 18.634920327661376 0
      vertex -3.7067161183064368 -18.634920327661376 0
    endloop
  endfacet
  facet normal 0 0 -1
    outer loop
      vertex -3.7067161183064368 -18.634920327661376 0
      vertex -2.47999765218098 18.837452366102397 0
      vertex -2.47999765218098 -18.837452366102397 0
    endloop
  endfacet
  facet normal 0 0 -1
    outer loop
      vertex -2.47999765218098 -18.837452366102397 0
      vertex -1.2426594553727182 18.959319541533468 0
      vertex -1.2426594553727182 -18.959319541533468 0
    endloop
  endfacet
  facet normal 0 0 -1
    outer loop
      vertex -1.2426594553727182 -18.959319541533468 0
      vertex 0 19 0
      vertex 0 -19 0
    endloop
  endfacet
  facet normal 0 0 1
    outer loop
      vertex -17.55371111771445 -7.270985214936706 60
      vertex -17.99167246040701 6.107349840760071 60
      vertex -17.99167246040701 -6.107349840760071 60
    endloop
  endfacet
  facet normal 0 0 1
    outer loop
      vertex -17.040582089121077 -8.403485114161025 60
      vertex -17.55371111771445 7.270985214936706 60
      vertex -17.55371111771445 -7.270985214936706 60
    endloop
  endfacet
  facet normal 0 0 1
    outer loop
      vertex -17.040582089121077 -8.403485114161025 60
      vertex -16.454482671904334 -9.5 60
      vertex -17.040582089121077 8.403485114161025 60
    endloop
  endfacet
  facet normal 0 0 1
    outer loop
      vertex -18.634920327661376 -3.7067161183064368 60
      vertex -18.837452366102397 2.47999765218098 60
      vertex -18.837452366102397 -2.47999765218098 60
    endloop
  endfacet
  facet normal 0 0 1
    outer loop
      vertex -18.352590699492296 -4.917561856947894 60
      vertex -18.634920327661376 3.7067161183064368 60
      vertex -18.634920327661376 -3.7067161183064368 60
    endloop
  endfacet
  facet normal 0 0 1
    outer loop
      vertex -17.99167246040701 -6.107349840760071 60
      vertex -18.352590699492296 4.917561856947894 60
      vertex -18.352590699492296 -4.917561856947894 60
    endloop
  endfacet
  facet normal 0 0 1
    outer loop
      vertex -18.837452366102397 -2.47999765218098 60
      vertex -18.959319541533468 1.2426594553727182 60
      vertex -18.959319541533468 -1.2426594553727182 60
    endloop
  endfacet
  facet normal 0 0 1
    outer loop
      vertex -15.79792263374836 -10.555834427372442 60
      vertex -15.073713465533467 -11.566467151165693 60
      vertex -15.79792263374836 10.555834427372442 60
    endloop
  endfacet
  facet normal 0 0 1
    outer loop
      vertex -15.79792263374836 -10.555834427372442 60
      vertex -16.454482671904334 9.5 60
      vertex -16.454482671904334 -9.5 60
    endloop
  endfacet
  facet normal 0 0 1
    outer loop
      vertex -14.284956342100571 -12.527570486901308 60
      vertex -15.073713465533467 11.566467151165693 60
      vertex -15.073713465533467 -11.566467151165693 60
    endloop
  endfacet
  facet normal 0 0 1
    outer loop
      vertex -12.527570486901308 -14.284956342100571 60
      vertex -13.435028842544403 13.435028842544403 60
      vertex -13.435028842544403 -13.435028842544403 60
    endloop
  endfacet
  facet normal 0 0 1
    outer loop
      vertex -12.527570486901308 -14.284956342100571 60
      vertex -11.566467151165693 -15.073713465533467 60
      vertex -12.527570486901308 14.284956342100571 60
    endloop
  endfacet
  facet normal 0 0 1
    outer loop
      vertex -11.566467151165693 -15.073713465533467 60
      vertex -10.555834427372442 -15.79792263374836 60
      vertex -11.566467151165693 15.073713465533467 60
    endloop
  endfacet
  facet normal 0 0 1
    outer loop
      vertex -10.555834427372442 -15.79792263374836 60
      vertex -9.5 -16.454482671904334 60
      vertex -10.555834427372442 15.79792263374836 60
    endloop
  endfacet
  facet normal 0 0 1
    outer loop
      vertex -14.284956342100571 -12.527570486901308 60
      vertex -13.435028842544403 -13.435028842544403 60
      vertex -14.284956342100571 12.527570486901308 60
    endloop
  endfacet
  facet normal 0 0 1
    outer loop
      vertex -2.47999765218098 -18.837452366102397 60
      vertex -1.2426594553727182 -18.959319541533468 60
      vertex -1.7357731126370728 -5.113422699273571 60
    endloop
  endfacet
  facet normal 0 0 1
    outer loop
      vertex -1.2426594553727182 -18.959319541533468 60
      vertex 0 -19 60
      vertex -0.7048414379882786 -5.353802251418577 60
    endloop
  endfacet
  facet normal 0 0 1
    outer loop
      vertex -4.917561856947894 -18.352590699492296 60
      vertex -3.7067161183064368 -18.634920327661376 60
      vertex -4.28410803757267 -3.2873117166470918 60
    endloop
  endfacet
  facet normal 0 0 1
    outer loop
      vertex -3.7067161183064368 -18.634920327661376 60
      vertex -2.47999765218098 -18.837452366102397 60
      vertex -3.0000792583058518 -4.489935906433745 60
    endloop
  endfacet
  facet normal 0 0 1
    outer loop
      vertex -2.47999765218098 -18.837452366102397 60
      vertex -2.066490534771485 -4.988949475560949 60
      vertex -2.3883589271826073 -4.843112804276517 60
    endloop
  endfacet
  facet normal 0 0 1
    outer loop
      vertex -2.47999765218098 -18.837452366102397 60
      vertex -1.7357731126370728 -5.113422699273571 60
      vertex -2.066490534771485 -4.988949475560949 60
    endloop
  endfacet
  facet normal 0 0 1
    outer loop
      vertex -1.2426594553727182 -18.959319541533468 60
      vertex -1.0534877388870927 -5.296240514177445 60
      vertex -1.397622843553612 -5.215999461960969 60
    endloop
  endfacet
  facet normal 0 0 1
    outer loop
      vertex -1.2426594553727182 -18.959319541533468 60
      vertex -1.397622843553612 -5.215999461960969 60
      vertex -1.7357731126370728 -5.113422699273571 60
    endloop
  endfacet
  facet normal 0 0 1
    outer loop
      vertex -1.2426594553727182 -18.959319541533468 60
      vertex -0.7048414379882786 -5.353802251418577 60
      vertex -1.0534877388870927 -5.296240514177445 60
    endloop
  endfacet
  facet normal 0 0 1
    outer loop
      vertex -0.7048414379882786 -5.353802251418577 60
      vertex 0 -19 60
      vertex -0.35317689784277256 -5.388438185488459 60
    endloop
  endfacet
  facet normal 0 0 1
    outer loop
      vertex -0.35317689784277256 -5.388438185488459 60
      vertex 0 -19 60
      vertex 0 -5.4 60
    endloop
  endfacet
  facet normal 0 0 1
    outer loop
      vertex -8.403485114161025 -17.040582089121077 60
      vertex -9.5 16.454482671904334 60
      vertex -9.5 -16.454482671904334 60
    endloop
  endfacet
  facet normal 0 0 1
    outer loop
      vertex -8.403485114161025 -17.040582089121077 60
      vertex -7.270985214936706 -17.55371111771445 60
      vertex -8.403485114161025 17.040582089121077 60
    endloop
  endfacet
  facet normal 0 0 1
    outer loop
      vertex -4.917561856947894 -18.352590699492296 60
      vertex -4.676537180435969 -2.7 60
      vertex -4.843112804276517 -2.3883589271826073 60
    endloop
  endfacet
  facet normal 0 0 1
    outer loop
      vertex -4.917561856947894 -18.352590699492296 60
      vertex -5.113422699273571 -1.7357731126370728 60
      vertex -5.215999461960969 -1.397622843553612 60
    endloop
  endfacet
  facet normal 0 0 1
    outer loop
      vertex -4.917561856947894 -18.352590699492296 60
      vertex -4.843112804276517 -2.3883589271826073 60
      vertex -4.988949475560949 -2.066490534771485 60
    endloop
  endfacet
  facet normal 0 0 1
    outer loop
      vertex -4.917561856947894 -18.352590699492296 60
      vertex -4.988949475560949 -2.066490534771485 60
      vertex -5.113422699273571 -1.7357731126370728 60
    endloop
  endfacet
  facet normal 0 0 1
    outer loop
      vertex -7.270985214936706 -17.55371111771445 60
      vertex -6.107349840760071 -17.99167246040701 60
      vertex -7.270985214936706 17.55371111771445 60
    endloop
  endfacet
  facet normal 0 0 1
    outer loop
      vertex -6.107349840760071 -17.99167246040701 60
      vertex -4.917561856947894 -18.352590699492296 60
      vertex -6.107349840760071 17.99167246040701 60
    endloop
  endfacet
  facet normal 0 0 1
    outer loop
      vertex -4.917561856947894 -18.352590699492296 60
      vertex -5.215999461960969 -1.397622843553612 60
      vertex -5.296240514177445 -1.0534877388870927 60
    endloop
  endfacet
  facet normal 0 0 1
    outer loop
      vertex -4.917561856947894 -18.352590699492296 60
      vertex -5.296240514177445 -1.0534877388870927 60
      vertex -5.353802251418577 -0.7048414379882786 60
    endloop
  endfacet
  facet normal 0 0 1
    outer loop
      vertex -4.917561856947894 -18.352590699492296 60
      vertex -5.353802251418577 -0.7048414379882786 60
      vertex -5.388438185488459 -0.35317689784277256 60
    endloop
  endfacet
  facet normal 0 0 1
    outer loop
      vertex -4.917561856947894 -18.352590699492296 60
      vertex -5.388438185488459 -0.35317689784277256 60
      vertex -5.4 0 60
    endloop
  endfacet
  facet normal 0 0 1
    outer loop
      vertex -4.917561856947894 -18.352590699492296 60
      vertex -5.4 0 60
      vertex -6.107349840760071 17.99167246040701 60
    endloop
  endfacet
  facet normal 0 0 1
    outer loop
      vertex -3.7067161183064368 -18.634920327661376 60
      vertex -3.818376618407357 -3.818376618407357 60
      vertex -4.059934960386478 -3.560467401540372 60
    endloop
  endfacet
  facet normal 0 0 1
    outer loop
      vertex -3.7067161183064368 -18.634920327661376 60
      vertex -4.059934960386478 -3.560467401540372 60
      vertex -4.28410803757267 -3.2873117166470918 60
    endloop
  endfacet
  facet normal 0 0 1
    outer loop
      vertex -3.7067161183064368 -18.634920327661376 60
      vertex -3.560467401540372 -4.059934960386478 60
      vertex -3.818376618407357 -3.818376618407357 60
    endloop
  endfacet
  facet normal 0 0 1
    outer loop
      vertex -4.917561856947894 -18.352590699492296 60
      vertex -4.489935906433745 -3.0000792583058518 60
      vertex -4.676537180435969 -2.7 60
    endloop
  endfacet
  facet normal 0 0 1
    outer loop
      vertex -4.917561856947894 -18.352590699492296 60
      vertex -4.28410803757267 -3.2873117166470918 60
      vertex -4.489935906433745 -3.0000792583058518 60
    endloop
  endfacet
  facet normal 0 0 1
    outer loop
      vertex -3.7067161183064368 -18.634920327661376 60
      vertex -3.2873117166470918 -4.28410803757267 60
      vertex -3.560467401540372 -4.059934960386478 60
    endloop
  endfacet
  facet normal 0 0 1
    outer loop
      vertex -3.7067161183064368 -18.634920327661376 60
      vertex -3.0000792583058518 -4.489935906433745 60
      vertex -3.2873117166470918 -4.28410803757267 60
    endloop
  endfacet
  facet normal 0 0 1
    outer loop
      vertex -2.47999765218098 -18.837452366102397 60
      vertex -2.7 -4.676537180435969 60
      vertex -3.0000792583058518 -4.489935906433745 60
    endloop
  endfacet
  facet normal 0 0 1
    outer loop
      vertex -2.47999765218098 -18.837452366102397 60
      vertex -2.3883589271826073 -4.843112804276517 60
      vertex -2.7 -4.676537180435969 60
    endloop
  endfacet
  facet normal 0 0 -1
    outer loop
      vertex -18.959319541533468 -1.2426594553727182 0
      vertex -19 0 0
      vertex -18.959319541533468 1.2426594553727182 0
    endloop
  endfacet
  facet normal 0 0 -1
    outer loop
      vertex -18.959319541533468 -1.2426594553727182 0
      vertex -18.959319541533468 1.2426594553727182 0
      vertex -18.837452366102397 2.47999765218098 0
    endloop
  endfacet
  facet normal 0 0 -1
    outer loop
      vertex -18.837452366102397 -2.47999765218098 0
      vertex -18.837452366102397 2.47999765218098 0
      vertex -18.634920327661376 3.7067161183064368 0
    endloop
  endfacet
  facet normal 0 0 -1
    outer loop
      vertex -18.634920327661376 -3.7067161183064368 0
      vertex -18.634920327661376 3.7067161183064368 0
      vertex -18.352590699492296 4.917561856947894 0
    endloop
  endfacet
  facet normal 0 0 -1
    outer loop
      vertex -18.352590699492296 -4.917561856947894 0
      vertex -18.352590699492296 4.917561856947894 0
      vertex -17.99167246040701 6.107349840760071 0
    endloop
  endfacet
  facet normal 0 0 -1
    outer loop
      vertex -17.99167246040701 -6.107349840760071 0
      vertex -17.99167246040701 6.107349840760071 0
      vertex -17.55371111771445 7.270985214936706 0
    endloop
  endfacet
  facet normal 0 0 -1
    outer loop
      vertex -17.55371111771445 -7.270985214936706 0
      vertex -17.55371111771445 7.270985214936706 0
      vertex -17.040582089121077 8.403485114161025 0
    endloop
  endfacet
  facet normal 0 0 -1
    outer loop
      vertex -17.040582089121077 -8.403485114161025 0
      vertex -17.040582089121077 8.403485114161025 0
      vertex -16.454482671904334 9.5 0
    endloop
  endfacet
  facet normal 0 0 -1
    outer loop
      vertex -16.454482671904334 -9.5 0
      vertex -16.454482671904334 9.5 0
      vertex -15.79792263374836 10.555834427372442 0
    endloop
  endfacet
  facet normal 0 0 -1
    outer loop
      vertex -15.79792263374836 -10.555834427372442 0
      vertex -15.79792263374836 10.555834427372442 0
      vertex -15.073713465533467 11.566467151165693 0
    endloop
  endfacet
  facet normal 0 0 -1
    outer loop
      vertex -15.073713465533467 -11.566467151165693 0
      vertex -15.073713465533467 11.566467151165693 0
      vertex -14.284956342100571 12.527570486901308 0
    endloop
  endfacet
  facet normal -0.9994645874763658 0.03271908282177532 0
    outer loop
      vertex -19 0 0
      vertex -18.959319541533468 1.2426594553727182 60
      vertex -18.959319541533468 1.2426594553727182 0
    endloop
  endfacet
  facet normal -0.9951847266721967 0.09801714032956198 0
    outer loop
      vertex -18.959319541533468 1.2426594553727182 0
      vertex -18.837452366102397 2.47999765218098 60
      vertex -18.837452366102397 2.47999765218098 0
    endloop
  endfacet
  facet normal -0.9866433320848788 0.16289547339458987 0
    outer loop
      vertex -18.837452366102397 2.47999765218098 0
      vertex -18.634920327661376 3.7067161183064368 60
      vertex -18.634920327661376 3.7067161183064368 0
    endloop
  endfacet
  facet normal -0.9738769792773337 0.22707626303437248 0
    outer loop
      vertex -18.634920327661376 3.7067161183064368 0
      vertex -18.352590699492296 4.917561856947894 60
      vertex -18.352590699492296 4.917561856947894 0
    endloop
  endfacet
  facet normal -0.9569403357322096 0.2902846772544597 0
    outer loop
      vertex -18.352590699492296 4.917561856947894 0
      vertex -17.99167246040701 6.107349840760071 60
      vertex -17.99167246040701 6.107349840760071 0
    endloop
  endfacet
  facet normal -0.9359059267573255 0.35225004792123416 0
    outer loop
      vertex -17.99167246040701 6.107349840760071 0
      vertex -17.55371111771445 7.270985214936706 60
      vertex -17.55371111771445 7.270985214936706 0
    endloop
  endfacet
  facet normal -0.9108638249211753 0.4127070298043958 0
    outer loop
      vertex -17.55371111771445 7.270985214936706 0
      vertex -17.040582089121077 8.403485114161025 60
      vertex -17.040582089121077 8.403485114161025 0
    endloop
  endfacet
  facet normal -0.8819212643483548 0.4713967368259982 0
    outer loop
      vertex -17.040582089121077 8.403485114161025 0
      vertex -16.454482671904334 9.5 60
      vertex -16.454482671904334 9.5 0
    endloop
  endfacet
  facet normal 0 0 -1
    outer loop
      vertex -14.284956342100571 -12.527570486901308 0
      vertex -14.284956342100571 12.527570486901308 0
      vertex -13.435028842544403 13.435028842544403 0
    endloop
  endfacet
  facet normal 0 0 -1
    outer loop
      vertex -13.435028842544403 -13.435028842544403 0
      vertex -13.435028842544403 13.435028842544403 0
      vertex -12.527570486901308 14.284956342100571 0
    endloop
  endfacet
  facet normal 0 0 -1
    outer loop
      vertex -12.527570486901308 -14.284956342100571 0
      vertex -12.527570486901308 14.284956342100571 0
      vertex -11.566467151165693 15.073713465533467 0
    endloop
  endfacet
  facet normal 0 0 -1
    outer loop
      vertex -11.566467151165693 -15.073713465533467 0
      vertex -11.566467151165693 15.073713465533467 0
      vertex -10.555834427372442 15.79792263374836 0
    endloop
  endfacet
  facet normal 0 0 -1
    outer loop
      vertex -10.555834427372442 -15.79792263374836 0
      vertex -10.555834427372442 15.79792263374836 0
      vertex -9.5 16.454482671904334 0
    endloop
  endfacet
  facet normal -0.9994645874763658 0.03271908282177532 0
    outer loop
      vertex -19 0 0
      vertex -19 0 60
      vertex -18.959319541533468 1.2426594553727182 60
    endloop
  endfacet
  facet normal -0.9951847266721967 0.09801714032956198 0
    outer loop
      vertex -18.959319541533468 1.2426594553727182 0
      vertex -18.959319541533468 1.2426594553727182 60
      vertex -18.837452366102397 2.47999765218098 60
    endloop
  endfacet
  facet normal -0.9866433320848788 0.16289547339458987 0
    outer loop
      vertex -18.837452366102397 2.47999765218098 0
      vertex -18.837452366102397 2.47999765218098 60
      vertex -18.634920327661376 3.7067161183064368 60
    endloop
  endfacet
  facet normal -0.9738769792773337 0.22707626303437248 0
    outer loop
      vertex -18.634920327661376 3.7067161183064368 0
      vertex -18.634920327661376 3.7067161183064368 60
      vertex -18.352590699492296 4.917561856947894 60
    endloop
  endfacet
  facet normal -0.9569403357322096 0.2902846772544597 0
    outer loop
      vertex -18.352590699492296 4.917561856947894 0
      vertex -18.352590699492296 4.917561856947894 60
      vertex -17.99167246040701 6.107349840760071 60
    endloop
  endfacet
  facet normal -0.9359059267573255 0.35225004792123416 0
    outer loop
      vertex -17.99167246040701 6.107349840760071 0
      vertex -17.99167246040701 6.107349840760071 60
      vertex -17.55371111771445 7.270985214936706 60
    endloop
  endfacet
  facet normal -0.9108638249211753 0.4127070298043958 0
    outer loop
      vertex -17.55371111771445 7.270985214936706 0
      vertex -17.55371111771445 7.270985214936706 60
      vertex -17.040582089121077 8.403485114161025 60
    endloop
  endfacet
  facet normal -0.8819212643483548 0.4713967368259982 0
    outer loop
      vertex -17.040582089121077 8.403485114161025 0
      vertex -17.040582089121077 8.403485114161025 60
      vertex -16.454482671904334 9.5 60
    endloop
  endfacet
  facet normal -0.8492021815265793 0.5280678506503671 0
    outer loop
      vertex -16.454482671904334 9.5 0
      vertex -15.79792263374836 10.555834427372442 60
      vertex -15.79792263374836 10.555834427372442 0
    endloop
  endfacet
  facet normal -0.8128466845916148 0.5824776968678027 0
    outer loop
      vertex -15.79792263374836 10.555834427372442 0
      vertex -15.073713465533467 11.566467151165693 60
      vertex -15.073713465533467 11.566467151165693 0
    endloop
  endfacet
  facet normal -0.7730104533627369 0.6343932841636454 0
    outer loop
      vertex -15.073713465533467 11.566467151165693 0
      vertex -14.284956342100571 12.527570486901308 60
      vertex -14.284956342100571 12.527570486901308 0
    endloop
  endfacet
  facet normal -0.7298640726978359 0.6835923020228711 0
    outer loop
      vertex -14.284956342100571 12.527570486901308 0
      vertex -13.435028842544403 13.435028842544403 60
      vertex -13.435028842544403 13.435028842544403 0
    endloop
  endfacet
  facet normal -0.6835923020228711 0.7298640726978359 0
    outer loop
      vertex -13.435028842544403 13.435028842544403 0
      vertex -13.435028842544403 13.435028842544403 60
      vertex -12.527570486901308 14.284956342100571 0
    endloop
  endfacet
  facet normal -0.6343932841636454 0.7730104533627369 0
    outer loop
      vertex -12.527570486901308 14.284956342100571 0
      vertex -12.527570486901308 14.284956342100571 60
      vertex -11.566467151165693 15.073713465533467 0
    endloop
  endfacet
  facet normal -0.5824776968678027 0.8128466845916148 0
    outer loop
      vertex -11.566467151165693 15.073713465533467 0
      vertex -11.566467151165693 15.073713465533467 60
      vertex -10.555834427372442 15.79792263374836 0
    endloop
  endfacet
  facet normal -0.5280678506503671 0.8492021815265793 0
    outer loop
      vertex -10.555834427372442 15.79792263374836 0
      vertex -10.555834427372442 15.79792263374836 60
      vertex -9.5 16.454482671904334 0
    endloop
  endfacet
  facet normal -0.8492021815265793 0.5280678506503671 0
    outer loop
      vertex -16.454482671904334 9.5 0
      vertex -16.454482671904334 9.5 60
      vertex -15.79792263374836 10.555834427372442 60
    endloop
  endfacet
  facet normal -0.8128466845916148 0.5824776968678027 0
    outer loop
      vertex -15.79792263374836 10.555834427372442 0
      vertex -15.79792263374836 10.555834427372442 60
      vertex -15.073713465533467 11.566467151165693 60
    endloop
  endfacet
  facet normal -0.7730104533627369 0.6343932841636454 0
    outer loop
      vertex -15.073713465533467 11.566467151165693 0
      vertex -15.073713465533467 11.566467151165693 60
      vertex -14.284956342100571 12.527570486901308 60
    endloop
  endfacet
  facet normal -0.7298640726978359 0.6835923020228711 0
    outer loop
      vertex -14.284956342100571 12.527570486901308 0
      vertex -14.284956342100571 12.527570486901308 60
      vertex -13.435028842544403 13.435028842544403 60
    endloop
  endfacet
  facet normal -0.6835923020228711 0.7298640726978359 0
    outer loop
      vertex -12.527570486901308 14.284956342100571 0
      vertex -13.435028842544403 13.435028842544403 60
      vertex -12.527570486901308 14.284956342100571 60
    endloop
  endfacet
  facet normal -0.6343932841636454 0.7730104533627369 0
    outer loop
      vertex -11.566467151165693 15.073713465533467 0
      vertex -12.527570486901308 14.284956342100571 60
      vertex -11.566467151165693 15.073713465533467 60
    endloop
  endfacet
  facet normal -0.5824776968678027 0.8128466845916148 0
    outer loop
      vertex -10.555834427372442 15.79792263374836 0
      vertex -11.566467151165693 15.073713465533467 60
      vertex -10.555834427372442 15.79792263374836 60
    endloop
  endfacet
  facet normal -0.5280678506503671 0.8492021815265793 0
    outer loop
      vertex -9.5 16.454482671904334 0
      vertex -10.555834427372442 15.79792263374836 60
      vertex -9.5 16.454482671904334 60
    endloop
  endfacet
  facet normal 0 0 -1
    outer loop
      vertex -9.5 -16.454482671904334 0
      vertex -9.5 16.454482671904334 0
      vertex -8.403485114161025 17.040582089121077 0
    endloop
  endfacet
  facet normal 0 0 -1
    outer loop
      vertex -8.403485114161025 -17.040582089121077 0
      vertex -8.403485114161025 17.040582089121077 0
      vertex -7.270985214936706 17.55371111771445 0
    endloop
  endfacet
  facet normal 0 0 -1
    outer loop
      vertex -7.270985214936706 -17.55371111771445 0
      vertex -7.270985214936706 17.55371111771445 0
      vertex -6.107349840760071 17.99167246040701 0
    endloop
  endfacet
  facet normal 0 0 -1
    outer loop
      vertex -6.107349840760071 -17.99167246040701 0
      vertex -6.107349840760071 17.99167246040701 0
      vertex -4.917561856947894 18.352590699492296 0
    endloop
  endfacet
  facet normal 0 0 -1
    outer loop
      vertex -4.917561856947894 -18.352590699492296 0
      vertex -4.917561856947894 18.352590699492296 0
      vertex -3.7067161183064368 18.634920327661376 0
    endloop
  endfacet
  facet normal 0 0 -1
    outer loop
      vertex -3.7067161183064368 -18.634920327661376 0
      vertex -3.7067161183064368 18.634920327661376 0
      vertex -2.47999765218098 18.837452366102397 0
    endloop
  endfacet
  facet normal 0 0 -1
    outer loop
      vertex -2.47999765218098 -18.837452366102397 0
      vertex -2.47999765218098 18.837452366102397 0
      vertex -1.2426594553727182 18.959319541533468 0
    endloop
  endfacet
  facet normal 0 0 -1
    outer loop
      vertex -1.2426594553727182 -18.959319541533468 0
      vertex -1.2426594553727182 18.959319541533468 0
      vertex 0 19 0
    endloop
  endfacet
  facet normal -0.4713967368259982 0.8819212643483548 0
    outer loop
      vertex -9.5 16.454482671904334 0
      vertex -9.5 16.454482671904334 60
      vertex -8.403485114161025 17.040582089121077 0
    endloop
  endfacet
  facet normal -0.4127070298043958 0.9108638249211753 0
    outer loop
      vertex -8.403485114161025 17.040582089121077 0
      vertex -8.403485114161025 17.040582089121077 60
      vertex -7.270985214936706 17.55371111771445 0
    endloop
  endfacet
  facet normal -0.35225004792123416 0.9359059267573255 0
    outer loop
      vertex -7.270985214936706 17.55371111771445 0
      vertex -7.270985214936706 17.55371111771445 60
      vertex -6.107349840760071 17.99167246040701 0
    endloop
  endfacet
  facet normal -0.2902846772544597 0.9569403357322096 0
    outer loop
      vertex -6.107349840760071 17.99167246040701 0
      vertex -6.107349840760071 17.99167246040701 60
      vertex -4.917561856947894 18.352590699492296 0
    endloop
  endfacet
  facet normal -0.22707626303437248 0.9738769792773337 0
    outer loop
      vertex -4.917561856947894 18.352590699492296 0
      vertex -4.917561856947894 18.352590699492296 60
      vertex -3.7067161183064368 18.634920327661376 0
    endloop
  endfacet
  facet normal -0.16289547339458987 0.9866433320848788 0
    outer loop
      vertex -3.7067161183064368 18.634920327661376 0
      vertex -3.7067161183064368 18.634920327661376 60
      vertex -2.47999765218098 18.837452366102397 0
    endloop
  endfacet
  facet normal -0.09801714032956198 0.9951847266721967 0
    outer loop
      vertex -2.47999765218098 18.837452366102397 0
      vertex -2.47999765218098 18.837452366102397 60
      vertex -1.2426594553727182 18.959319541533468 0
    endloop
  endfacet
  facet normal -0.03271908282177532 0.9994645874763658 0
    outer loop
      vertex -1.2426594553727182 18.959319541533468 0
      vertex -1.2426594553727182 18.959319541533468 60
      vertex 0 19 0
    endloop
  endfacet
  facet normal -0.4713967368259982 0.8819212643483548 0
    outer loop
      vertex -8.403485114161025 17.040582089121077 0
      vertex -9.5 16.454482671904334 60
      vertex -8.403485114161025 17.040582089121077 60
    endloop
  endfacet
  facet normal -0.4127070298043958 0.9108638249211753 0
    outer loop
      vertex -7.270985214936706 17.55371111771445 0
      vertex -8.403485114161025 17.040582089121077 60
      vertex -7.270985214936706 17.55371111771445 60
    endloop
  endfacet
  facet normal -0.35225004792123416 0.9359059267573255 0
    outer loop
      vertex -6.107349840760071 17.99167246040701 0
      vertex -7.270985214936706 17.55371111771445 60
      vertex -6.107349840760071 17.99167246040701 60
    endloop
  endfacet
  facet normal -0.2902846772544597 0.9569403357322096 0
    outer loop
      vertex -4.917561856947894 18.352590699492296 0
      vertex -6.107349840760071 17.99167246040701 60
      vertex -4.917561856947894 18.352590699492296 60
    endloop
  endfacet
  facet normal -0.22707626303437248 0.9738769792773337 0
    outer loop
      vertex -3.7067161183064368 18.634920327661376 0
      vertex -4.917561856947894 18.352590699492296 60
      vertex -3.7067161183064368 18.634920327661376 60
    endloop
  endfacet
  facet normal -0.16289547339458987 0.9866433320848788 0
    outer loop
      vertex -2.47999765218098 18.837452366102397 0
      vertex -3.7067161183064368 18.634920327661376 60
      vertex -2.47999765218098 18.837452366102397 60
    endloop
  endfacet
  facet normal -0.09801714032956198 0.9951847266721967 0
    outer loop
      vertex -1.2426594553727182 18.959319541533468 0
      vertex -2.47999765218098 18.837452366102397 60
      vertex -1.2426594553727182 18.959319541533468 60
    endloop
  endfacet
  facet normal -0.03271908282177532 0.9994645874763658 0
    outer loop
      vertex -1.2426594553727182 18.959319541533468 60
      vertex 0 19 60
      vertex 0 19 0
    endloop
  endfacet
  facet normal 0 0 1
    outer loop
      vertex -18.959319541533468 -1.2426594553727182 60
      vertex -18.959319541533468 1.2426594553727182 60
      vertex -19 0 60
    endloop
  endfacet
  facet normal 0 0 1
    outer loop
      vertex -18.837452366102397 -2.47999765218098 60
      vertex -18.837452366102397 2.47999765218098 60
      vertex -18.959319541533468 1.2426594553727182 60
    endloop
  endfacet
  facet normal 0 0 1
    outer loop
      vertex -18.634920327661376 -3.7067161183064368 60
      vertex -18.634920327661376 3.7067161183064368 60
      vertex -18.837452366102397 2.47999765218098 60
    endloop
  endfacet
  facet normal 0 0 1
    outer loop
      vertex -18.352590699492296 -4.917561856947894 60
      vertex -18.352590699492296 4.917561856947894 60
      vertex -18.634920327661376 3.7067161183064368 60
    endloop
  endfacet
  facet normal 0 0 1
    outer loop
      vertex -17.99167246040701 -6.107349840760071 60
      vertex -17.99167246040701 6.107349840760071 60
      vertex -18.352590699492296 4.917561856947894 60
    endloop
  endfacet
  facet normal 0 0 1
    outer loop
      vertex -17.55371111771445 -7.270985214936706 60
      vertex -17.55371111771445 7.270985214936706 60
      vertex -17.99167246040701 6.107349840760071 60
    endloop
  endfacet
  facet normal 0 0 1
    outer loop
      vertex -17.040582089121077 -8.403485114161025 60
      vertex -17.040582089121077 8.403485114161025 60
      vertex -17.55371111771445 7.270985214936706 60
    endloop
  endfacet
  facet normal 0 0 1
    outer loop
      vertex -16.454482671904334 -9.5 60
      vertex -16.454482671904334 9.5 60
      vertex -17.040582089121077 8.403485114161025 60
    endloop
  endfacet
  facet normal 0 0 1
    outer loop
      vertex -15.79792263374836 -10.555834427372442 60
      vertex -15.79792263374836 10.555834427372442 60
      vertex -16.454482671904334 9.5 60
    endloop
  endfacet
  facet normal 0 0 1
    outer loop
      vertex -15.073713465533467 -11.566467151165693 60
      vertex -15.073713465533467 11.566467151165693 60
      vertex -15.79792263374836 10.555834427372442 60
    endloop
  endfacet
  facet normal 0 0 1
    outer loop
      vertex -14.284956342100571 -12.527570486901308 60
      vertex -14.284956342100571 12.527570486901308 60
      vertex -15.073713465533467 11.566467151165693 60
    endloop
  endfacet
  facet normal 0 0 1
    outer loop
      vertex -13.435028842544403 -13.435028842544403 60
      vertex -13.435028842544403 13.435028842544403 60
      vertex -14.284956342100571 12.527570486901308 60
    endloop
  endfacet
  facet normal 0 0 1
    outer loop
      vertex -12.527570486901308 -14.284956342100571 60
      vertex -12.527570486901308 14.284956342100571 60
      vertex -13.435028842544403 13.435028842544403 60
    endloop
  endfacet
  facet normal 0 0 1
    outer loop
      vertex -11.566467151165693 -15.073713465533467 60
      vertex -11.566467151165693 15.073713465533467 60
      vertex -12.527570486901308 14.284956342100571 60
    endloop
  endfacet
  facet normal 0 0 1
    outer loop
      vertex -10.555834427372442 -15.79792263374836 60
      vertex -10.555834427372442 15.79792263374836 60
      vertex -11.566467151165693 15.073713465533467 60
    endloop
  endfacet
  facet normal 0 0 1
    outer loop
      vertex -9.5 -16.454482671904334 60
      vertex -9.5 16.454482671904334 60
      vertex -10.555834427372442 15.79792263374836 60
    endloop
  endfacet
  facet normal 0 0 1
    outer loop
      vertex -8.403485114161025 -17.040582089121077 60
      vertex -8.403485114161025 17.040582089121077 60
      vertex -9.5 16.454482671904334 60
    endloop
  endfacet
  facet normal 0 0 1
    outer loop
      vertex -7.270985214936706 -17.55371111771445 60
      vertex -7.270985214936706 17.55371111771445 60
      vertex -8.403485114161025 17.040582089121077 60
    endloop
  endfacet
  facet normal 0 0 1
    outer loop
      vertex -6.107349840760071 -17.99167246040701 60
      vertex -6.107349840760071 17.99167246040701 60
      vertex -7.270985214936706 17.55371111771445 60
    endloop
  endfacet
  facet normal 0 0 1
    outer loop
      vertex -5.4 0 60
      vertex -5.388438185488459 0.35317689784277256 60
      vertex -6.107349840760071 17.99167246040701 60
    endloop
  endfacet
  facet normal 0 0 1
    outer loop
      vertex -5.388438185488459 0.35317689784277256 60
      vertex -5.353802251418577 0.7048414379882786 60
      vertex -6.107349840760071 17.99167246040701 60
    endloop
  endfacet
  facet normal 0 0 1
    outer loop
      vertex -5.353802251418577 0.7048414379882786 60
      vertex -5.296240514177445 1.0534877388870927 60
      vertex -6.107349840760071 17.99167246040701 60
    endloop
  endfacet
  facet normal 0 0 1
    outer loop
      vertex -5.296240514177445 1.0534877388870927 60
      vertex -5.215999461960969 1.397622843553612 60
      vertex -6.107349840760071 17.99167246040701 60
    endloop
  endfacet
  facet normal 0 0 1
    outer loop
      vertex -5.215999461960969 1.397622843553612 60
      vertex -5.113422699273571 1.7357731126370728 60
      vertex -6.107349840760071 17.99167246040701 60
    endloop
  endfacet
  facet normal 0 0 1
    outer loop
      vertex -5.113422699273571 1.7357731126370728 60
      vertex -4.988949475560949 2.066490534771485 60
      vertex -6.107349840760071 17.99167246040701 60
    endloop
  endfacet
  facet normal 0 0 1
    outer loop
      vertex -4.988949475560949 2.066490534771485 60
      vertex -4.843112804276517 2.3883589271826073 60
      vertex -6.107349840760071 17.99167246040701 60
    endloop
  endfacet
  facet normal 0 0 1
    outer loop
      vertex -4.843112804276517 2.3883589271826073 60
      vertex -4.676537180435969 2.7 60
      vertex -4.917561856947894 18.352590699492296 60
    endloop
  endfacet
  facet normal 0 0 1
    outer loop
      vertex -4.676537180435969 2.7 60
      vertex -4.489935906433745 3.0000792583058518 60
      vertex -4.917561856947894 18.352590699492296 60
    endloop
  endfacet
  facet normal 0 0 1
    outer loop
      vertex -4.489935906433745 3.0000792583058518 60
      vertex -4.28410803757267 3.2873117166470918 60
      vertex -4.917561856947894 18.352590699492296 60
    endloop
  endfacet
  facet normal 0 0 1
    outer loop
      vertex -4.28410803757267 3.2873117166470918 60
      vertex -4.059934960386478 3.560467401540372 60
      vertex -4.917561856947894 18.352590699492296 60
    endloop
  endfacet
  facet normal 0 0 1
    outer loop
      vertex -4.059934960386478 3.560467401540372 60
      vertex -3.818376618407357 3.818376618407357 60
      vertex -4.917561856947894 18.352590699492296 60
    endloop
  endfacet
  facet normal 0 0 1
    outer loop
      vertex -3.818376618407357 3.818376618407357 60
      vertex -3.560467401540372 4.059934960386478 60
      vertex -4.917561856947894 18.352590699492296 60
    endloop
  endfacet
  facet normal 0 0 1
    outer loop
      vertex -3.560467401540372 4.059934960386478 60
      vertex -3.2873117166470918 4.28410803757267 60
      vertex -3.7067161183064368 18.634920327661376 60
    endloop
  endfacet
  facet normal 0 0 1
    outer loop
      vertex -3.2873117166470918 4.28410803757267 60
      vertex -3.0000792583058518 4.489935906433745 60
      vertex -3.7067161183064368 18.634920327661376 60
    endloop
  endfacet
  facet normal 0 0 1
    outer loop
      vertex -3.0000792583058518 4.489935906433745 60
      vertex -2.7 4.676537180435969 60
      vertex -3.7067161183064368 18.634920327661376 60
    endloop
  endfacet
  facet normal 0 0 1
    outer loop
      vertex -2.7 4.676537180435969 60
      vertex -2.3883589271826073 4.843112804276517 60
      vertex -3.7067161183064368 18.634920327661376 60
    endloop
  endfacet
  facet normal 0 0 1
    outer loop
      vertex -4.843112804276517 2.3883589271826073 60
      vertex -4.917561856947894 18.352590699492296 60
      vertex -6.107349840760071 17.99167246040701 60
    endloop
  endfacet
  facet normal 0 0 1
    outer loop
      vertex -3.560467401540372 4.059934960386478 60
      vertex -3.7067161183064368 18.634920327661376 60
      vertex -4.917561856947894 18.352590699492296 60
    endloop
  endfacet
  facet normal 0 0 1
    outer loop
      vertex -2.3883589271826073 4.843112804276517 60
      vertex -2.47999765218098 18.837452366102397 60
      vertex -3.7067161183064368 18.634920327661376 60
    endloop
  endfacet
  facet normal 0 0 1
    outer loop
      vertex -2.3883589271826073 4.843112804276517 60
      vertex -2.066490534771485 4.988949475560949 60
      vertex -2.47999765218098 18.837452366102397 60
    endloop
  endfacet
  facet normal 0 0 1
    outer loop
      vertex -2.066490534771485 4.988949475560949 60
      vertex -1.7357731126370728 5.113422699273571 60
      vertex -2.47999765218098 18.837452366102397 60
    endloop
  endfacet
  facet normal 0 0 1
    outer loop
      vertex -1.7357731126370728 5.113422699273571 60
      vertex -1.397622843553612 5.215999461960969 60
      vertex -2.47999765218098 18.837452366102397 60
    endloop
  endfacet
  facet normal 0 0 1
    outer loop
      vertex -1.397622843553612 5.215999461960969 60
      vertex -1.0534877388870927 5.296240514177445 60
      vertex -2.47999765218098 18.837452366102397 60
    endloop
  endfacet
  facet normal 0 0 1
    outer loop
      vertex -1.0534877388870927 5.296240514177445 60
      vertex -0.7048414379882786 5.353802251418577 60
      vertex -1.2426594553727182 18.959319541533468 60
    endloop
  endfacet
  facet normal 0 0 1
    outer loop
      vertex -0.7048414379882786 5.353802251418577 60
      vertex -0.35317689784277256 5.388438185488459 60
      vertex -1.2426594553727182 18.959319541533468 60
    endloop
  endfacet
  facet normal 0 0 1
    outer loop
      vertex -0.35317689784277256 5.388438185488459 60
      vertex 0 5.4 60
      vertex -1.2426594553727182 18.959319541533468 60
    endloop
  endfacet
  facet normal 0 0 1
    outer loop
      vertex -1.0534877388870927 5.296240514177445 60
      vertex -1.2426594553727182 18.959319541533468 60
      vertex -2.47999765218098 18.837452366102397 60
    endloop
  endfacet
  facet normal 0 0 1
    outer loop
      vertex -1.2426594553727182 18.959319541533468 60
      vertex 0 5.4 60
      vertex 0 19 60
    endloop
  endfacet
  facet normal 0.03271908282177532 -0.9994645874763658 0
    outer loop
      vertex 0 -19 0
      vertex 1.2426594553727182 -18.959319541533468 0
      vertex 1.2426594553727182 -18.959319541533468 60
    endloop
  endfacet
  facet normal 0.09801714032956198 -0.9951847266721967 0
    outer loop
      vertex 1.2426594553727182 -18.959319541533468 0
      vertex 2.47999765218098 -18.837452366102397 0
      vertex 2.47999765218098 -18.837452366102397 60
    endloop
  endfacet
  facet normal 0.16289547339458987 -0.9866433320848788 0
    outer loop
      vertex 2.47999765218098 -18.837452366102397 0
      vertex 3.7067161183064368 -18.634920327661376 0
      vertex 3.7067161183064368 -18.634920327661376 60
    endloop
  endfacet
  facet normal 0.22707626303437248 -0.9738769792773337 0
    outer loop
      vertex 3.7067161183064368 -18.634920327661376 0
      vertex 4.917561856947894 -18.352590699492296 0
      vertex 4.917561856947894 -18.352590699492296 60
    endloop
  endfacet
  facet normal 0.2902846772544597 -0.9569403357322096 0
    outer loop
      vertex 4.917561856947894 -18.352590699492296 0
      vertex 6.107349840760071 -17.99167246040701 0
      vertex 6.107349840760071 -17.99167246040701 60
    endloop
  endfacet
  facet normal 0.35225004792123416 -0.9359059267573255 0
    outer loop
      vertex 6.107349840760071 -17.99167246040701 0
      vertex 7.270985214936706 -17.55371111771445 0
      vertex 7.270985214936706 -17.55371111771445 60
    endloop
  endfacet
  facet normal 0.4127070298043958 -0.9108638249211753 0
    outer loop
      vertex 7.270985214936706 -17.55371111771445 0
      vertex 8.403485114161025 -17.040582089121077 0
      vertex 8.403485114161025 -17.040582089121077 60
    endloop
  endfacet
  facet normal 0.4713967368259982 -0.8819212643483548 0
    outer loop
      vertex 8.403485114161025 -17.040582089121077 0
      vertex 9.5 -16.454482671904334 0
      vertex 9.5 -16.454482671904334 60
    endloop
  endfacet
  facet normal 0.03271908282177532 -0.9994645874763658 0
    outer loop
      vertex 0 -19 0
      vertex 1.2426594553727182 -18.959319541533468 60
      vertex 0 -19 60
    endloop
  endfacet
  facet normal 0.09801714032956198 -0.9951847266721967 0
    outer loop
      vertex 1.2426594553727182 -18.959319541533468 0
      vertex 2.47999765218098 -18.837452366102397 60
      vertex 1.2426594553727182 -18.959319541533468 60
    endloop
  endfacet
  facet normal 0.16289547339458987 -0.9866433320848788 0
    outer loop
      vertex 2.47999765218098 -18.837452366102397 0
      vertex 3.7067161183064368 -18.634920327661376 60
      vertex 2.47999765218098 -18.837452366102397 60
    endloop
  endfacet
  facet normal 0.22707626303437248 -0.9738769792773337 0
    outer loop
      vertex 3.7067161183064368 -18.634920327661376 0
      vertex 4.917561856947894 -18.352590699492296 60
      vertex 3.7067161183064368 -18.634920327661376 60
    endloop
  endfacet
  facet normal 0.2902846772544597 -0.9569403357322096 0
    outer loop
      vertex 4.917561856947894 -18.352590699492296 0
      vertex 6.107349840760071 -17.99167246040701 60
      vertex 4.917561856947894 -18.352590699492296 60
    endloop
  endfacet
  facet normal 0.35225004792123416 -0.9359059267573255 0
    outer loop
      vertex 6.107349840760071 -17.99167246040701 0
      vertex 7.270985214936706 -17.55371111771445 60
      vertex 6.107349840760071 -17.99167246040701 60
    endloop
  endfacet
  facet normal 0.4127070298043958 -0.9108638249211753 0
    outer loop
      vertex 7.270985214936706 -17.55371111771445 0
      vertex 8.403485114161025 -17.040582089121077 60
      vertex 7.270985214936706 -17.55371111771445 60
    endloop
  endfacet
  facet normal 0.4713967368259982 -0.8819212643483548 0
    outer loop
      vertex 8.403485114161025 -17.040582089121077 0
      vertex 9.5 -16.454482671904334 60
      vertex 8.403485114161025 -17.040582089121077 60
    endloop
  endfacet
  facet normal 0 0 -1
    outer loop
      vertex 0 -19 0
      vertex 1.2426594553727182 18.959319541533468 0
      vertex 1.2426594553727182 -18.959319541533468 0
    endloop
  endfacet
  facet normal 0 0 -1
    outer loop
      vertex 1.2426594553727182 -18.959319541533468 0
      vertex 2.47999765218098 18.837452366102397 0
      vertex 2.47999765218098 -18.837452366102397 0
    endloop
  endfacet
  facet normal 0 0 -1
    outer loop
      vertex 2.47999765218098 -18.837452366102397 0
      vertex 3.7067161183064368 18.634920327661376 0
      vertex 3.7067161183064368 -18.634920327661376 0
    endloop
  endfacet
  facet normal 0 0 -1
    outer loop
      vertex 3.7067161183064368 -18.634920327661376 0
      vertex 4.917561856947894 18.352590699492296 0
      vertex 4.917561856947894 -18.352590699492296 0
    endloop
  endfacet
  facet normal 0 0 -1
    outer loop
      vertex 4.917561856947894 -18.352590699492296 0
      vertex 6.107349840760071 17.99167246040701 0
      vertex 6.107349840760071 -17.99167246040701 0
    endloop
  endfacet
  facet normal 0 0 -1
    outer loop
      vertex 6.107349840760071 -17.99167246040701 0
      vertex 7.270985214936706 17.55371111771445 0
      vertex 7.270985214936706 -17.55371111771445 0
    endloop
  endfacet
  facet normal 0 0 -1
    outer loop
      vertex 7.270985214936706 -17.55371111771445 0
      vertex 8.403485114161025 17.040582089121077 0
      vertex 8.403485114161025 -17.040582089121077 0
    endloop
  endfacet
  facet normal 0 0 -1
    outer loop
      vertex 8.403485114161025 -17.040582089121077 0
      vertex 9.5 16.454482671904334 0
      vertex 9.5 -16.454482671904334 0
    endloop
  endfacet
  facet normal 0.5280678506503671 -0.8492021815265793 0
    outer loop
      vertex 9.5 -16.454482671904334 0
      vertex 10.555834427372442 -15.79792263374836 0
      vertex 10.555834427372442 -15.79792263374836 60
    endloop
  endfacet
  facet normal 0.5824776968678027 -0.8128466845916148 0
    outer loop
      vertex 10.555834427372442 -15.79792263374836 0
      vertex 11.566467151165693 -15.073713465533467 0
      vertex 11.566467151165693 -15.073713465533467 60
    endloop
  endfacet
  facet normal 0.6343932841636454 -0.7730104533627369 0
    outer loop
      vertex 11.566467151165693 -15.073713465533467 0
      vertex 12.527570486901308 -14.284956342100571 0
      vertex 12.527570486901308 -14.284956342100571 60
    endloop
  endfacet
  facet normal 0.6835923020228711 -0.7298640726978359 0
    outer loop
      vertex 12.527570486901308 -14.284956342100571 0
      vertex 13.435028842544403 -13.435028842544403 0
      vertex 13.435028842544403 -13.435028842544403 60
    endloop
  endfacet
  facet normal 0.7298640726978359 -0.6835923020228711 0
    outer loop
      vertex 13.435028842544403 -13.435028842544403 0
      vertex 14.284956342100571 -12.527570486901308 0
      vertex 13.435028842544403 -13.435028842544403 60
    endloop
  endfacet
  facet normal 0.7730104533627369 -0.6343932841636454 0
    outer loop
      vertex 14.284956342100571 -12.527570486901308 0
      vertex 15.073713465533467 -11.566467151165693 0
      vertex 14.284956342100571 -12.527570486901308 60
    endloop
  endfacet
  facet normal 0.8128466845916148 -0.5824776968678027 0
    outer loop
      vertex 15.073713465533467 -11.566467151165693 0
      vertex 15.79792263374836 -10.555834427372442 0
      vertex 15.073713465533467 -11.566467151165693 60
    endloop
  endfacet
  facet normal 0.8492021815265793 -0.5280678506503671 0
    outer loop
      vertex 15.79792263374836 -10.555834427372442 0
      vertex 16.454482671904334 -9.5 0
      vertex 15.79792263374836 -10.555834427372442 60
    endloop
  endfacet
  facet normal 0.5280678506503671 -0.8492021815265793 0
    outer loop
      vertex 9.5 -16.454482671904334 0
      vertex 10.555834427372442 -15.79792263374836 60
      vertex 9.5 -16.454482671904334 60
    endloop
  endfacet
  facet normal 0.5824776968678027 -0.8128466845916148 0
    outer loop
      vertex 10.555834427372442 -15.79792263374836 0
      vertex 11.566467151165693 -15.073713465533467 60
      vertex 10.555834427372442 -15.79792263374836 60
    endloop
  endfacet
  facet normal 0.6343932841636454 -0.7730104533627369 0
    outer loop
      vertex 11.566467151165693 -15.073713465533467 0
      vertex 12.527570486901308 -14.284956342100571 60
      vertex 11.566467151165693 -15.073713465533467 60
    endloop
  endfacet
  facet normal 0.6835923020228711 -0.7298640726978359 0
    outer loop
      vertex 12.527570486901308 -14.284956342100571 0
      vertex 13.435028842544403 -13.435028842544403 60
      vertex 12.527570486901308 -14.284956342100571 60
    endloop
  endfacet
  facet normal 0.7298640726978359 -0.6835923020228711 0
    outer loop
      vertex 14.284956342100571 -12.527570486901308 0
      vertex 14.284956342100571 -12.527570486901308 60
      vertex 13.435028842544403 -13.435028842544403 60
    endloop
  endfacet
  facet normal 0.7730104533627369 -0.6343932841636454 0
    outer loop
      vertex 15.073713465533467 -11.566467151165693 0
      vertex 15.073713465533467 -11.566467151165693 60
      vertex 14.284956342100571 -12.527570486901308 60
    endloop
  endfacet
  facet normal 0.8128466845916148 -0.5824776968678027 0
    outer loop
      vertex 15.79792263374836 -10.555834427372442 0
      vertex 15.79792263374836 -10.555834427372442 60
      vertex 15.073713465533467 -11.566467151165693 60
    endloop
  endfacet
  facet normal 0.8492021815265793 -0.5280678506503671 0
    outer loop
      vertex 16.454482671904334 -9.5 0
      vertex 16.454482671904334 -9.5 60
      vertex 15.79792263374836 -10.555834427372442 60
    endloop
  endfacet
  facet normal 0 0 -1
    outer loop
      vertex 9.5 -16.454482671904334 0
      vertex 10.555834427372442 15.79792263374836 0
      vertex 10.555834427372442 -15.79792263374836 0
    endloop
  endfacet
  facet normal 0 0 -1
    outer loop
      vertex 10.555834427372442 -15.79792263374836 0
      vertex 11.566467151165693 15.073713465533467 0
      vertex 11.566467151165693 -15.073713465533467 0
    endloop
  endfacet
  facet normal 0 0 -1
    outer loop
      vertex 11.566467151165693 -15.073713465533467 0
      vertex 12.527570486901308 14.284956342100571 0
      vertex 12.527570486901308 -14.284956342100571 0
    endloop
  endfacet
  facet normal 0 0 -1
    outer loop
      vertex 12.527570486901308 -14.284956342100571 0
      vertex 13.435028842544403 13.435028842544403 0
      vertex 13.435028842544403 -13.435028842544403 0
    endloop
  endfacet
  facet normal 0 0 -1
    outer loop
      vertex 13.435028842544403 -13.435028842544403 0
      vertex 14.284956342100571 12.527570486901308 0
      vertex 14.284956342100571 -12.527570486901308 0
    endloop
  endfacet
  facet normal 0.8819212643483548 -0.4713967368259982 0
    outer loop
      vertex 16.454482671904334 -9.5 0
      vertex 17.040582089121077 -8.403485114161025 0
      vertex 16.454482671904334 -9.5 60
    endloop
  endfacet
  facet normal 0.9108638249211753 -0.4127070298043958 0
    outer loop
      vertex 17.040582089121077 -8.403485114161025 0
      vertex 17.55371111771445 -7.270985214936706 0
      vertex 17.040582089121077 -8.403485114161025 60
    endloop
  endfacet
  facet normal 0.9359059267573255 -0.35225004792123416 0
    outer loop
      vertex 17.55371111771445 -7.270985214936706 0
      vertex 17.99167246040701 -6.107349840760071 0
      vertex 17.55371111771445 -7.270985214936706 60
    endloop
  endfacet
  facet normal 0.9569403357322096 -0.2902846772544597 0
    outer loop
      vertex 17.99167246040701 -6.107349840760071 0
      vertex 18.352590699492296 -4.917561856947894 0
      vertex 17.99167246040701 -6.107349840760071 60
    endloop
  endfacet
  facet normal 0 0 -1
    outer loop
      vertex 14.284956342100571 -12.527570486901308 0
      vertex 15.073713465533467 11.566467151165693 0
      vertex 15.073713465533467 -11.566467151165693 0
    endloop
  endfacet
  facet normal 0 0 -1
    outer loop
      vertex 15.073713465533467 -11.566467151165693 0
      vertex 15.79792263374836 10.555834427372442 0
      vertex 15.79792263374836 -10.555834427372442 0
    endloop
  endfacet
  facet normal 0 0 -1
    outer loop
      vertex 15.79792263374836 -10.555834427372442 0
      vertex 16.454482671904334 9.5 0
      vertex 16.454482671904334 -9.5 0
    endloop
  endfacet
  facet normal 0 0 -1
    outer loop
      vertex 16.454482671904334 -9.5 0
      vertex 17.040582089121077 8.403485114161025 0
      vertex 17.040582089121077 -8.403485114161025 0
    endloop
  endfacet
  facet normal 0 0 -1
    outer loop
      vertex 17.040582089121077 -8.403485114161025 0
      vertex 17.55371111771445 7.270985214936706 0
      vertex 17.55371111771445 -7.270985214936706 0
    endloop
  endfacet
  facet normal 0 0 -1
    outer loop
      vertex 17.55371111771445 -7.270985214936706 0
      vertex 17.99167246040701 6.107349840760071 0
      vertex 17.99167246040701 -6.107349840760071 0
    endloop
  endfacet
  facet normal 0 0 -1
    outer loop
      vertex 17.99167246040701 -6.107349840760071 0
      vertex 18.352590699492296 4.917561856947894 0
      vertex 18.352590699492296 -4.917561856947894 0
    endloop
  endfacet
  facet normal 0 0 -1
    outer loop
      vertex 18.352590699492296 -4.917561856947894 0
      vertex 18.634920327661376 3.7067161183064368 0
      vertex 18.634920327661376 -3.7067161183064368 0
    endloop
  endfacet
  facet normal 0 0 -1
    outer loop
      vertex 18.634920327661376 -3.7067161183064368 0
      vertex 18.837452366102397 2.47999765218098 0
      vertex 18.837452366102397 -2.47999765218098 0
    endloop
  endfacet
  facet normal 0 0 -1
    outer loop
      vertex 18.837452366102397 -2.47999765218098 0
      vertex 18.959319541533468 1.2426594553727182 0
      vertex 18.959319541533468 -1.2426594553727182 0
    endloop
  endfacet
  facet normal 0.9738769792773337 -0.22707626303437248 0
    outer loop
      vertex 18.352590699492296 -4.917561856947894 0
      vertex 18.634920327661376 -3.7067161183064368 0
      vertex 18.352590699492296 -4.917561856947894 60
    endloop
  endfacet
  facet normal 0.9866433320848788 -0.16289547339458987 0
    outer loop
      vertex 18.634920327661376 -3.7067161183064368 0
      vertex 18.837452366102397 -2.47999765218098 0
      vertex 18.634920327661376 -3.7067161183064368 60
    endloop
  endfacet
  facet normal 0.9951847266721967 -0.09801714032956198 0
    outer loop
      vertex 18.837452366102397 -2.47999765218098 0
      vertex 18.959319541533468 -1.2426594553727182 0
      vertex 18.837452366102397 -2.47999765218098 60
    endloop
  endfacet
  facet normal 0.9994645874763658 -0.03271908282177532 0
    outer loop
      vertex 18.959319541533468 -1.2426594553727182 0
      vertex 19 0 0
      vertex 18.959319541533468 -1.2426594553727182 60
    endloop
  endfacet
  facet normal 0.8819212643483548 -0.4713967368259982 0
    outer loop
      vertex 17.040582089121077 -8.403485114161025 0
      vertex 17.040582089121077 -8.403485114161025 60
      vertex 16.454482671904334 -9.5 60
    endloop
  endfacet
  facet normal 0.9108638249211753 -0.4127070298043958 0
    outer loop
      vertex 17.55371111771445 -7.270985214936706 0
      vertex 17.55371111771445 -7.270985214936706 60
      vertex 17.040582089121077 -8.403485114161025 60
    endloop
  endfacet
  facet normal 0.9359059267573255 -0.35225004792123416 0
    outer loop
      vertex 17.99167246040701 -6.107349840760071 0
      vertex 17.99167246040701 -6.107349840760071 60
      vertex 17.55371111771445 -7.270985214936706 60
    endloop
  endfacet
  facet normal 0.9569403357322096 -0.2902846772544597 0
    outer loop
      vertex 18.352590699492296 -4.917561856947894 0
      vertex 18.352590699492296 -4.917561856947894 60
      vertex 17.99167246040701 -6.107349840760071 60
    endloop
  endfacet
  facet normal 0.9738769792773337 -0.22707626303437248 0
    outer loop
      vertex 18.634920327661376 -3.7067161183064368 0
      vertex 18.634920327661376 -3.7067161183064368 60
      vertex 18.352590699492296 -4.917561856947894 60
    endloop
  endfacet
  facet normal 0.9866433320848788 -0.16289547339458987 0
    outer loop
      vertex 18.837452366102397 -2.47999765218098 0
      vertex 18.837452366102397 -2.47999765218098 60
      vertex 18.634920327661376 -3.7067161183064368 60
    endloop
  endfacet
  facet normal 0.9951847266721967 -0.09801714032956198 0
    outer loop
      vertex 18.959319541533468 -1.2426594553727182 0
      vertex 18.959319541533468 -1.2426594553727182 60
      vertex 18.837452366102397 -2.47999765218098 60
    endloop
  endfacet
  facet normal 0.9994645874763658 -0.03271908282177532 0
    outer loop
      vertex 18.959319541533468 -1.2426594553727182 60
      vertex 19 0 0
      vertex 19 0 60
    endloop
  endfacet
  facet normal 0 0 1
    outer loop
      vertex 0 -19 60
      vertex 1.2426594553727182 -18.959319541533468 60
      vertex 0 -5.4 60
    endloop
  endfacet
  facet normal 0 0 1
    outer loop
      vertex 1.2426594553727182 -18.959319541533468 60
      vertex 2.47999765218098 -18.837452366102397 60
      vertex 1.0534877388870927 -5.296240514177445 60
    endloop
  endfacet
  facet normal 0 0 1
    outer loop
      vertex 1.2426594553727182 -18.959319541533468 60
      vertex 0.35317689784277256 -5.388438185488459 60
      vertex 0 -5.4 60
    endloop
  endfacet
  facet normal 0 0 1
    outer loop
      vertex 1.2426594553727182 -18.959319541533468 60
      vertex 0.7048414379882786 -5.353802251418577 60
      vertex 0.35317689784277256 -5.388438185488459 60
    endloop
  endfacet
  facet normal 0 0 1
    outer loop
      vertex 1.2426594553727182 -18.959319541533468 60
      vertex 1.0534877388870927 -5.296240514177445 60
      vertex 0.7048414379882786 -5.353802251418577 60
    endloop
  endfacet
  facet normal 0 0 1
    outer loop
      vertex 2.47999765218098 -18.837452366102397 60
      vertex 1.397622843553612 -5.215999461960969 60
      vertex 1.0534877388870927 -5.296240514177445 60
    endloop
  endfacet
  facet normal 0 0 1
    outer loop
      vertex 2.47999765218098 -18.837452366102397 60
      vertex 1.7357731126370728 -5.113422699273571 60
      vertex 1.397622843553612 -5.215999461960969 60
    endloop
  endfacet
  facet normal 0 0 1
    outer loop
      vertex 2.47999765218098 -18.837452366102397 60
      vertex 2.066490534771485 -4.988949475560949 60
      vertex 1.7357731126370728 -5.113422699273571 60
    endloop
  endfacet
  facet normal 0 0 1
    outer loop
      vertex 2.47999765218098 -18.837452366102397 60
      vertex 2.3883589271826073 -4.843112804276517 60
      vertex 2.066490534771485 -4.988949475560949 60
    endloop
  endfacet
  facet normal 0 0 1
    outer loop
      vertex 2.47999765218098 -18.837452366102397 60
      vertex 3.7067161183064368 -18.634920327661376 60
      vertex 2.3883589271826073 -4.843112804276517 60
    endloop
  endfacet
  facet normal 0 0 1
    outer loop
      vertex 3.7067161183064368 -18.634920327661376 60
      vertex 4.917561856947894 -18.352590699492296 60
      vertex 3.560467401540372 -4.059934960386478 60
    endloop
  endfacet
  facet normal 0 0 1
    outer loop
      vertex 4.917561856947894 -18.352590699492296 60
      vertex 6.107349840760071 -17.99167246040701 60
      vertex 4.843112804276517 -2.3883589271826073 60
    endloop
  endfacet
  facet normal 0 0 1
    outer loop
      vertex 3.7067161183064368 -18.634920327661376 60
      vertex 2.7 -4.676537180435969 60
      vertex 2.3883589271826073 -4.843112804276517 60
    endloop
  endfacet
  facet normal 0 0 1
    outer loop
      vertex 3.7067161183064368 -18.634920327661376 60
      vertex 3.0000792583058518 -4.489935906433745 60
      vertex 2.7 -4.676537180435969 60
    endloop
  endfacet
  facet normal 0 0 1
    outer loop
      vertex 3.7067161183064368 -18.634920327661376 60
      vertex 3.2873117166470918 -4.28410803757267 60
      vertex 3.0000792583058518 -4.489935906433745 60
    endloop
  endfacet
  facet normal 0 0 1
    outer loop
      vertex 3.7067161183064368 -18.634920327661376 60
      vertex 3.560467401540372 -4.059934960386478 60
      vertex 3.2873117166470918 -4.28410803757267 60
    endloop
  endfacet
  facet normal 0 0 1
    outer loop
      vertex 4.917561856947894 -18.352590699492296 60
      vertex 3.818376618407357 -3.818376618407357 60
      vertex 3.560467401540372 -4.059934960386478 60
    endloop
  endfacet
  facet normal 0 0 1
    outer loop
      vertex 4.917561856947894 -18.352590699492296 60
      vertex 4.059934960386478 -3.560467401540372 60
      vertex 3.818376618407357 -3.818376618407357 60
    endloop
  endfacet
  facet normal 0 0 1
    outer loop
      vertex 4.917561856947894 -18.352590699492296 60
      vertex 4.28410803757267 -3.2873117166470918 60
      vertex 4.059934960386478 -3.560467401540372 60
    endloop
  endfacet
  facet normal 0 0 1
    outer loop
      vertex 4.917561856947894 -18.352590699492296 60
      vertex 4.489935906433745 -3.0000792583058518 60
      vertex 4.28410803757267 -3.2873117166470918 60
    endloop
  endfacet
  facet normal 0 0 1
    outer loop
      vertex 4.917561856947894 -18.352590699492296 60
      vertex 4.676537180435969 -2.7 60
      vertex 4.489935906433745 -3.0000792583058518 60
    endloop
  endfacet
  facet normal 0 0 1
    outer loop
      vertex 4.917561856947894 -18.352590699492296 60
      vertex 4.843112804276517 -2.3883589271826073 60
      vertex 4.676537180435969 -2.7 60
    endloop
  endfacet
  facet normal 0 0 1
    outer loop
      vertex 6.107349840760071 -17.99167246040701 60
      vertex 4.988949475560949 -2.066490534771485 60
      vertex 4.843112804276517 -2.3883589271826073 60
    endloop
  endfacet
  facet normal 0 0 1
    outer loop
      vertex 6.107349840760071 -17.99167246040701 60
      vertex 5.113422699273571 -1.7357731126370728 60
      vertex 4.988949475560949 -2.066490534771485 60
    endloop
  endfacet
  facet normal 0 0 1
    outer loop
      vertex 6.107349840760071 -17.99167246040701 60
      vertex 5.215999461960969 -1.397622843553612 60
      vertex 5.113422699273571 -1.7357731126370728 60
    endloop
  endfacet
  facet normal 0 0 1
    outer loop
      vertex 6.107349840760071 -17.99167246040701 60
      vertex 5.296240514177445 -1.0534877388870927 60
      vertex 5.215999461960969 -1.397622843553612 60
    endloop
  endfacet
  facet normal 0 0 1
    outer loop
      vertex 6.107349840760071 -17.99167246040701 60
      vertex 5.353802251418577 -0.7048414379882786 60
      vertex 5.296240514177445 -1.0534877388870927 60
    endloop
  endfacet
  facet normal 0 0 1
    outer loop
      vertex 6.107349840760071 -17.99167246040701 60
      vertex 5.388438185488459 -0.35317689784277256 60
      vertex 5.353802251418577 -0.7048414379882786 60
    endloop
  endfacet
  facet normal 0 0 1
    outer loop
      vertex 6.107349840760071 -17.99167246040701 60
      vertex 5.4 0 60
      vertex 5.388438185488459 -0.35317689784277256 60
    endloop
  endfacet
  facet normal 0 0 1
    outer loop
      vertex 6.107349840760071 -17.99167246040701 60
      vertex 7.270985214936706 -17.55371111771445 60
      vertex 6.107349840760071 17.99167246040701 60
    endloop
  endfacet
  facet normal 0 0 1
    outer loop
      vertex 7.270985214936706 -17.55371111771445 60
      vertex 8.403485114161025 -17.040582089121077 60
      vertex 7.270985214936706 17.55371111771445 60
    endloop
  endfacet
  facet normal 0 0 1
    outer loop
      vertex 8.403485114161025 -17.040582089121077 60
      vertex 9.5 -16.454482671904334 60
      vertex 8.403485114161025 17.040582089121077 60
    endloop
  endfacet
  facet normal 0 0 1
    outer loop
      vertex 9.5 -16.454482671904334 60
      vertex 10.555834427372442 -15.79792263374836 60
      vertex 9.5 16.454482671904334 60
    endloop
  endfacet
  facet normal 0 0 1
    outer loop
      vertex 10.555834427372442 -15.79792263374836 60
      vertex 11.566467151165693 -15.073713465533467 60
      vertex 10.555834427372442 15.79792263374836 60
    endloop
  endfacet
  facet normal 0 0 1
    outer loop
      vertex 11.566467151165693 -15.073713465533467 60
      vertex 12.527570486901308 -14.284956342100571 60
      vertex 11.566467151165693 15.073713465533467 60
    endloop
  endfacet
  facet normal 0 0 1
    outer loop
      vertex 12.527570486901308 -14.284956342100571 60
      vertex 13.435028842544403 -13.435028842544403 60
      vertex 12.527570486901308 14.284956342100571 60
    endloop
  endfacet
  facet normal 0 0 1
    outer loop
      vertex 13.435028842544403 -13.435028842544403 60
      vertex 14.284956342100571 -12.527570486901308 60
      vertex 13.435028842544403 13.435028842544403 60
    endloop
  endfacet
  facet normal 0 0 1
    outer loop
      vertex 14.284956342100571 -12.527570486901308 60
      vertex 15.073713465533467 -11.566467151165693 60
      vertex 14.284956342100571 12.527570486901308 60
    endloop
  endfacet
  facet normal 0 0 1
    outer loop
      vertex 15.073713465533467 -11.566467151165693 60
      vertex 15.79792263374836 -10.555834427372442 60
      vertex 15.073713465533467 11.566467151165693 60
    endloop
  endfacet
  facet normal 0 0 1
    outer loop
      vertex 15.79792263374836 -10.555834427372442 60
      vertex 16.454482671904334 -9.5 60
      vertex 15.79792263374836 10.555834427372442 60
    endloop
  endfacet
  facet normal 0 0 1
    outer loop
      vertex 16.454482671904334 -9.5 60
      vertex 17.040582089121077 -8.403485114161025 60
      vertex 16.454482671904334 9.5 60
    endloop
  endfacet
  facet normal 0 0 1
    outer loop
      vertex 17.040582089121077 -8.403485114161025 60
      vertex 17.55371111771445 -7.270985214936706 60
      vertex 17.040582089121077 8.403485114161025 60
    endloop
  endfacet
  facet normal 0 0 1
    outer loop
      vertex 17.55371111771445 -7.270985214936706 60
      vertex 17.99167246040701 -6.107349840760071 60
      vertex 17.55371111771445 7.270985214936706 60
    endloop
  endfacet
  facet normal 0 0 1
    outer loop
      vertex 17.99167246040701 -6.107349840760071 60
      vertex 18.352590699492296 -4.917561856947894 60
      vertex 17.99167246040701 6.107349840760071 60
    endloop
  endfacet
  facet normal 0 0 1
    outer loop
      vertex 18.352590699492296 -4.917561856947894 60
      vertex 18.634920327661376 -3.7067161183064368 60
      vertex 18.352590699492296 4.917561856947894 60
    endloop
  endfacet
  facet normal 0 0 1
    outer loop
      vertex 18.634920327661376 -3.7067161183064368 60
      vertex 18.837452366102397 -2.47999765218098 60
      vertex 18.634920327661376 3.7067161183064368 60
    endloop
  endfacet
  facet normal 0 0 1
    outer loop
      vertex 18.837452366102397 -2.47999765218098 60
      vertex 18.959319541533468 -1.2426594553727182 60
      vertex 18.837452366102397 2.47999765218098 60
    endloop
  endfacet
  facet normal 0 0 -1
    outer loop
      vertex 0 -19 0
      vertex 0 19 0
      vertex 1.2426594553727182 18.959319541533468 0
    endloop
  endfacet
  facet normal 0 0 -1
    outer loop
      vertex 1.2426594553727182 -18.959319541533468 0
      vertex 1.2426594553727182 18.959319541533468 0
      vertex 2.47999765218098 18.837452366102397 0
    endloop
  endfacet
  facet normal 0 0 -1
    outer loop
      vertex 2.47999765218098 -18.837452366102397 0
      vertex 2.47999765218098 18.837452366102397 0
      vertex 3.7067161183064368 18.634920327661376 0
    endloop
  endfacet
  facet normal 0 0 -1
    outer loop
      vertex 3.7067161183064368 -18.634920327661376 0
      vertex 3.7067161183064368 18.634920327661376 0
      vertex 4.917561856947894 18.352590699492296 0
    endloop
  endfacet
  facet normal 0 0 -1
    outer loop
      vertex 4.917561856947894 -18.352590699492296 0
      vertex 4.917561856947894 18.352590699492296 0
      vertex 6.107349840760071 17.99167246040701 0
    endloop
  endfacet
  facet normal 0 0 -1
    outer loop
      vertex 6.107349840760071 -17.99167246040701 0
      vertex 6.107349840760071 17.99167246040701 0
      vertex 7.270985214936706 17.55371111771445 0
    endloop
  endfacet
  facet normal 0 0 -1
    outer loop
      vertex 7.270985214936706 -17.55371111771445 0
      vertex 7.270985214936706 17.55371111771445 0
      vertex 8.403485114161025 17.040582089121077 0
    endloop
  endfacet
  facet normal 0 0 -1
    outer loop
      vertex 8.403485114161025 -17.040582089121077 0
      vertex 8.403485114161025 17.040582089121077 0
      vertex 9.5 16.454482671904334 0
    endloop
  endfacet
  facet normal 0.03271908282177532 0.9994645874763658 0
    outer loop
      vertex 0 19 0
      vertex 0 19 60
      vertex 1.2426594553727182 18.959319541533468 0
    endloop
  endfacet
  facet normal 0.09801714032956198 0.9951847266721967 0
    outer loop
      vertex 1.2426594553727182 18.959319541533468 0
      vertex 1.2426594553727182 18.959319541533468 60
      vertex 2.47999765218098 18.837452366102397 0
    endloop
  endfacet
  facet normal 0.16289547339458987 0.9866433320848788 0
    outer loop
      vertex 2.47999765218098 18.837452366102397 0
      vertex 2.47999765218098 18.837452366102397 60
      vertex 3.7067161183064368 18.634920327661376 0
    endloop
  endfacet
  facet normal 0.22707626303437248 0.9738769792773337 0
    outer loop
      vertex 3.7067161183064368 18.634920327661376 0
      vertex 3.7067161183064368 18.634920327661376 60
      vertex 4.917561856947894 18.352590699492296 0
    endloop
  endfacet
  facet normal 0.2902846772544597 0.9569403357322096 0
    outer loop
      vertex 4.917561856947894 18.352590699492296 0
      vertex 4.917561856947894 18.352590699492296 60
      vertex 6.107349840760071 17.99167246040701 0
    endloop
  endfacet
  facet normal 0.35225004792123416 0.9359059267573255 0
    outer loop
      vertex 6.107349840760071 17.99167246040701 0
      vertex 6.107349840760071 17.99167246040701 60
      vertex 7.270985214936706 17.55371111771445 0
    endloop
  endfacet
  facet normal 0.4127070298043958 0.9108638249211753 0
    outer loop
      vertex 7.270985214936706 17.55371111771445 0
      vertex 7.270985214936706 17.55371111771445 60
      vertex 8.403485114161025 17.040582089121077 0
    endloop
  endfacet
  facet normal 0.4713967368259982 0.8819212643483548 0
    outer loop
      vertex 8.403485114161025 17.040582089121077 0
      vertex 8.403485114161025 17.040582089121077 60
      vertex 9.5 16.454482671904334 0
    endloop
  endfacet
  facet normal 0.03271908282177532 0.9994645874763658 0
    outer loop
      vertex 1.2426594553727182 18.959319541533468 0
      vertex 0 19 60
      vertex 1.2426594553727182 18.959319541533468 60
    endloop
  endfacet
  facet normal 0.09801714032956198 0.9951847266721967 0
    outer loop
      vertex 2.47999765218098 18.837452366102397 0
      vertex 1.2426594553727182 18.959319541533468 60
      vertex 2.47999765218098 18.837452366102397 60
    endloop
  endfacet
  facet normal 0.16289547339458987 0.9866433320848788 0
    outer loop
      vertex 3.7067161183064368 18.634920327661376 0
      vertex 2.47999765218098 18.837452366102397 60
      vertex 3.7067161183064368 18.634920327661376 60
    endloop
  endfacet
  facet normal 0.22707626303437248 0.9738769792773337 0
    outer loop
      vertex 4.917561856947894 18.352590699492296 0
      vertex 3.7067161183064368 18.634920327661376 60
      vertex 4.917561856947894 18.352590699492296 60
    endloop
  endfacet
  facet normal 0.2902846772544597 0.9569403357322096 0
    outer loop
      vertex 6.107349840760071 17.99167246040701 0
      vertex 4.917561856947894 18.352590699492296 60
      vertex 6.107349840760071 17.99167246040701 60
    endloop
  endfacet
  facet normal 0.35225004792123416 0.9359059267573255 0
    outer loop
      vertex 7.270985214936706 17.55371111771445 0
      vertex 6.107349840760071 17.99167246040701 60
      vertex 7.270985214936706 17.55371111771445 60
    endloop
  endfacet
  facet normal 0.4127070298043958 0.9108638249211753 0
    outer loop
      vertex 8.403485114161025 17.040582089121077 0
      vertex 7.270985214936706 17.55371111771445 60
      vertex 8.403485114161025 17.040582089121077 60
    endloop
  endfacet
  facet normal 0.4713967368259982 0.8819212643483548 0
    outer loop
      vertex 9.5 16.454482671904334 0
      vertex 8.403485114161025 17.040582089121077 60
      vertex 9.5 16.454482671904334 60
    endloop
  endfacet
  facet normal 0 0 -1
    outer loop
      vertex 12.527570486901308 -14.284956342100571 0
      vertex 12.527570486901308 14.284956342100571 0
      vertex 13.435028842544403 13.435028842544403 0
    endloop
  endfacet
  facet normal 0 0 -1
    outer loop
      vertex 13.435028842544403 -13.435028842544403 0
      vertex 13.435028842544403 13.435028842544403 0
      vertex 14.284956342100571 12.527570486901308 0
    endloop
  endfacet
  facet normal 0 0 -1
    outer loop
      vertex 9.5 -16.454482671904334 0
      vertex 9.5 16.454482671904334 0
      vertex 10.555834427372442 15.79792263374836 0
    endloop
  endfacet
  facet normal 0 0 -1
    outer loop
      vertex 10.555834427372442 -15.79792263374836 0
      vertex 10.555834427372442 15.79792263374836 0
      vertex 11.566467151165693 15.073713465533467 0
    endloop
  endfacet
  facet normal 0 0 -1
    outer loop
      vertex 11.566467151165693 -15.073713465533467 0
      vertex 11.566467151165693 15.073713465533467 0
      vertex 12.527570486901308 14.284956342100571 0
    endloop
  endfacet
  facet normal 0 0 -1
    outer loop
      vertex 15.073713465533467 -11.566467151165693 0
      vertex 15.073713465533467 11.566467151165693 0
      vertex 15.79792263374836 10.555834427372442 0
    endloop
  endfacet
  facet normal 0 0 -1
    outer loop
      vertex 14.284956342100571 -12.527570486901308 0
      vertex 14.284956342100571 12.527570486901308 0
      vertex 15.073713465533467 11.566467151165693 0
    endloop
  endfacet
  facet normal 0 0 -1
    outer loop
      vertex 15.79792263374836 -10.555834427372442 0
      vertex 15.79792263374836 10.555834427372442 0
      vertex 16.454482671904334 9.5 0
    endloop
  endfacet
  facet normal 0 0 -1
    outer loop
      vertex 17.55371111771445 -7.270985214936706 0
      vertex 17.55371111771445 7.270985214936706 0
      vertex 17.99167246040701 6.107349840760071 0
    endloop
  endfacet
  facet normal 0 0 -1
    outer loop
      vertex 18.959319541533468 -1.2426594553727182 0
      vertex 18.959319541533468 1.2426594553727182 0
      vertex 19 0 0
    endloop
  endfacet
  facet normal 0 0 -1
    outer loop
      vertex 18.837452366102397 -2.47999765218098 0
      vertex 18.837452366102397 2.47999765218098 0
      vertex 18.959319541533468 1.2426594553727182 0
    endloop
  endfacet
  facet normal 0 0 -1
    outer loop
      vertex 18.634920327661376 -3.7067161183064368 0
      vertex 18.634920327661376 3.7067161183064368 0
      vertex 18.837452366102397 2.47999765218098 0
    endloop
  endfacet
  facet normal 0 0 -1
    outer loop
      vertex 17.99167246040701 -6.107349840760071 0
      vertex 17.99167246040701 6.107349840760071 0
      vertex 18.352590699492296 4.917561856947894 0
    endloop
  endfacet
  facet normal 0 0 -1
    outer loop
      vertex 18.352590699492296 -4.917561856947894 0
      vertex 18.352590699492296 4.917561856947894 0
      vertex 18.634920327661376 3.7067161183064368 0
    endloop
  endfacet
  facet normal 0 0 -1
    outer loop
      vertex 16.454482671904334 -9.5 0
      vertex 16.454482671904334 9.5 0
      vertex 17.040582089121077 8.403485114161025 0
    endloop
  endfacet
  facet normal 0 0 -1
    outer loop
      vertex 17.040582089121077 -8.403485114161025 0
      vertex 17.040582089121077 8.403485114161025 0
      vertex 17.55371111771445 7.270985214936706 0
    endloop
  endfacet
  facet normal 0.9994645874763658 0.03271908282177532 0
    outer loop
      vertex 19 0 0
      vertex 18.959319541533468 1.2426594553727182 0
      vertex 19 0 60
    endloop
  endfacet
  facet normal 0.9951847266721967 0.09801714032956198 0
    outer loop
      vertex 18.959319541533468 1.2426594553727182 0
      vertex 18.837452366102397 2.47999765218098 0
      vertex 18.959319541533468 1.2426594553727182 60
    endloop
  endfacet
  facet normal 0.9866433320848788 0.16289547339458987 0
    outer loop
      vertex 18.837452366102397 2.47999765218098 0
      vertex 18.634920327661376 3.7067161183064368 0
      vertex 18.837452366102397 2.47999765218098 60
    endloop
  endfacet
  facet normal 0.9738769792773337 0.22707626303437248 0
    outer loop
      vertex 18.634920327661376 3.7067161183064368 0
      vertex 18.352590699492296 4.917561856947894 0
      vertex 18.634920327661376 3.7067161183064368 60
    endloop
  endfacet
  facet normal 0.9569403357322096 0.2902846772544597 0
    outer loop
      vertex 18.352590699492296 4.917561856947894 0
      vertex 17.99167246040701 6.107349840760071 0
      vertex 18.352590699492296 4.917561856947894 60
    endloop
  endfacet
  facet normal 0.9359059267573255 0.35225004792123416 0
    outer loop
      vertex 17.99167246040701 6.107349840760071 0
      vertex 17.55371111771445 7.270985214936706 0
      vertex 17.99167246040701 6.107349840760071 60
    endloop
  endfacet
  facet normal 0.9108638249211753 0.4127070298043958 0
    outer loop
      vertex 17.55371111771445 7.270985214936706 0
      vertex 17.040582089121077 8.403485114161025 0
      vertex 17.55371111771445 7.270985214936706 60
    endloop
  endfacet
  facet normal 0.8819212643483548 0.4713967368259982 0
    outer loop
      vertex 17.040582089121077 8.403485114161025 0
      vertex 16.454482671904334 9.5 0
      vertex 17.040582089121077 8.403485114161025 60
    endloop
  endfacet
  facet normal 0.9994645874763658 0.03271908282177532 0
    outer loop
      vertex 18.959319541533468 1.2426594553727182 0
      vertex 18.959319541533468 1.2426594553727182 60
      vertex 19 0 60
    endloop
  endfacet
  facet normal 0.9951847266721967 0.09801714032956198 0
    outer loop
      vertex 18.837452366102397 2.47999765218098 0
      vertex 18.837452366102397 2.47999765218098 60
      vertex 18.959319541533468 1.2426594553727182 60
    endloop
  endfacet
  facet normal 0.9866433320848788 0.16289547339458987 0
    outer loop
      vertex 18.634920327661376 3.7067161183064368 0
      vertex 18.634920327661376 3.7067161183064368 60
      vertex 18.837452366102397 2.47999765218098 60
    endloop
  endfacet
  facet normal 0.9738769792773337 0.22707626303437248 0
    outer loop
      vertex 18.352590699492296 4.917561856947894 0
      vertex 18.352590699492296 4.917561856947894 60
      vertex 18.634920327661376 3.7067161183064368 60
    endloop
  endfacet
  facet normal 0.9359059267573255 0.35225004792123416 0
    outer loop
      vertex 17.55371111771445 7.270985214936706 0
      vertex 17.55371111771445 7.270985214936706 60
      vertex 17.99167246040701 6.107349840760071 60
    endloop
  endfacet
  facet normal 0.9569403357322096 0.2902846772544597 0
    outer loop
      vertex 17.99167246040701 6.107349840760071 0
      vertex 17.99167246040701 6.107349840760071 60
      vertex 18.352590699492296 4.917561856947894 60
    endloop
  endfacet
  facet normal 0.9108638249211753 0.4127070298043958 0
    outer loop
      vertex 17.040582089121077 8.403485114161025 0
      vertex 17.040582089121077 8.403485114161025 60
      vertex 17.55371111771445 7.270985214936706 60
    endloop
  endfacet
  facet normal 0.8819212643483548 0.4713967368259982 0
    outer loop
      vertex 16.454482671904334 9.5 0
      vertex 16.454482671904334 9.5 60
      vertex 17.040582089121077 8.403485114161025 60
    endloop
  endfacet
  facet normal 0.6835923020228711 0.7298640726978359 0
    outer loop
      vertex 13.435028842544403 13.435028842544403 0
      vertex 12.527570486901308 14.284956342100571 0
      vertex 12.527570486901308 14.284956342100571 60
    endloop
  endfacet
  facet normal 0.7298640726978359 0.6835923020228711 0
    outer loop
      vertex 13.435028842544403 13.435028842544403 0
      vertex 14.284956342100571 12.527570486901308 60
      vertex 14.284956342100571 12.527570486901308 0
    endloop
  endfacet
  facet normal 0.5280678506503671 0.8492021815265793 0
    outer loop
      vertex 9.5 16.454482671904334 0
      vertex 9.5 16.454482671904334 60
      vertex 10.555834427372442 15.79792263374836 0
    endloop
  endfacet
  facet normal 0.5824776968678027 0.8128466845916148 0
    outer loop
      vertex 10.555834427372442 15.79792263374836 0
      vertex 10.555834427372442 15.79792263374836 60
      vertex 11.566467151165693 15.073713465533467 0
    endloop
  endfacet
  facet normal 0.6343932841636454 0.7730104533627369 0
    outer loop
      vertex 11.566467151165693 15.073713465533467 0
      vertex 11.566467151165693 15.073713465533467 60
      vertex 12.527570486901308 14.284956342100571 0
    endloop
  endfacet
  facet normal 0.8492021815265793 0.5280678506503671 0
    outer loop
      vertex 15.79792263374836 10.555834427372442 0
      vertex 16.454482671904334 9.5 60
      vertex 16.454482671904334 9.5 0
    endloop
  endfacet
  facet normal 0.8128466845916148 0.5824776968678027 0
    outer loop
      vertex 15.073713465533467 11.566467151165693 0
      vertex 15.79792263374836 10.555834427372442 60
      vertex 15.79792263374836 10.555834427372442 0
    endloop
  endfacet
  facet normal 0.7730104533627369 0.6343932841636454 0
    outer loop
      vertex 15.073713465533467 11.566467151165693 0
      vertex 14.284956342100571 12.527570486901308 0
      vertex 15.073713465533467 11.566467151165693 60
    endloop
  endfacet
  facet normal 0.6835923020228711 0.7298640726978359 0
    outer loop
      vertex 13.435028842544403 13.435028842544403 0
      vertex 12.527570486901308 14.284956342100571 60
      vertex 13.435028842544403 13.435028842544403 60
    endloop
  endfacet
  facet normal 0.7298640726978359 0.6835923020228711 0
    outer loop
      vertex 13.435028842544403 13.435028842544403 0
      vertex 13.435028842544403 13.435028842544403 60
      vertex 14.284956342100571 12.527570486901308 60
    endloop
  endfacet
  facet normal 0.5280678506503671 0.8492021815265793 0
    outer loop
      vertex 10.555834427372442 15.79792263374836 0
      vertex 9.5 16.454482671904334 60
      vertex 10.555834427372442 15.79792263374836 60
    endloop
  endfacet
  facet normal 0.5824776968678027 0.8128466845916148 0
    outer loop
      vertex 11.566467151165693 15.073713465533467 0
      vertex 10.555834427372442 15.79792263374836 60
      vertex 11.566467151165693 15.073713465533467 60
    endloop
  endfacet
  facet normal 0.6343932841636454 0.7730104533627369 0
    outer loop
      vertex 12.527570486901308 14.284956342100571 0
      vertex 11.566467151165693 15.073713465533467 60
      vertex 12.527570486901308 14.284956342100571 60
    endloop
  endfacet
  facet normal 0.8128466845916148 0.5824776968678027 0
    outer loop
      vertex 15.073713465533467 11.566467151165693 0
      vertex 15.073713465533467 11.566467151165693 60
      vertex 15.79792263374836 10.555834427372442 60
    endloop
  endfacet
  facet normal 0.8492021815265793 0.5280678506503671 0
    outer loop
      vertex 15.79792263374836 10.555834427372442 0
      vertex 15.79792263374836 10.555834427372442 60
      vertex 16.454482671904334 9.5 60
    endloop
  endfacet
  facet normal 0.7730104533627369 0.6343932841636454 0
    outer loop
      vertex 14.284956342100571 12.527570486901308 0
      vertex 14.284956342100571 12.527570486901308 60
      vertex 15.073713465533467 11.566467151165693 60
    endloop
  endfacet
  facet normal 0 0 1
    outer loop
      vertex 2.7 4.676537180435969 60
      vertex 2.47999765218098 18.837452366102397 60
      vertex 2.3883589271826073 4.843112804276517 60
    endloop
  endfacet
  facet normal 0 0 1
    outer loop
      vertex 2.7 4.676537180435969 60
      vertex 3.0000792583058518 4.489935906433745 60
      vertex 2.47999765218098 18.837452366102397 60
    endloop
  endfacet
  facet normal 0 0 1
    outer loop
      vertex 3.0000792583058518 4.489935906433745 60
      vertex 3.2873117166470918 4.28410803757267 60
      vertex 3.7067161183064368 18.634920327661376 60
    endloop
  endfacet
  facet normal 0 0 1
    outer loop
      vertex 3.560467401540372 4.059934960386478 60
      vertex 3.7067161183064368 18.634920327661376 60
      vertex 3.2873117166470918 4.28410803757267 60
    endloop
  endfacet
  facet normal 0 0 1
    outer loop
      vertex 4.28410803757267 3.2873117166470918 60
      vertex 4.489935906433745 3.0000792583058518 60
      vertex 4.917561856947894 18.352590699492296 60
    endloop
  endfacet
  facet normal 0 0 1
    outer loop
      vertex 4.676537180435969 2.7 60
      vertex 4.917561856947894 18.352590699492296 60
      vertex 4.489935906433745 3.0000792583058518 60
    endloop
  endfacet
  facet normal 0 0 1
    outer loop
      vertex 3.560467401540372 4.059934960386478 60
      vertex 3.818376618407357 3.818376618407357 60
      vertex 3.7067161183064368 18.634920327661376 60
    endloop
  endfacet
  facet normal 0 0 1
    outer loop
      vertex 4.059934960386478 3.560467401540372 60
      vertex 4.28410803757267 3.2873117166470918 60
      vertex 3.7067161183064368 18.634920327661376 60
    endloop
  endfacet
  facet normal 0 0 1
    outer loop
      vertex 4.059934960386478 3.560467401540372 60
      vertex 3.7067161183064368 18.634920327661376 60
      vertex 3.818376618407357 3.818376618407357 60
    endloop
  endfacet
  facet normal 0 0 1
    outer loop
      vertex 6.107349840760071 -17.99167246040701 60
      vertex 4.917561856947894 18.352590699492296 60
      vertex 5.4 0 60
    endloop
  endfacet
  facet normal 0 0 1
    outer loop
      vertex 5.4 0 60
      vertex 4.917561856947894 18.352590699492296 60
      vertex 5.388438185488459 0.35317689784277256 60
    endloop
  endfacet
  facet normal 0 0 1
    outer loop
      vertex 5.388438185488459 0.35317689784277256 60
      vertex 4.917561856947894 18.352590699492296 60
      vertex 5.353802251418577 0.7048414379882786 60
    endloop
  endfacet
  facet normal 0 0 1
    outer loop
      vertex 5.296240514177445 1.0534877388870927 60
      vertex 5.353802251418577 0.7048414379882786 60
      vertex 4.917561856947894 18.352590699492296 60
    endloop
  endfacet
  facet normal 0 0 1
    outer loop
      vertex 5.296240514177445 1.0534877388870927 60
      vertex 4.917561856947894 18.352590699492296 60
      vertex 5.215999461960969 1.397622843553612 60
    endloop
  endfacet
  facet normal 0 0 1
    outer loop
      vertex 6.107349840760071 -17.99167246040701 60
      vertex 6.107349840760071 17.99167246040701 60
      vertex 4.917561856947894 18.352590699492296 60
    endloop
  endfacet
  facet normal 0 0 1
    outer loop
      vertex 7.270985214936706 -17.55371111771445 60
      vertex 7.270985214936706 17.55371111771445 60
      vertex 6.107349840760071 17.99167246040701 60
    endloop
  endfacet
  facet normal 0 0 1
    outer loop
      vertex 5.113422699273571 1.7357731126370728 60
      vertex 4.917561856947894 18.352590699492296 60
      vertex 4.988949475560949 2.066490534771485 60
    endloop
  endfacet
  facet normal 0 0 1
    outer loop
      vertex 4.988949475560949 2.066490534771485 60
      vertex 4.917561856947894 18.352590699492296 60
      vertex 4.843112804276517 2.3883589271826073 60
    endloop
  endfacet
  facet normal 0 0 1
    outer loop
      vertex 5.215999461960969 1.397622843553612 60
      vertex 4.917561856947894 18.352590699492296 60
      vertex 5.113422699273571 1.7357731126370728 60
    endloop
  endfacet
  facet normal 0 0 1
    outer loop
      vertex 4.676537180435969 2.7 60
      vertex 4.843112804276517 2.3883589271826073 60
      vertex 4.917561856947894 18.352590699492296 60
    endloop
  endfacet
  facet normal 0 0 1
    outer loop
      vertex 8.403485114161025 -17.040582089121077 60
      vertex 8.403485114161025 17.040582089121077 60
      vertex 7.270985214936706 17.55371111771445 60
    endloop
  endfacet
  facet normal 0 0 1
    outer loop
      vertex 9.5 -16.454482671904334 60
      vertex 9.5 16.454482671904334 60
      vertex 8.403485114161025 17.040582089121077 60
    endloop
  endfacet
  facet normal 0 0 1
    outer loop
      vertex 0 5.4 60
      vertex 0.35317689784277256 5.388438185488459 60
      vertex 0 19 60
    endloop
  endfacet
  facet normal 0 0 1
    outer loop
      vertex 0.35317689784277256 5.388438185488459 60
      vertex 0.7048414379882786 5.353802251418577 60
      vertex 0 19 60
    endloop
  endfacet
  facet normal 0 0 1
    outer loop
      vertex 1.0534877388870927 5.296240514177445 60
      vertex 1.2426594553727182 18.959319541533468 60
      vertex 0.7048414379882786 5.353802251418577 60
    endloop
  endfacet
  facet normal 0 0 1
    outer loop
      vertex 1.397622843553612 5.215999461960969 60
      vertex 1.7357731126370728 5.113422699273571 60
      vertex 1.2426594553727182 18.959319541533468 60
    endloop
  endfacet
  facet normal 0 0 1
    outer loop
      vertex 1.0534877388870927 5.296240514177445 60
      vertex 1.397622843553612 5.215999461960969 60
      vertex 1.2426594553727182 18.959319541533468 60
    endloop
  endfacet
  facet normal 0 0 1
    outer loop
      vertex 1.7357731126370728 5.113422699273571 60
      vertex 2.066490534771485 4.988949475560949 60
      vertex 2.47999765218098 18.837452366102397 60
    endloop
  endfacet
  facet normal 0 0 1
    outer loop
      vertex 2.066490534771485 4.988949475560949 60
      vertex 2.3883589271826073 4.843112804276517 60
      vertex 2.47999765218098 18.837452366102397 60
    endloop
  endfacet
  facet normal 0 0 1
    outer loop
      vertex 3.0000792583058518 4.489935906433745 60
      vertex 3.7067161183064368 18.634920327661376 60
      vertex 2.47999765218098 18.837452366102397 60
    endloop
  endfacet
  facet normal 0 0 1
    outer loop
      vertex 4.28410803757267 3.2873117166470918 60
      vertex 4.917561856947894 18.352590699492296 60
      vertex 3.7067161183064368 18.634920327661376 60
    endloop
  endfacet
  facet normal 0 0 1
    outer loop
      vertex 0.7048414379882786 5.353802251418577 60
      vertex 1.2426594553727182 18.959319541533468 60
      vertex 0 19 60
    endloop
  endfacet
  facet normal 0 0 1
    outer loop
      vertex 1.7357731126370728 5.113422699273571 60
      vertex 2.47999765218098 18.837452366102397 60
      vertex 1.2426594553727182 18.959319541533468 60
    endloop
  endfacet
  facet normal 0 0 1
    outer loop
      vertex 14.284956342100571 -12.527570486901308 60
      vertex 14.284956342100571 12.527570486901308 60
      vertex 13.435028842544403 13.435028842544403 60
    endloop
  endfacet
  facet normal 0 0 1
    outer loop
      vertex 10.555834427372442 -15.79792263374836 60
      vertex 10.555834427372442 15.79792263374836 60
      vertex 9.5 16.454482671904334 60
    endloop
  endfacet
  facet normal 0 0 1
    outer loop
      vertex 11.566467151165693 -15.073713465533467 60
      vertex 11.566467151165693 15.073713465533467 60
      vertex 10.555834427372442 15.79792263374836 60
    endloop
  endfacet
  facet normal 0 0 1
    outer loop
      vertex 12.527570486901308 -14.284956342100571 60
      vertex 12.527570486901308 14.284956342100571 60
      vertex 11.566467151165693 15.073713465533467 60
    endloop
  endfacet
  facet normal 0 0 1
    outer loop
      vertex 13.435028842544403 -13.435028842544403 60
      vertex 13.435028842544403 13.435028842544403 60
      vertex 12.527570486901308 14.284956342100571 60
    endloop
  endfacet
  facet normal 0 0 1
    outer loop
      vertex 15.073713465533467 -11.566467151165693 60
      vertex 15.073713465533467 11.566467151165693 60
      vertex 14.284956342100571 12.527570486901308 60
    endloop
  endfacet
  facet normal 0 0 1
    outer loop
      vertex 16.454482671904334 -9.5 60
      vertex 16.454482671904334 9.5 60
      vertex 15.79792263374836 10.555834427372442 60
    endloop
  endfacet
  facet normal 0 0 1
    outer loop
      vertex 15.79792263374836 -10.555834427372442 60
      vertex 15.79792263374836 10.555834427372442 60
      vertex 15.073713465533467 11.566467151165693 60
    endloop
  endfacet
  facet normal 0 0 1
    outer loop
      vertex 18.959319541533468 -1.2426594553727182 60
      vertex 19 0 60
      vertex 18.959319541533468 1.2426594553727182 60
    endloop
  endfacet
  facet normal 0 0 1
    outer loop
      vertex 18.959319541533468 -1.2426594553727182 60
      vertex 18.959319541533468 1.2426594553727182 60
      vertex 18.837452366102397 2.47999765218098 60
    endloop
  endfacet
  facet normal 0 0 1
    outer loop
      vertex 18.352590699492296 -4.917561856947894 60
      vertex 18.352590699492296 4.917561856947894 60
      vertex 17.99167246040701 6.107349840760071 60
    endloop
  endfacet
  facet normal 0 0 1
    outer loop
      vertex 18.634920327661376 -3.7067161183064368 60
      vertex 18.634920327661376 3.7067161183064368 60
      vertex 18.352590699492296 4.917561856947894 60
    endloop
  endfacet
  facet normal 0 0 1
    outer loop
      vertex 18.837452366102397 -2.47999765218098 60
      vertex 18.837452366102397 2.47999765218098 60
      vertex 18.634920327661376 3.7067161183064368 60
    endloop
  endfacet
  facet normal 0 0 1
    outer loop
      vertex 17.040582089121077 -8.403485114161025 60
      vertex 17.040582089121077 8.403485114161025 60
      vertex 16.454482671904334 9.5 60
    endloop
  endfacet
  facet normal 0 0 1
    outer loop
      vertex 17.55371111771445 -7.270985214936706 60
      vertex 17.55371111771445 7.270985214936706 60
      vertex 17.040582089121077 8.403485114161025 60
    endloop
  endfacet
  facet normal 0 0 1
    outer loop
      vertex 17.99167246040701 -6.107349840760071 60
      vertex 17.99167246040701 6.107349840760071 60
      vertex 17.55371111771445 7.270985214936706 60
    endloop
  endfacet
  facet normal 0.729864072697836 0.6835923020228709 0
    outer loop
      vertex -11.277597112184662 -9.890187226501032 4
      vertex -11.277597112184662 -9.890187226501032 56
      vertex -10.606601717798213 -10.606601717798213 4
    endloop
  endfacet
  facet normal 0.6835923020228709 0.729864072697836 0
    outer loop
      vertex -9.890187226501032 -11.277597112184662 4
      vertex -10.606601717798213 -10.606601717798213 4
      vertex -9.890187226501032 -11.277597112184662 56
    endloop
  endfacet
  facet normal 0.773010453362737 0.6343932841636454 0
    outer loop
      vertex -11.277597112184662 -9.890187226501032 4
      vertex -11.900300104368528 -9.13142143513081 56
      vertex -11.277597112184662 -9.890187226501032 56
    endloop
  endfacet
  facet normal 0.729864072697836 0.6835923020228709 0
    outer loop
      vertex -10.606601717798213 -10.606601717798213 4
      vertex -11.277597112184662 -9.890187226501032 56
      vertex -10.606601717798213 -10.606601717798213 56
    endloop
  endfacet
  facet normal 0.6835923020228709 0.729864072697836 0
    outer loop
      vertex -10.606601717798213 -10.606601717798213 4
      vertex -10.606601717798213 -10.606601717798213 56
      vertex -9.890187226501032 -11.277597112184662 56
    endloop
  endfacet
  facet normal 0.6343932841636454 0.773010453362737 0
    outer loop
      vertex -9.890187226501032 -11.277597112184662 4
      vertex -9.890187226501032 -11.277597112184662 56
      vertex -9.13142143513081 -11.900300104368528 56
    endloop
  endfacet
  facet normal 0 0 1
    outer loop
      vertex -14.488887394336025 -3.882285676537811 4
      vertex -14.203951942426585 -4.821591979547424 4
      vertex -14.203951942426585 4.821591979547424 4
    endloop
  endfacet
  facet normal 0 0 1
    outer loop
      vertex -14.871672920607155 -1.9578928833007736 4
      vertex -14.871672920607155 1.9578928833007736 4
      vertex -14.967883848579053 -0.981046938452146 4
    endloop
  endfacet
  facet normal 0 0 1
    outer loop
      vertex -14.488887394336025 -3.882285676537811 4
      vertex -14.488887394336025 3.882285676537811 4
      vertex -14.711779206048456 -2.9263548302419236 4
    endloop
  endfacet
  facet normal 0 0 1
    outer loop
      vertex -14.711779206048456 -2.9263548302419236 4
      vertex -14.711779206048456 2.9263548302419236 4
      vertex -14.871672920607155 -1.9578928833007736 4
    endloop
  endfacet
  facet normal 0 0 1
    outer loop
      vertex -12.472044184538179 -8.333553495294034 4
      vertex -12.472044184538179 8.333553495294034 4
      vertex -12.990381056766578 -7.5 4
    endloop
  endfacet
  facet normal 0 0 1
    outer loop
      vertex -12.472044184538179 -8.333553495294034 4
      vertex -11.900300104368528 -9.13142143513081 4
      vertex -11.900300104368528 9.13142143513081 4
    endloop
  endfacet
  facet normal 0 0 1
    outer loop
      vertex -13.858192987669302 -5.740251485476347 4
      vertex -13.858192987669302 5.740251485476347 4
      vertex -14.203951942426585 -4.821591979547424 4
    endloop
  endfacet
  facet normal 0 0 1
    outer loop
      vertex -13.453091122990324 -6.634330353285019 4
      vertex -13.453091122990324 6.634330353285019 4
      vertex -13.858192987669302 -5.740251485476347 4
    endloop
  endfacet
  facet normal 0 0 1
    outer loop
      vertex -12.990381056766578 -7.5 4
      vertex -12.990381056766578 7.5 4
      vertex -13.453091122990324 -6.634330353285019 4
    endloop
  endfacet
  facet normal 0 0 1
    outer loop
      vertex -11.277597112184662 -9.890187226501032 4
      vertex -11.277597112184662 9.890187226501032 4
      vertex -11.900300104368528 -9.13142143513081 4
    endloop
  endfacet
  facet normal 0 0 1
    outer loop
      vertex -11.277597112184662 -9.890187226501032 4
      vertex -10.606601717798213 -10.606601717798213 4
      vertex -10.606601717798213 10.606601717798213 4
    endloop
  endfacet
  facet normal 0 0 1
    outer loop
      vertex -9.890187226501032 -11.277597112184662 4
      vertex -9.890187226501032 11.277597112184662 4
      vertex -10.606601717798213 -10.606601717798213 4
    endloop
  endfacet
  facet normal 0.9569403357322086 0.2902846772544632 0
    outer loop
      vertex -14.488887394336025 -3.882285676537811 4
      vertex -14.488887394336025 -3.882285676537811 56
      vertex -14.203951942426585 -4.821591979547424 4
    endloop
  endfacet
  facet normal 0.9738769792773341 0.22707626303437203 0
    outer loop
      vertex -14.488887394336025 -3.882285676537811 4
      vertex -14.711779206048456 -2.9263548302419236 4
      vertex -14.711779206048456 -2.9263548302419236 56
    endloop
  endfacet
  facet normal 0.9951847266721967 0.09801714032956187 0
    outer loop
      vertex -14.871672920607155 -1.9578928833007736 4
      vertex -14.967883848579053 -0.981046938452146 4
      vertex -14.967883848579053 -0.981046938452146 56
    endloop
  endfacet
  facet normal 0.9866433320848791 0.16289547339458804 0
    outer loop
      vertex -14.711779206048456 -2.9263548302419236 4
      vertex -14.871672920607155 -1.9578928833007736 4
      vertex -14.871672920607155 -1.9578928833007736 56
    endloop
  endfacet
  facet normal 0.9994645874763657 0.03271908282177589 0
    outer loop
      vertex -14.967883848579053 -0.981046938452146 4
      vertex -15 0 4
      vertex -15 0 56
    endloop
  endfacet
  facet normal 0.9569403357322086 0.2902846772544632 0
    outer loop
      vertex -14.203951942426585 -4.821591979547424 4
      vertex -14.488887394336025 -3.882285676537811 56
      vertex -14.203951942426585 -4.821591979547424 56
    endloop
  endfacet
  facet normal 0.9738769792773341 0.22707626303437203 0
    outer loop
      vertex -14.488887394336025 -3.882285676537811 4
      vertex -14.711779206048456 -2.9263548302419236 56
      vertex -14.488887394336025 -3.882285676537811 56
    endloop
  endfacet
  facet normal 0.9866433320848791 0.16289547339458804 0
    outer loop
      vertex -14.711779206048456 -2.9263548302419236 4
      vertex -14.871672920607155 -1.9578928833007736 56
      vertex -14.711779206048456 -2.9263548302419236 56
    endloop
  endfacet
  facet normal 0.9951847266721967 0.09801714032956187 0
    outer loop
      vertex -14.871672920607155 -1.9578928833007736 4
      vertex -14.967883848579053 -0.981046938452146 56
      vertex -14.871672920607155 -1.9578928833007736 56
    endloop
  endfacet
  facet normal 0.9994645874763657 0.03271908282177589 0
    outer loop
      vertex -14.967883848579053 -0.981046938452146 4
      vertex -15 0 56
      vertex -14.967883848579053 -0.981046938452146 56
    endloop
  endfacet
  facet normal 0.812846684591615 0.5824776968678025 0
    outer loop
      vertex -12.472044184538179 -8.333553495294034 4
      vertex -12.472044184538179 -8.333553495294034 56
      vertex -11.900300104368528 -9.13142143513081 4
    endloop
  endfacet
  facet normal 0.8492021815265797 0.5280678506503667 0
    outer loop
      vertex -12.472044184538179 -8.333553495294034 4
      vertex -12.990381056766578 -7.5 4
      vertex -12.990381056766578 -7.5 56
    endloop
  endfacet
  facet normal 0.9108638249211756 0.4127070298043954 0
    outer loop
      vertex -13.453091122990324 -6.634330353285019 4
      vertex -13.858192987669302 -5.740251485476347 4
      vertex -13.858192987669302 -5.740251485476347 56
    endloop
  endfacet
  facet normal 0.8819212643483545 0.4713967368259986 0
    outer loop
      vertex -12.990381056766578 -7.5 4
      vertex -13.453091122990324 -6.634330353285019 4
      vertex -13.453091122990324 -6.634330353285019 56
    endloop
  endfacet
  facet normal 0.935905926757326 0.3522500479212331 0
    outer loop
      vertex -13.858192987669302 -5.740251485476347 4
      vertex -14.203951942426585 -4.821591979547424 4
      vertex -14.203951942426585 -4.821591979547424 56
    endloop
  endfacet
  facet normal 0.773010453362737 0.6343932841636454 0
    outer loop
      vertex -11.277597112184662 -9.890187226501032 4
      vertex -11.900300104368528 -9.13142143513081 4
      vertex -11.900300104368528 -9.13142143513081 56
    endloop
  endfacet
  facet normal 0.8819212643483545 0.4713967368259986 0
    outer loop
      vertex -12.990381056766578 -7.5 4
      vertex -13.453091122990324 -6.634330353285019 56
      vertex -12.990381056766578 -7.5 56
    endloop
  endfacet
  facet normal 0.812846684591615 0.5824776968678025 0
    outer loop
      vertex -11.900300104368528 -9.13142143513081 4
      vertex -12.472044184538179 -8.333553495294034 56
      vertex -11.900300104368528 -9.13142143513081 56
    endloop
  endfacet
  facet normal 0.8492021815265797 0.5280678506503667 0
    outer loop
      vertex -12.472044184538179 -8.333553495294034 4
      vertex -12.990381056766578 -7.5 56
      vertex -12.472044184538179 -8.333553495294034 56
    endloop
  endfacet
  facet normal 0.9108638249211756 0.4127070298043954 0
    outer loop
      vertex -13.453091122990324 -6.634330353285019 4
      vertex -13.858192987669302 -5.740251485476347 56
      vertex -13.453091122990324 -6.634330353285019 56
    endloop
  endfacet
  facet normal 0.935905926757326 0.3522500479212331 0
    outer loop
      vertex -13.858192987669302 -5.740251485476347 4
      vertex -14.203951942426585 -4.821591979547424 56
      vertex -13.858192987669302 -5.740251485476347 56
    endloop
  endfacet
  facet normal 0.5824776968678025 0.812846684591615 0
    outer loop
      vertex -9.13142143513081 -11.900300104368528 4
      vertex -8.333553495294034 -12.472044184538179 56
      vertex -8.333553495294034 -12.472044184538179 4
    endloop
  endfacet
  facet normal 0.5280678506503667 0.8492021815265797 0
    outer loop
      vertex -8.333553495294034 -12.472044184538179 4
      vertex -7.5 -12.990381056766578 56
      vertex -7.5 -12.990381056766578 4
    endloop
  endfacet
  facet normal 0.6343932841636454 0.773010453362737 0
    outer loop
      vertex -9.890187226501032 -11.277597112184662 4
      vertex -9.13142143513081 -11.900300104368528 56
      vertex -9.13142143513081 -11.900300104368528 4
    endloop
  endfacet
  facet normal 0.4713967368259986 0.8819212643483545 0
    outer loop
      vertex -7.5 -12.990381056766578 4
      vertex -6.634330353285019 -13.453091122990324 56
      vertex -6.634330353285019 -13.453091122990324 4
    endloop
  endfacet
  facet normal 0.4127070298043954 0.9108638249211756 0
    outer loop
      vertex -6.634330353285019 -13.453091122990324 4
      vertex -5.740251485476347 -13.858192987669302 56
      vertex -5.740251485476347 -13.858192987669302 4
    endloop
  endfacet
  facet normal 0.3522500479212331 0.935905926757326 0
    outer loop
      vertex -5.740251485476347 -13.858192987669302 4
      vertex -4.821591979547424 -14.203951942426585 56
      vertex -4.821591979547424 -14.203951942426585 4
    endloop
  endfacet
  facet normal 0.5824776968678025 0.812846684591615 0
    outer loop
      vertex -9.13142143513081 -11.900300104368528 4
      vertex -9.13142143513081 -11.900300104368528 56
      vertex -8.333553495294034 -12.472044184538179 56
    endloop
  endfacet
  facet normal 0.4713967368259986 0.8819212643483545 0
    outer loop
      vertex -7.5 -12.990381056766578 4
      vertex -7.5 -12.990381056766578 56
      vertex -6.634330353285019 -13.453091122990324 56
    endloop
  endfacet
  facet normal 0.5280678506503667 0.8492021815265797 0
    outer loop
      vertex -8.333553495294034 -12.472044184538179 4
      vertex -8.333553495294034 -12.472044184538179 56
      vertex -7.5 -12.990381056766578 56
    endloop
  endfacet
  facet normal 0.4127070298043954 0.9108638249211756 0
    outer loop
      vertex -6.634330353285019 -13.453091122990324 4
      vertex -6.634330353285019 -13.453091122990324 56
      vertex -5.740251485476347 -13.858192987669302 56
    endloop
  endfacet
  facet normal 0.3522500479212331 0.935905926757326 0
    outer loop
      vertex -5.740251485476347 -13.858192987669302 4
      vertex -5.740251485476347 -13.858192987669302 56
      vertex -4.821591979547424 -14.203951942426585 56
    endloop
  endfacet
  facet normal 0.2902846772544632 0.9569403357322086 0
    outer loop
      vertex -4.821591979547424 -14.203951942426585 4
      vertex -3.882285676537811 -14.488887394336025 56
      vertex -3.882285676537811 -14.488887394336025 4
    endloop
  endfacet
  facet normal 0.22707626303437203 0.9738769792773341 0
    outer loop
      vertex -3.882285676537811 -14.488887394336025 4
      vertex -2.9263548302419236 -14.711779206048456 56
      vertex -2.9263548302419236 -14.711779206048456 4
    endloop
  endfacet
  facet normal 0.16289547339458804 0.9866433320848791 0
    outer loop
      vertex -2.9263548302419236 -14.711779206048456 4
      vertex -1.9578928833007736 -14.871672920607155 56
      vertex -1.9578928833007736 -14.871672920607155 4
    endloop
  endfacet
  facet normal 0.09801714032956187 0.9951847266721967 0
    outer loop
      vertex -1.9578928833007736 -14.871672920607155 4
      vertex -0.981046938452146 -14.967883848579053 56
      vertex -0.981046938452146 -14.967883848579053 4
    endloop
  endfacet
  facet normal 0.03271908282177589 0.9994645874763657 0
    outer loop
      vertex -0.981046938452146 -14.967883848579053 4
      vertex 0 -15 56
      vertex 0 -15 4
    endloop
  endfacet
  facet normal 0.2902846772544632 0.9569403357322086 0
    outer loop
      vertex -4.821591979547424 -14.203951942426585 4
      vertex -4.821591979547424 -14.203951942426585 56
      vertex -3.882285676537811 -14.488887394336025 56
    endloop
  endfacet
  facet normal 0.22707626303437203 0.9738769792773341 0
    outer loop
      vertex -3.882285676537811 -14.488887394336025 4
      vertex -3.882285676537811 -14.488887394336025 56
      vertex -2.9263548302419236 -14.711779206048456 56
    endloop
  endfacet
  facet normal 0.16289547339458804 0.9866433320848791 0
    outer loop
      vertex -2.9263548302419236 -14.711779206048456 4
      vertex -2.9263548302419236 -14.711779206048456 56
      vertex -1.9578928833007736 -14.871672920607155 56
    endloop
  endfacet
  facet normal 0.09801714032956187 0.9951847266721967 0
    outer loop
      vertex -1.9578928833007736 -14.871672920607155 4
      vertex -1.9578928833007736 -14.871672920607155 56
      vertex -0.981046938452146 -14.967883848579053 56
    endloop
  endfacet
  facet normal 0.03271908282177589 0.9994645874763657 0
    outer loop
      vertex -0.981046938452146 -14.967883848579053 4
      vertex -0.981046938452146 -14.967883848579053 56
      vertex 0 -15 56
    endloop
  endfacet
  facet normal 0 0 1
    outer loop
      vertex -9.890187226501032 -11.277597112184662 4
      vertex -9.13142143513081 -11.900300104368528 4
      vertex -9.13142143513081 11.900300104368528 4
    endloop
  endfacet
  facet normal 0 0 1
    outer loop
      vertex -9.13142143513081 -11.900300104368528 4
      vertex -8.333553495294034 -12.472044184538179 4
      vertex -8.333553495294034 12.472044184538179 4
    endloop
  endfacet
  facet normal 0 0 1
    outer loop
      vertex -8.333553495294034 -12.472044184538179 4
      vertex -7.5 -12.990381056766578 4
      vertex -7.5 12.990381056766578 4
    endloop
  endfacet
  facet normal 0 0 1
    outer loop
      vertex -7.5 -12.990381056766578 4
      vertex -6.634330353285019 -13.453091122990324 4
      vertex -6.634330353285019 13.453091122990324 4
    endloop
  endfacet
  facet normal 0 0 1
    outer loop
      vertex -6.634330353285019 -13.453091122990324 4
      vertex -5.740251485476347 -13.858192987669302 4
      vertex -5.740251485476347 13.858192987669302 4
    endloop
  endfacet
  facet normal 0 0 1
    outer loop
      vertex -5.740251485476347 -13.858192987669302 4
      vertex -4.821591979547424 -14.203951942426585 4
      vertex -4.821591979547424 14.203951942426585 4
    endloop
  endfacet
  facet normal 0 0 1
    outer loop
      vertex -3.882285676537811 -14.488887394336025 4
      vertex -2.9263548302419236 -14.711779206048456 4
      vertex -2.9263548302419236 14.711779206048456 4
    endloop
  endfacet
  facet normal 0 0 1
    outer loop
      vertex -2.9263548302419236 -14.711779206048456 4
      vertex -1.9578928833007736 -14.871672920607155 4
      vertex -1.9578928833007736 14.871672920607155 4
    endloop
  endfacet
  facet normal 0 0 1
    outer loop
      vertex -1.9578928833007736 -14.871672920607155 4
      vertex -0.981046938452146 -14.967883848579053 4
      vertex -0.981046938452146 14.967883848579053 4
    endloop
  endfacet
  facet normal 0 0 1
    outer loop
      vertex -0.981046938452146 -14.967883848579053 4
      vertex 0 -15 4
      vertex 0 15 4
    endloop
  endfacet
  facet normal 0 0 1
    outer loop
      vertex -4.821591979547424 -14.203951942426585 4
      vertex -3.882285676537811 -14.488887394336025 4
      vertex -3.882285676537811 14.488887394336025 4
    endloop
  endfacet
  facet normal 0 0 -1
    outer loop
      vertex -14.488887394336025 -3.882285676537811 56
      vertex -14.711779206048456 -2.9263548302419236 56
      vertex -14.711779206048456 2.9263548302419236 56
    endloop
  endfacet
  facet normal 0 0 -1
    outer loop
      vertex -14.488887394336025 -3.882285676537811 56
      vertex -14.488887394336025 3.882285676537811 56
      vertex -14.203951942426585 -4.821591979547424 56
    endloop
  endfacet
  facet normal 0 0 -1
    outer loop
      vertex -14.871672920607155 -1.9578928833007736 56
      vertex -14.967883848579053 -0.981046938452146 56
      vertex -14.967883848579053 0.981046938452146 56
    endloop
  endfacet
  facet normal 0 0 -1
    outer loop
      vertex -14.711779206048456 -2.9263548302419236 56
      vertex -14.871672920607155 -1.9578928833007736 56
      vertex -14.871672920607155 1.9578928833007736 56
    endloop
  endfacet
  facet normal 0 0 -1
    outer loop
      vertex -12.990381056766578 -7.5 56
      vertex -13.453091122990324 -6.634330353285019 56
      vertex -13.453091122990324 6.634330353285019 56
    endloop
  endfacet
  facet normal 0 0 -1
    outer loop
      vertex -12.472044184538179 -8.333553495294034 56
      vertex -12.990381056766578 -7.5 56
      vertex -12.990381056766578 7.5 56
    endloop
  endfacet
  facet normal 0 0 -1
    outer loop
      vertex -12.472044184538179 -8.333553495294034 56
      vertex -12.472044184538179 8.333553495294034 56
      vertex -11.900300104368528 -9.13142143513081 56
    endloop
  endfacet
  facet normal 0 0 -1
    outer loop
      vertex -13.858192987669302 -5.740251485476347 56
      vertex -14.203951942426585 -4.821591979547424 56
      vertex -14.203951942426585 4.821591979547424 56
    endloop
  endfacet
  facet normal 0 0 -1
    outer loop
      vertex -13.453091122990324 -6.634330353285019 56
      vertex -13.858192987669302 -5.740251485476347 56
      vertex -13.858192987669302 5.740251485476347 56
    endloop
  endfacet
  facet normal 0 0 -1
    outer loop
      vertex -11.277597112184662 -9.890187226501032 56
      vertex -11.900300104368528 -9.13142143513081 56
      vertex -11.900300104368528 9.13142143513081 56
    endloop
  endfacet
  facet normal 0 0 -1
    outer loop
      vertex -11.277597112184662 -9.890187226501032 56
      vertex -11.277597112184662 9.890187226501032 56
      vertex -10.606601717798213 -10.606601717798213 56
    endloop
  endfacet
  facet normal 0 0 -1
    outer loop
      vertex -9.890187226501032 -11.277597112184662 56
      vertex -10.606601717798213 -10.606601717798213 56
      vertex -10.606601717798213 10.606601717798213 56
    endloop
  endfacet
  facet normal 0 0 -1
    outer loop
      vertex -9.890187226501032 -11.277597112184662 56
      vertex -9.890187226501032 11.277597112184662 56
      vertex -9.13142143513081 -11.900300104368528 56
    endloop
  endfacet
  facet normal 0 0 -1
    outer loop
      vertex -5.740251485476347 -13.858192987669302 56
      vertex -5.215999461960969 -1.397622843553612 56
      vertex -4.821591979547424 -14.203951942426585 56
    endloop
  endfacet
  facet normal 0 0 -1
    outer loop
      vertex -4.821591979547424 -14.203951942426585 56
      vertex -4.059934960386478 -3.560467401540372 56
      vertex -3.882285676537811 -14.488887394336025 56
    endloop
  endfacet
  facet normal 0 0 -1
    outer loop
      vertex -3.882285676537811 -14.488887394336025 56
      vertex -3.0000792583058518 -4.489935906433745 56
      vertex -2.9263548302419236 -14.711779206048456 56
    endloop
  endfacet
  facet normal 0 0 -1
    outer loop
      vertex -2.9263548302419236 -14.711779206048456 56
      vertex -2.066490534771485 -4.988949475560949 56
      vertex -1.9578928833007736 -14.871672920607155 56
    endloop
  endfacet
  facet normal 0 0 -1
    outer loop
      vertex -1.9578928833007736 -14.871672920607155 56
      vertex -1.0534877388870927 -5.296240514177445 56
      vertex -0.981046938452146 -14.967883848579053 56
    endloop
  endfacet
  facet normal 0 0 -1
    outer loop
      vertex -0.981046938452146 -14.967883848579053 56
      vertex 0 -5.4 56
      vertex 0 -15 56
    endloop
  endfacet
  facet normal 0 0 -1
    outer loop
      vertex -4.821591979547424 -14.203951942426585 56
      vertex -4.843112804276517 -2.3883589271826073 56
      vertex -4.676537180435969 -2.7 56
    endloop
  endfacet
  facet normal 0 0 -1
    outer loop
      vertex -4.821591979547424 -14.203951942426585 56
      vertex -5.113422699273571 -1.7357731126370728 56
      vertex -4.988949475560949 -2.066490534771485 56
    endloop
  endfacet
  facet normal 0 0 -1
    outer loop
      vertex -4.821591979547424 -14.203951942426585 56
      vertex -4.988949475560949 -2.066490534771485 56
      vertex -4.843112804276517 -2.3883589271826073 56
    endloop
  endfacet
  facet normal 0 0 -1
    outer loop
      vertex -5.740251485476347 -13.858192987669302 56
      vertex -5.296240514177445 -1.0534877388870927 56
      vertex -5.215999461960969 -1.397622843553612 56
    endloop
  endfacet
  facet normal 0 0 -1
    outer loop
      vertex -5.740251485476347 -13.858192987669302 56
      vertex -5.353802251418577 -0.7048414379882786 56
      vertex -5.296240514177445 -1.0534877388870927 56
    endloop
  endfacet
  facet normal 0 0 -1
    outer loop
      vertex -5.740251485476347 -13.858192987669302 56
      vertex -5.388438185488459 -0.35317689784277256 56
      vertex -5.353802251418577 -0.7048414379882786 56
    endloop
  endfacet
  facet normal 0 0 -1
    outer loop
      vertex -4.821591979547424 -14.203951942426585 56
      vertex -5.215999461960969 -1.397622843553612 56
      vertex -5.113422699273571 -1.7357731126370728 56
    endloop
  endfacet
  facet normal 0 0 -1
    outer loop
      vertex -9.13142143513081 -11.900300104368528 56
      vertex -9.13142143513081 11.900300104368528 56
      vertex -8.333553495294034 -12.472044184538179 56
    endloop
  endfacet
  facet normal 0 0 -1
    outer loop
      vertex -8.333553495294034 -12.472044184538179 56
      vertex -8.333553495294034 12.472044184538179 56
      vertex -7.5 -12.990381056766578 56
    endloop
  endfacet
  facet normal 0 0 -1
    outer loop
      vertex -7.5 -12.990381056766578 56
      vertex -7.5 12.990381056766578 56
      vertex -6.634330353285019 -13.453091122990324 56
    endloop
  endfacet
  facet normal 0 0 -1
    outer loop
      vertex -6.634330353285019 -13.453091122990324 56
      vertex -6.634330353285019 13.453091122990324 56
      vertex -5.740251485476347 -13.858192987669302 56
    endloop
  endfacet
  facet normal 0 0 -1
    outer loop
      vertex -5.740251485476347 -13.858192987669302 56
      vertex -5.4 0 56
      vertex -5.388438185488459 -0.35317689784277256 56
    endloop
  endfacet
  facet normal 0 0 -1
    outer loop
      vertex -3.882285676537811 -14.488887394336025 56
      vertex -4.059934960386478 -3.560467401540372 56
      vertex -3.818376618407357 -3.818376618407357 56
    endloop
  endfacet
  facet normal 0 0 -1
    outer loop
      vertex -3.882285676537811 -14.488887394336025 56
      vertex -3.818376618407357 -3.818376618407357 56
      vertex -3.560467401540372 -4.059934960386478 56
    endloop
  endfacet
  facet normal 0 0 -1
    outer loop
      vertex -3.882285676537811 -14.488887394336025 56
      vertex -3.560467401540372 -4.059934960386478 56
      vertex -3.2873117166470918 -4.28410803757267 56
    endloop
  endfacet
  facet normal 0 0 -1
    outer loop
      vertex -3.882285676537811 -14.488887394336025 56
      vertex -3.2873117166470918 -4.28410803757267 56
      vertex -3.0000792583058518 -4.489935906433745 56
    endloop
  endfacet
  facet normal 0 0 -1
    outer loop
      vertex -2.9263548302419236 -14.711779206048456 56
      vertex -3.0000792583058518 -4.489935906433745 56
      vertex -2.7 -4.676537180435969 56
    endloop
  endfacet
  facet normal 0 0 -1
    outer loop
      vertex -2.9263548302419236 -14.711779206048456 56
      vertex -2.7 -4.676537180435969 56
      vertex -2.3883589271826073 -4.843112804276517 56
    endloop
  endfacet
  facet normal 0 0 -1
    outer loop
      vertex -2.9263548302419236 -14.711779206048456 56
      vertex -2.3883589271826073 -4.843112804276517 56
      vertex -2.066490534771485 -4.988949475560949 56
    endloop
  endfacet
  facet normal 0 0 -1
    outer loop
      vertex -4.821591979547424 -14.203951942426585 56
      vertex -4.489935906433745 -3.0000792583058518 56
      vertex -4.28410803757267 -3.2873117166470918 56
    endloop
  endfacet
  facet normal 0 0 -1
    outer loop
      vertex -4.821591979547424 -14.203951942426585 56
      vertex -4.676537180435969 -2.7 56
      vertex -4.489935906433745 -3.0000792583058518 56
    endloop
  endfacet
  facet normal 0 0 -1
    outer loop
      vertex -4.821591979547424 -14.203951942426585 56
      vertex -4.28410803757267 -3.2873117166470918 56
      vertex -4.059934960386478 -3.560467401540372 56
    endloop
  endfacet
  facet normal 0 0 -1
    outer loop
      vertex -1.9578928833007736 -14.871672920607155 56
      vertex -2.066490534771485 -4.988949475560949 56
      vertex -1.7357731126370728 -5.113422699273571 56
    endloop
  endfacet
  facet normal 0 0 -1
    outer loop
      vertex -1.9578928833007736 -14.871672920607155 56
      vertex -1.7357731126370728 -5.113422699273571 56
      vertex -1.397622843553612 -5.215999461960969 56
    endloop
  endfacet
  facet normal 0 0 -1
    outer loop
      vertex -1.9578928833007736 -14.871672920607155 56
      vertex -1.397622843553612 -5.215999461960969 56
      vertex -1.0534877388870927 -5.296240514177445 56
    endloop
  endfacet
  facet normal 0 0 -1
    outer loop
      vertex -0.981046938452146 -14.967883848579053 56
      vertex -1.0534877388870927 -5.296240514177445 56
      vertex -0.7048414379882786 -5.353802251418577 56
    endloop
  endfacet
  facet normal 0 0 -1
    outer loop
      vertex -0.981046938452146 -14.967883848579053 56
      vertex -0.7048414379882786 -5.353802251418577 56
      vertex -0.35317689784277256 -5.388438185488459 56
    endloop
  endfacet
  facet normal 0 0 -1
    outer loop
      vertex -0.981046938452146 -14.967883848579053 56
      vertex -0.35317689784277256 -5.388438185488459 56
      vertex 0 -5.4 56
    endloop
  endfacet
  facet normal 0 0 1
    outer loop
      vertex -14.967883848579053 -0.981046938452146 4
      vertex -14.967883848579053 0.981046938452146 4
      vertex -15 0 4
    endloop
  endfacet
  facet normal 0 0 1
    outer loop
      vertex -14.967883848579053 -0.981046938452146 4
      vertex -14.871672920607155 1.9578928833007736 4
      vertex -14.967883848579053 0.981046938452146 4
    endloop
  endfacet
  facet normal 0 0 1
    outer loop
      vertex -14.871672920607155 -1.9578928833007736 4
      vertex -14.711779206048456 2.9263548302419236 4
      vertex -14.871672920607155 1.9578928833007736 4
    endloop
  endfacet
  facet normal 0 0 1
    outer loop
      vertex -14.711779206048456 -2.9263548302419236 4
      vertex -14.488887394336025 3.882285676537811 4
      vertex -14.711779206048456 2.9263548302419236 4
    endloop
  endfacet
  facet normal 0 0 1
    outer loop
      vertex -14.488887394336025 -3.882285676537811 4
      vertex -14.203951942426585 4.821591979547424 4
      vertex -14.488887394336025 3.882285676537811 4
    endloop
  endfacet
  facet normal 0 0 1
    outer loop
      vertex -14.203951942426585 -4.821591979547424 4
      vertex -13.858192987669302 5.740251485476347 4
      vertex -14.203951942426585 4.821591979547424 4
    endloop
  endfacet
  facet normal 0 0 1
    outer loop
      vertex -13.858192987669302 -5.740251485476347 4
      vertex -13.453091122990324 6.634330353285019 4
      vertex -13.858192987669302 5.740251485476347 4
    endloop
  endfacet
  facet normal 0 0 1
    outer loop
      vertex -13.453091122990324 -6.634330353285019 4
      vertex -12.990381056766578 7.5 4
      vertex -13.453091122990324 6.634330353285019 4
    endloop
  endfacet
  facet normal 0 0 1
    outer loop
      vertex -12.990381056766578 -7.5 4
      vertex -12.472044184538179 8.333553495294034 4
      vertex -12.990381056766578 7.5 4
    endloop
  endfacet
  facet normal 0 0 1
    outer loop
      vertex -12.472044184538179 -8.333553495294034 4
      vertex -11.900300104368528 9.13142143513081 4
      vertex -12.472044184538179 8.333553495294034 4
    endloop
  endfacet
  facet normal 0 0 1
    outer loop
      vertex -11.900300104368528 -9.13142143513081 4
      vertex -11.277597112184662 9.890187226501032 4
      vertex -11.900300104368528 9.13142143513081 4
    endloop
  endfacet
  facet normal 0 0 1
    outer loop
      vertex -11.277597112184662 -9.890187226501032 4
      vertex -10.606601717798213 10.606601717798213 4
      vertex -11.277597112184662 9.890187226501032 4
    endloop
  endfacet
  facet normal 0 0 1
    outer loop
      vertex -10.606601717798213 -10.606601717798213 4
      vertex -9.890187226501032 11.277597112184662 4
      vertex -10.606601717798213 10.606601717798213 4
    endloop
  endfacet
  facet normal 0 0 1
    outer loop
      vertex -9.890187226501032 -11.277597112184662 4
      vertex -9.13142143513081 11.900300104368528 4
      vertex -9.890187226501032 11.277597112184662 4
    endloop
  endfacet
  facet normal 0.9994645874763657 -0.03271908282177589 0
    outer loop
      vertex -15 0 4
      vertex -14.967883848579053 0.981046938452146 4
      vertex -14.967883848579053 0.981046938452146 56
    endloop
  endfacet
  facet normal 0.9951847266721967 -0.09801714032956187 0
    outer loop
      vertex -14.967883848579053 0.981046938452146 4
      vertex -14.871672920607155 1.9578928833007736 4
      vertex -14.871672920607155 1.9578928833007736 56
    endloop
  endfacet
  facet normal 0.9866433320848791 -0.16289547339458804 0
    outer loop
      vertex -14.871672920607155 1.9578928833007736 4
      vertex -14.711779206048456 2.9263548302419236 4
      vertex -14.711779206048456 2.9263548302419236 56
    endloop
  endfacet
  facet normal 0.9738769792773341 -0.22707626303437203 0
    outer loop
      vertex -14.711779206048456 2.9263548302419236 4
      vertex -14.488887394336025 3.882285676537811 4
      vertex -14.488887394336025 3.882285676537811 56
    endloop
  endfacet
  facet normal 0.9569403357322086 -0.2902846772544632 0
    outer loop
      vertex -14.488887394336025 3.882285676537811 4
      vertex -14.203951942426585 4.821591979547424 4
      vertex -14.203951942426585 4.821591979547424 56
    endloop
  endfacet
  facet normal 0.9994645874763657 -0.03271908282177589 0
    outer loop
      vertex -15 0 4
      vertex -14.967883848579053 0.981046938452146 56
      vertex -15 0 56
    endloop
  endfacet
  facet normal 0.9951847266721967 -0.09801714032956187 0
    outer loop
      vertex -14.967883848579053 0.981046938452146 4
      vertex -14.871672920607155 1.9578928833007736 56
      vertex -14.967883848579053 0.981046938452146 56
    endloop
  endfacet
  facet normal 0.9866433320848791 -0.16289547339458804 0
    outer loop
      vertex -14.871672920607155 1.9578928833007736 4
      vertex -14.711779206048456 2.9263548302419236 56
      vertex -14.871672920607155 1.9578928833007736 56
    endloop
  endfacet
  facet normal 0.9738769792773341 -0.22707626303437203 0
    outer loop
      vertex -14.711779206048456 2.9263548302419236 4
      vertex -14.488887394336025 3.882285676537811 56
      vertex -14.711779206048456 2.9263548302419236 56
    endloop
  endfacet
  facet normal 0.9569403357322086 -0.2902846772544632 0
    outer loop
      vertex -14.488887394336025 3.882285676537811 4
      vertex -14.203951942426585 4.821591979547424 56
      vertex -14.488887394336025 3.882285676537811 56
    endloop
  endfacet
  facet normal 0.935905926757326 -0.3522500479212331 0
    outer loop
      vertex -14.203951942426585 4.821591979547424 4
      vertex -13.858192987669302 5.740251485476347 4
      vertex -13.858192987669302 5.740251485476347 56
    endloop
  endfacet
  facet normal 0.9108638249211756 -0.4127070298043954 0
    outer loop
      vertex -13.858192987669302 5.740251485476347 4
      vertex -13.453091122990324 6.634330353285019 4
      vertex -13.453091122990324 6.634330353285019 56
    endloop
  endfacet
  facet normal 0.8819212643483545 -0.4713967368259986 0
    outer loop
      vertex -13.453091122990324 6.634330353285019 4
      vertex -12.990381056766578 7.5 4
      vertex -12.990381056766578 7.5 56
    endloop
  endfacet
  facet normal 0.8492021815265797 -0.5280678506503667 0
    outer loop
      vertex -12.990381056766578 7.5 4
      vertex -12.472044184538179 8.333553495294034 4
      vertex -12.472044184538179 8.333553495294034 56
    endloop
  endfacet
  facet normal 0.812846684591615 -0.5824776968678025 0
    outer loop
      vertex -12.472044184538179 8.333553495294034 4
      vertex -11.900300104368528 9.13142143513081 4
      vertex -11.900300104368528 9.13142143513081 56
    endloop
  endfacet
  facet normal 0.935905926757326 -0.3522500479212331 0
    outer loop
      vertex -14.203951942426585 4.821591979547424 4
      vertex -13.858192987669302 5.740251485476347 56
      vertex -14.203951942426585 4.821591979547424 56
    endloop
  endfacet
  facet normal 0.9108638249211756 -0.4127070298043954 0
    outer loop
      vertex -13.858192987669302 5.740251485476347 4
      vertex -13.453091122990324 6.634330353285019 56
      vertex -13.858192987669302 5.740251485476347 56
    endloop
  endfacet
  facet normal 0.8819212643483545 -0.4713967368259986 0
    outer loop
      vertex -13.453091122990324 6.634330353285019 4
      vertex -12.990381056766578 7.5 56
      vertex -13.453091122990324 6.634330353285019 56
    endloop
  endfacet
  facet normal 0.8492021815265797 -0.5280678506503667 0
    outer loop
      vertex -12.990381056766578 7.5 4
      vertex -12.472044184538179 8.333553495294034 56
      vertex -12.990381056766578 7.5 56
    endloop
  endfacet
  facet normal 0.812846684591615 -0.5824776968678025 0
    outer loop
      vertex -12.472044184538179 8.333553495294034 4
      vertex -11.900300104368528 9.13142143513081 56
      vertex -12.472044184538179 8.333553495294034 56
    endloop
  endfacet
  facet normal 0.773010453362737 -0.6343932841636454 0
    outer loop
      vertex -11.900300104368528 9.13142143513081 4
      vertex -11.277597112184662 9.890187226501032 56
      vertex -11.900300104368528 9.13142143513081 56
    endloop
  endfacet
  facet normal 0.773010453362737 -0.6343932841636454 0
    outer loop
      vertex -11.900300104368528 9.13142143513081 4
      vertex -11.277597112184662 9.890187226501032 4
      vertex -11.277597112184662 9.890187226501032 56
    endloop
  endfacet
  facet normal 0.729864072697836 -0.6835923020228709 0
    outer loop
      vertex -11.277597112184662 9.890187226501032 4
      vertex -10.606601717798213 10.606601717798213 4
      vertex -10.606601717798213 10.606601717798213 56
    endloop
  endfacet
  facet normal 0.6835923020228709 -0.729864072697836 0
    outer loop
      vertex -10.606601717798213 10.606601717798213 4
      vertex -9.890187226501032 11.277597112184662 4
      vertex -10.606601717798213 10.606601717798213 56
    endloop
  endfacet
  facet normal 0.6343932841636454 -0.773010453362737 0
    outer loop
      vertex -9.890187226501032 11.277597112184662 4
      vertex -9.13142143513081 11.900300104368528 4
      vertex -9.890187226501032 11.277597112184662 56
    endloop
  endfacet
  facet normal 0.729864072697836 -0.6835923020228709 0
    outer loop
      vertex -11.277597112184662 9.890187226501032 4
      vertex -10.606601717798213 10.606601717798213 56
      vertex -11.277597112184662 9.890187226501032 56
    endloop
  endfacet
  facet normal 0.6835923020228709 -0.729864072697836 0
    outer loop
      vertex -9.890187226501032 11.277597112184662 4
      vertex -9.890187226501032 11.277597112184662 56
      vertex -10.606601717798213 10.606601717798213 56
    endloop
  endfacet
  facet normal 0 0 1
    outer loop
      vertex -9.13142143513081 -11.900300104368528 4
      vertex -8.333553495294034 12.472044184538179 4
      vertex -9.13142143513081 11.900300104368528 4
    endloop
  endfacet
  facet normal 0 0 1
    outer loop
      vertex -8.333553495294034 -12.472044184538179 4
      vertex -7.5 12.990381056766578 4
      vertex -8.333553495294034 12.472044184538179 4
    endloop
  endfacet
  facet normal 0 0 1
    outer loop
      vertex -7.5 -12.990381056766578 4
      vertex -6.634330353285019 13.453091122990324 4
      vertex -7.5 12.990381056766578 4
    endloop
  endfacet
  facet normal 0 0 1
    outer loop
      vertex -6.634330353285019 -13.453091122990324 4
      vertex -5.740251485476347 13.858192987669302 4
      vertex -6.634330353285019 13.453091122990324 4
    endloop
  endfacet
  facet normal 0 0 1
    outer loop
      vertex -5.740251485476347 -13.858192987669302 4
      vertex -4.821591979547424 14.203951942426585 4
      vertex -5.740251485476347 13.858192987669302 4
    endloop
  endfacet
  facet normal 0 0 1
    outer loop
      vertex -4.821591979547424 -14.203951942426585 4
      vertex -3.882285676537811 14.488887394336025 4
      vertex -4.821591979547424 14.203951942426585 4
    endloop
  endfacet
  facet normal 0 0 1
    outer loop
      vertex -3.882285676537811 -14.488887394336025 4
      vertex -2.9263548302419236 14.711779206048456 4
      vertex -3.882285676537811 14.488887394336025 4
    endloop
  endfacet
  facet normal 0 0 1
    outer loop
      vertex -2.9263548302419236 -14.711779206048456 4
      vertex -1.9578928833007736 14.871672920607155 4
      vertex -2.9263548302419236 14.711779206048456 4
    endloop
  endfacet
  facet normal 0 0 1
    outer loop
      vertex -1.9578928833007736 -14.871672920607155 4
      vertex -0.981046938452146 14.967883848579053 4
      vertex -1.9578928833007736 14.871672920607155 4
    endloop
  endfacet
  facet normal 0 0 1
    outer loop
      vertex -0.981046938452146 -14.967883848579053 4
      vertex 0 15 4
      vertex -0.981046938452146 14.967883848579053 4
    endloop
  endfacet
  facet normal 0.5824776968678025 -0.812846684591615 0
    outer loop
      vertex -9.13142143513081 11.900300104368528 4
      vertex -8.333553495294034 12.472044184538179 4
      vertex -9.13142143513081 11.900300104368528 56
    endloop
  endfacet
  facet normal 0.5280678506503667 -0.8492021815265797 0
    outer loop
      vertex -8.333553495294034 12.472044184538179 4
      vertex -7.5 12.990381056766578 4
      vertex -8.333553495294034 12.472044184538179 56
    endloop
  endfacet
  facet normal 0.4713967368259986 -0.8819212643483545 0
    outer loop
      vertex -7.5 12.990381056766578 4
      vertex -6.634330353285019 13.453091122990324 4
      vertex -7.5 12.990381056766578 56
    endloop
  endfacet
  facet normal 0.4127070298043954 -0.9108638249211756 0
    outer loop
      vertex -6.634330353285019 13.453091122990324 4
      vertex -5.740251485476347 13.858192987669302 4
      vertex -6.634330353285019 13.453091122990324 56
    endloop
  endfacet
  facet normal 0.3522500479212331 -0.935905926757326 0
    outer loop
      vertex -5.740251485476347 13.858192987669302 4
      vertex -4.821591979547424 14.203951942426585 4
      vertex -5.740251485476347 13.858192987669302 56
    endloop
  endfacet
  facet normal 0.6343932841636454 -0.773010453362737 0
    outer loop
      vertex -9.13142143513081 11.900300104368528 4
      vertex -9.13142143513081 11.900300104368528 56
      vertex -9.890187226501032 11.277597112184662 56
    endloop
  endfacet
  facet normal 0.5824776968678025 -0.812846684591615 0
    outer loop
      vertex -8.333553495294034 12.472044184538179 4
      vertex -8.333553495294034 12.472044184538179 56
      vertex -9.13142143513081 11.900300104368528 56
    endloop
  endfacet
  facet normal 0.5280678506503667 -0.8492021815265797 0
    outer loop
      vertex -7.5 12.990381056766578 4
      vertex -7.5 12.990381056766578 56
      vertex -8.333553495294034 12.472044184538179 56
    endloop
  endfacet
  facet normal 0.4713967368259986 -0.8819212643483545 0
    outer loop
      vertex -6.634330353285019 13.453091122990324 4
      vertex -6.634330353285019 13.453091122990324 56
      vertex -7.5 12.990381056766578 56
    endloop
  endfacet
  facet normal 0.4127070298043954 -0.9108638249211756 0
    outer loop
      vertex -5.740251485476347 13.858192987669302 4
      vertex -5.740251485476347 13.858192987669302 56
      vertex -6.634330353285019 13.453091122990324 56
    endloop
  endfacet
  facet normal 0.3522500479212331 -0.935905926757326 0
    outer loop
      vertex -4.821591979547424 14.203951942426585 4
      vertex -4.821591979547424 14.203951942426585 56
      vertex -5.740251485476347 13.858192987669302 56
    endloop
  endfacet
  facet normal 0.2902846772544632 -0.9569403357322086 0
    outer loop
      vertex -4.821591979547424 14.203951942426585 4
      vertex -3.882285676537811 14.488887394336025 4
      vertex -4.821591979547424 14.203951942426585 56
    endloop
  endfacet
  facet normal 0.22707626303437203 -0.9738769792773341 0
    outer loop
      vertex -3.882285676537811 14.488887394336025 4
      vertex -2.9263548302419236 14.711779206048456 4
      vertex -3.882285676537811 14.488887394336025 56
    endloop
  endfacet
  facet normal 0.16289547339458804 -0.9866433320848791 0
    outer loop
      vertex -2.9263548302419236 14.711779206048456 4
      vertex -1.9578928833007736 14.871672920607155 4
      vertex -2.9263548302419236 14.711779206048456 56
    endloop
  endfacet
  facet normal 0.09801714032956187 -0.9951847266721967 0
    outer loop
      vertex -1.9578928833007736 14.871672920607155 4
      vertex -0.981046938452146 14.967883848579053 4
      vertex -1.9578928833007736 14.871672920607155 56
    endloop
  endfacet
  facet normal 0.03271908282177589 -0.9994645874763657 0
    outer loop
      vertex -0.981046938452146 14.967883848579053 4
      vertex 0 15 4
      vertex -0.981046938452146 14.967883848579053 56
    endloop
  endfacet
  facet normal 0.2902846772544632 -0.9569403357322086 0
    outer loop
      vertex -3.882285676537811 14.488887394336025 4
      vertex -3.882285676537811 14.488887394336025 56
      vertex -4.821591979547424 14.203951942426585 56
    endloop
  endfacet
  facet normal 0.22707626303437203 -0.9738769792773341 0
    outer loop
      vertex -2.9263548302419236 14.711779206048456 4
      vertex -2.9263548302419236 14.711779206048456 56
      vertex -3.882285676537811 14.488887394336025 56
    endloop
  endfacet
  facet normal 0.16289547339458804 -0.9866433320848791 0
    outer loop
      vertex -1.9578928833007736 14.871672920607155 4
      vertex -1.9578928833007736 14.871672920607155 56
      vertex -2.9263548302419236 14.711779206048456 56
    endloop
  endfacet
  facet normal 0.09801714032956187 -0.9951847266721967 0
    outer loop
      vertex -0.981046938452146 14.967883848579053 4
      vertex -0.981046938452146 14.967883848579053 56
      vertex -1.9578928833007736 14.871672920607155 56
    endloop
  endfacet
  facet normal 0.03271908282177589 -0.9994645874763657 0
    outer loop
      vertex -0.981046938452146 14.967883848579053 56
      vertex 0 15 4
      vertex 0 15 56
    endloop
  endfacet
  facet normal 0 0 -1
    outer loop
      vertex -14.967883848579053 -0.981046938452146 56
      vertex -15 0 56
      vertex -14.967883848579053 0.981046938452146 56
    endloop
  endfacet
  facet normal 0 0 -1
    outer loop
      vertex -14.871672920607155 -1.9578928833007736 56
      vertex -14.967883848579053 0.981046938452146 56
      vertex -14.871672920607155 1.9578928833007736 56
    endloop
  endfacet
  facet normal 0 0 -1
    outer loop
      vertex -14.711779206048456 -2.9263548302419236 56
      vertex -14.871672920607155 1.9578928833007736 56
      vertex -14.711779206048456 2.9263548302419236 56
    endloop
  endfacet
  facet normal 0 0 -1
    outer loop
      vertex -14.488887394336025 -3.882285676537811 56
      vertex -14.711779206048456 2.9263548302419236 56
      vertex -14.488887394336025 3.882285676537811 56
    endloop
  endfacet
  facet normal 0 0 -1
    outer loop
      vertex -14.203951942426585 -4.821591979547424 56
      vertex -14.488887394336025 3.882285676537811 56
      vertex -14.203951942426585 4.821591979547424 56
    endloop
  endfacet
  facet normal 0 0 -1
    outer loop
      vertex -13.858192987669302 -5.740251485476347 56
      vertex -14.203951942426585 4.821591979547424 56
      vertex -13.858192987669302 5.740251485476347 56
    endloop
  endfacet
  facet normal 0 0 -1
    outer loop
      vertex -13.453091122990324 -6.634330353285019 56
      vertex -13.858192987669302 5.740251485476347 56
      vertex -13.453091122990324 6.634330353285019 56
    endloop
  endfacet
  facet normal 0 0 -1
    outer loop
      vertex -12.990381056766578 -7.5 56
      vertex -13.453091122990324 6.634330353285019 56
      vertex -12.990381056766578 7.5 56
    endloop
  endfacet
  facet normal 0 0 -1
    outer loop
      vertex -12.472044184538179 -8.333553495294034 56
      vertex -12.990381056766578 7.5 56
      vertex -12.472044184538179 8.333553495294034 56
    endloop
  endfacet
  facet normal 0 0 -1
    outer loop
      vertex -11.900300104368528 -9.13142143513081 56
      vertex -12.472044184538179 8.333553495294034 56
      vertex -11.900300104368528 9.13142143513081 56
    endloop
  endfacet
  facet normal 0 0 -1
    outer loop
      vertex -11.277597112184662 -9.890187226501032 56
      vertex -11.900300104368528 9.13142143513081 56
      vertex -11.277597112184662 9.890187226501032 56
    endloop
  endfacet
  facet normal 0 0 -1
    outer loop
      vertex -10.606601717798213 -10.606601717798213 56
      vertex -11.277597112184662 9.890187226501032 56
      vertex -10.606601717798213 10.606601717798213 56
    endloop
  endfacet
  facet normal 0 0 -1
    outer loop
      vertex -9.890187226501032 -11.277597112184662 56
      vertex -10.606601717798213 10.606601717798213 56
      vertex -9.890187226501032 11.277597112184662 56
    endloop
  endfacet
  facet normal 0 0 -1
    outer loop
      vertex -9.13142143513081 -11.900300104368528 56
      vertex -9.890187226501032 11.277597112184662 56
      vertex -9.13142143513081 11.900300104368528 56
    endloop
  endfacet
  facet normal 0 0 -1
    outer loop
      vertex -8.333553495294034 -12.472044184538179 56
      vertex -9.13142143513081 11.900300104368528 56
      vertex -8.333553495294034 12.472044184538179 56
    endloop
  endfacet
  facet normal 0 0 -1
    outer loop
      vertex -7.5 -12.990381056766578 56
      vertex -8.333553495294034 12.472044184538179 56
      vertex -7.5 12.990381056766578 56
    endloop
  endfacet
  facet normal 0 0 -1
    outer loop
      vertex -5.740251485476347 -13.858192987669302 56
      vertex -5.740251485476347 13.858192987669302 56
      vertex -5.4 0 56
    endloop
  endfacet
  facet normal 0 0 -1
    outer loop
      vertex -6.634330353285019 -13.453091122990324 56
      vertex -7.5 12.990381056766578 56
      vertex -6.634330353285019 13.453091122990324 56
    endloop
  endfacet
  facet normal 0 0 -1
    outer loop
      vertex -5.740251485476347 -13.858192987669302 56
      vertex -6.634330353285019 13.453091122990324 56
      vertex -5.740251485476347 13.858192987669302 56
    endloop
  endfacet
  facet normal 0 0 -1
    outer loop
      vertex -5.4 0 56
      vertex -5.740251485476347 13.858192987669302 56
      vertex -5.388438185488459 0.35317689784277256 56
    endloop
  endfacet
  facet normal 0 0 -1
    outer loop
      vertex -5.388438185488459 0.35317689784277256 56
      vertex -5.740251485476347 13.858192987669302 56
      vertex -5.353802251418577 0.7048414379882786 56
    endloop
  endfacet
  facet normal 0 0 -1
    outer loop
      vertex -5.353802251418577 0.7048414379882786 56
      vertex -5.740251485476347 13.858192987669302 56
      vertex -5.296240514177445 1.0534877388870927 56
    endloop
  endfacet
  facet normal 0 0 -1
    outer loop
      vertex -5.296240514177445 1.0534877388870927 56
      vertex -5.740251485476347 13.858192987669302 56
      vertex -5.215999461960969 1.397622843553612 56
    endloop
  endfacet
  facet normal 0 0 -1
    outer loop
      vertex -5.215999461960969 1.397622843553612 56
      vertex -5.740251485476347 13.858192987669302 56
      vertex -5.113422699273571 1.7357731126370728 56
    endloop
  endfacet
  facet normal 0 0 -1
    outer loop
      vertex -5.113422699273571 1.7357731126370728 56
      vertex -5.740251485476347 13.858192987669302 56
      vertex -4.988949475560949 2.066490534771485 56
    endloop
  endfacet
  facet normal 0 0 -1
    outer loop
      vertex -4.988949475560949 2.066490534771485 56
      vertex -5.740251485476347 13.858192987669302 56
      vertex -4.843112804276517 2.3883589271826073 56
    endloop
  endfacet
  facet normal 0 0 -1
    outer loop
      vertex -4.843112804276517 2.3883589271826073 56
      vertex -4.821591979547424 14.203951942426585 56
      vertex -4.676537180435969 2.7 56
    endloop
  endfacet
  facet normal 0 0 -1
    outer loop
      vertex -4.676537180435969 2.7 56
      vertex -4.821591979547424 14.203951942426585 56
      vertex -4.489935906433745 3.0000792583058518 56
    endloop
  endfacet
  facet normal 0 0 -1
    outer loop
      vertex -4.489935906433745 3.0000792583058518 56
      vertex -4.821591979547424 14.203951942426585 56
      vertex -4.28410803757267 3.2873117166470918 56
    endloop
  endfacet
  facet normal 0 0 -1
    outer loop
      vertex -4.28410803757267 3.2873117166470918 56
      vertex -4.821591979547424 14.203951942426585 56
      vertex -4.059934960386478 3.560467401540372 56
    endloop
  endfacet
  facet normal 0 0 -1
    outer loop
      vertex -4.059934960386478 3.560467401540372 56
      vertex -3.882285676537811 14.488887394336025 56
      vertex -3.818376618407357 3.818376618407357 56
    endloop
  endfacet
  facet normal 0 0 -1
    outer loop
      vertex -3.818376618407357 3.818376618407357 56
      vertex -3.882285676537811 14.488887394336025 56
      vertex -3.560467401540372 4.059934960386478 56
    endloop
  endfacet
  facet normal 0 0 -1
    outer loop
      vertex -3.560467401540372 4.059934960386478 56
      vertex -3.882285676537811 14.488887394336025 56
      vertex -3.2873117166470918 4.28410803757267 56
    endloop
  endfacet
  facet normal 0 0 -1
    outer loop
      vertex -3.2873117166470918 4.28410803757267 56
      vertex -3.882285676537811 14.488887394336025 56
      vertex -3.0000792583058518 4.489935906433745 56
    endloop
  endfacet
  facet normal 0 0 -1
    outer loop
      vertex -3.0000792583058518 4.489935906433745 56
      vertex -2.9263548302419236 14.711779206048456 56
      vertex -2.7 4.676537180435969 56
    endloop
  endfacet
  facet normal 0 0 -1
    outer loop
      vertex -2.7 4.676537180435969 56
      vertex -2.9263548302419236 14.711779206048456 56
      vertex -2.3883589271826073 4.843112804276517 56
    endloop
  endfacet
  facet normal 0 0 -1
    outer loop
      vertex -2.3883589271826073 4.843112804276517 56
      vertex -2.9263548302419236 14.711779206048456 56
      vertex -2.066490534771485 4.988949475560949 56
    endloop
  endfacet
  facet normal 0 0 -1
    outer loop
      vertex -2.066490534771485 4.988949475560949 56
      vertex -1.9578928833007736 14.871672920607155 56
      vertex -1.7357731126370728 5.113422699273571 56
    endloop
  endfacet
  facet normal 0 0 -1
    outer loop
      vertex -1.7357731126370728 5.113422699273571 56
      vertex -1.9578928833007736 14.871672920607155 56
      vertex -1.397622843553612 5.215999461960969 56
    endloop
  endfacet
  facet normal 0 0 -1
    outer loop
      vertex -1.397622843553612 5.215999461960969 56
      vertex -1.9578928833007736 14.871672920607155 56
      vertex -1.0534877388870927 5.296240514177445 56
    endloop
  endfacet
  facet normal 0 0 -1
    outer loop
      vertex -1.0534877388870927 5.296240514177445 56
      vertex -0.981046938452146 14.967883848579053 56
      vertex -0.7048414379882786 5.353802251418577 56
    endloop
  endfacet
  facet normal 0 0 -1
    outer loop
      vertex -0.7048414379882786 5.353802251418577 56
      vertex -0.981046938452146 14.967883848579053 56
      vertex -0.35317689784277256 5.388438185488459 56
    endloop
  endfacet
  facet normal 0 0 -1
    outer loop
      vertex -0.35317689784277256 5.388438185488459 56
      vertex -0.981046938452146 14.967883848579053 56
      vertex 0 5.4 56
    endloop
  endfacet
  facet normal 0 0 -1
    outer loop
      vertex -4.843112804276517 2.3883589271826073 56
      vertex -5.740251485476347 13.858192987669302 56
      vertex -4.821591979547424 14.203951942426585 56
    endloop
  endfacet
  facet normal 0 0 -1
    outer loop
      vertex -4.059934960386478 3.560467401540372 56
      vertex -4.821591979547424 14.203951942426585 56
      vertex -3.882285676537811 14.488887394336025 56
    endloop
  endfacet
  facet normal 0 0 -1
    outer loop
      vertex -3.0000792583058518 4.489935906433745 56
      vertex -3.882285676537811 14.488887394336025 56
      vertex -2.9263548302419236 14.711779206048456 56
    endloop
  endfacet
  facet normal 0 0 -1
    outer loop
      vertex -2.066490534771485 4.988949475560949 56
      vertex -2.9263548302419236 14.711779206048456 56
      vertex -1.9578928833007736 14.871672920607155 56
    endloop
  endfacet
  facet normal 0 0 -1
    outer loop
      vertex -1.0534877388870927 5.296240514177445 56
      vertex -1.9578928833007736 14.871672920607155 56
      vertex -0.981046938452146 14.967883848579053 56
    endloop
  endfacet
  facet normal 0 0 -1
    outer loop
      vertex -0.981046938452146 14.967883848579053 56
      vertex 0 15 56
      vertex 0 5.4 56
    endloop
  endfacet
  facet normal -0.03271908282177589 0.9994645874763657 0
    outer loop
      vertex 0 -15 4
      vertex 0.981046938452146 -14.967883848579053 56
      vertex 0.981046938452146 -14.967883848579053 4
    endloop
  endfacet
  facet normal -0.09801714032956187 0.9951847266721967 0
    outer loop
      vertex 0.981046938452146 -14.967883848579053 4
      vertex 1.9578928833007736 -14.871672920607155 56
      vertex 1.9578928833007736 -14.871672920607155 4
    endloop
  endfacet
  facet normal -0.16289547339458804 0.9866433320848791 0
    outer loop
      vertex 1.9578928833007736 -14.871672920607155 4
      vertex 2.9263548302419236 -14.711779206048456 56
      vertex 2.9263548302419236 -14.711779206048456 4
    endloop
  endfacet
  facet normal -0.22707626303437203 0.9738769792773341 0
    outer loop
      vertex 2.9263548302419236 -14.711779206048456 4
      vertex 3.882285676537811 -14.488887394336025 56
      vertex 3.882285676537811 -14.488887394336025 4
    endloop
  endfacet
  facet normal -0.2902846772544632 0.9569403357322086 0
    outer loop
      vertex 3.882285676537811 -14.488887394336025 4
      vertex 4.821591979547424 -14.203951942426585 56
      vertex 4.821591979547424 -14.203951942426585 4
    endloop
  endfacet
  facet normal -0.03271908282177589 0.9994645874763657 0
    outer loop
      vertex 0 -15 4
      vertex 0 -15 56
      vertex 0.981046938452146 -14.967883848579053 56
    endloop
  endfacet
  facet normal -0.09801714032956187 0.9951847266721967 0
    outer loop
      vertex 0.981046938452146 -14.967883848579053 4
      vertex 0.981046938452146 -14.967883848579053 56
      vertex 1.9578928833007736 -14.871672920607155 56
    endloop
  endfacet
  facet normal -0.16289547339458804 0.9866433320848791 0
    outer loop
      vertex 1.9578928833007736 -14.871672920607155 4
      vertex 1.9578928833007736 -14.871672920607155 56
      vertex 2.9263548302419236 -14.711779206048456 56
    endloop
  endfacet
  facet normal -0.22707626303437203 0.9738769792773341 0
    outer loop
      vertex 2.9263548302419236 -14.711779206048456 4
      vertex 2.9263548302419236 -14.711779206048456 56
      vertex 3.882285676537811 -14.488887394336025 56
    endloop
  endfacet
  facet normal -0.2902846772544632 0.9569403357322086 0
    outer loop
      vertex 3.882285676537811 -14.488887394336025 4
      vertex 3.882285676537811 -14.488887394336025 56
      vertex 4.821591979547424 -14.203951942426585 56
    endloop
  endfacet
  facet normal -0.3522500479212331 0.935905926757326 0
    outer loop
      vertex 4.821591979547424 -14.203951942426585 4
      vertex 5.740251485476347 -13.858192987669302 56
      vertex 5.740251485476347 -13.858192987669302 4
    endloop
  endfacet
  facet normal -0.4127070298043954 0.9108638249211756 0
    outer loop
      vertex 5.740251485476347 -13.858192987669302 4
      vertex 6.634330353285019 -13.453091122990324 56
      vertex 6.634330353285019 -13.453091122990324 4
    endloop
  endfacet
  facet normal -0.4713967368259986 0.8819212643483545 0
    outer loop
      vertex 6.634330353285019 -13.453091122990324 4
      vertex 7.5 -12.990381056766578 56
      vertex 7.5 -12.990381056766578 4
    endloop
  endfacet
  facet normal -0.5280678506503667 0.8492021815265797 0
    outer loop
      vertex 7.5 -12.990381056766578 4
      vertex 8.333553495294034 -12.472044184538179 56
      vertex 8.333553495294034 -12.472044184538179 4
    endloop
  endfacet
  facet normal -0.5824776968678025 0.812846684591615 0
    outer loop
      vertex 8.333553495294034 -12.472044184538179 4
      vertex 9.13142143513081 -11.900300104368528 56
      vertex 9.13142143513081 -11.900300104368528 4
    endloop
  endfacet
  facet normal -0.3522500479212331 0.935905926757326 0
    outer loop
      vertex 4.821591979547424 -14.203951942426585 4
      vertex 4.821591979547424 -14.203951942426585 56
      vertex 5.740251485476347 -13.858192987669302 56
    endloop
  endfacet
  facet normal -0.4127070298043954 0.9108638249211756 0
    outer loop
      vertex 5.740251485476347 -13.858192987669302 4
      vertex 5.740251485476347 -13.858192987669302 56
      vertex 6.634330353285019 -13.453091122990324 56
    endloop
  endfacet
  facet normal -0.4713967368259986 0.8819212643483545 0
    outer loop
      vertex 6.634330353285019 -13.453091122990324 4
      vertex 6.634330353285019 -13.453091122990324 56
      vertex 7.5 -12.990381056766578 56
    endloop
  endfacet
  facet normal -0.5280678506503667 0.8492021815265797 0
    outer loop
      vertex 7.5 -12.990381056766578 4
      vertex 7.5 -12.990381056766578 56
      vertex 8.333553495294034 -12.472044184538179 56
    endloop
  endfacet
  facet normal -0.5824776968678025 0.812846684591615 0
    outer loop
      vertex 8.333553495294034 -12.472044184538179 4
      vertex 8.333553495294034 -12.472044184538179 56
      vertex 9.13142143513081 -11.900300104368528 56
    endloop
  endfacet
  facet normal -0.6343932841636454 0.773010453362737 0
    outer loop
      vertex 9.13142143513081 -11.900300104368528 4
      vertex 9.13142143513081 -11.900300104368528 56
      vertex 9.890187226501032 -11.277597112184662 56
    endloop
  endfacet
  facet normal 0 0 1
    outer loop
      vertex 0 -15 4
      vertex 0.981046938452146 -14.967883848579053 4
      vertex 0.981046938452146 14.967883848579053 4
    endloop
  endfacet
  facet normal 0 0 1
    outer loop
      vertex 0.981046938452146 -14.967883848579053 4
      vertex 1.9578928833007736 -14.871672920607155 4
      vertex 1.9578928833007736 14.871672920607155 4
    endloop
  endfacet
  facet normal 0 0 1
    outer loop
      vertex 1.9578928833007736 -14.871672920607155 4
      vertex 2.9263548302419236 -14.711779206048456 4
      vertex 2.9263548302419236 14.711779206048456 4
    endloop
  endfacet
  facet normal 0 0 1
    outer loop
      vertex 2.9263548302419236 -14.711779206048456 4
      vertex 3.882285676537811 -14.488887394336025 4
      vertex 3.882285676537811 14.488887394336025 4
    endloop
  endfacet
  facet normal 0 0 1
    outer loop
      vertex 3.882285676537811 -14.488887394336025 4
      vertex 4.821591979547424 -14.203951942426585 4
      vertex 4.821591979547424 14.203951942426585 4
    endloop
  endfacet
  facet normal 0 0 1
    outer loop
      vertex 4.821591979547424 -14.203951942426585 4
      vertex 5.740251485476347 -13.858192987669302 4
      vertex 5.740251485476347 13.858192987669302 4
    endloop
  endfacet
  facet normal 0 0 1
    outer loop
      vertex 5.740251485476347 -13.858192987669302 4
      vertex 6.634330353285019 -13.453091122990324 4
      vertex 6.634330353285019 13.453091122990324 4
    endloop
  endfacet
  facet normal 0 0 1
    outer loop
      vertex 6.634330353285019 -13.453091122990324 4
      vertex 7.5 -12.990381056766578 4
      vertex 7.5 12.990381056766578 4
    endloop
  endfacet
  facet normal 0 0 1
    outer loop
      vertex 7.5 -12.990381056766578 4
      vertex 8.333553495294034 -12.472044184538179 4
      vertex 8.333553495294034 12.472044184538179 4
    endloop
  endfacet
  facet normal 0 0 1
    outer loop
      vertex 8.333553495294034 -12.472044184538179 4
      vertex 9.13142143513081 -11.900300104368528 4
      vertex 9.13142143513081 11.900300104368528 4
    endloop
  endfacet
  facet normal -0.6343932841636454 0.773010453362737 0
    outer loop
      vertex 9.13142143513081 -11.900300104368528 4
      vertex 9.890187226501032 -11.277597112184662 56
      vertex 9.890187226501032 -11.277597112184662 4
    endloop
  endfacet
  facet normal -0.6835923020228709 0.729864072697836 0
    outer loop
      vertex 9.890187226501032 -11.277597112184662 4
      vertex 10.606601717798213 -10.606601717798213 56
      vertex 10.606601717798213 -10.606601717798213 4
    endloop
  endfacet
  facet normal -0.729864072697836 0.6835923020228709 0
    outer loop
      vertex 10.606601717798213 -10.606601717798213 4
      vertex 10.606601717798213 -10.606601717798213 56
      vertex 11.277597112184662 -9.890187226501032 4
    endloop
  endfacet
  facet normal -0.773010453362737 0.6343932841636454 0
    outer loop
      vertex 11.277597112184662 -9.890187226501032 4
      vertex 11.277597112184662 -9.890187226501032 56
      vertex 11.900300104368528 -9.13142143513081 4
    endloop
  endfacet
  facet normal -0.6835923020228709 0.729864072697836 0
    outer loop
      vertex 9.890187226501032 -11.277597112184662 4
      vertex 9.890187226501032 -11.277597112184662 56
      vertex 10.606601717798213 -10.606601717798213 56
    endloop
  endfacet
  facet normal -0.729864072697836 0.6835923020228709 0
    outer loop
      vertex 11.277597112184662 -9.890187226501032 4
      vertex 10.606601717798213 -10.606601717798213 56
      vertex 11.277597112184662 -9.890187226501032 56
    endloop
  endfacet
  facet normal 0 0 1
    outer loop
      vertex 9.13142143513081 -11.900300104368528 4
      vertex 9.890187226501032 -11.277597112184662 4
      vertex 9.890187226501032 11.277597112184662 4
    endloop
  endfacet
  facet normal 0 0 1
    outer loop
      vertex 9.890187226501032 -11.277597112184662 4
      vertex 10.606601717798213 -10.606601717798213 4
      vertex 10.606601717798213 10.606601717798213 4
    endloop
  endfacet
  facet normal 0 0 1
    outer loop
      vertex 10.606601717798213 -10.606601717798213 4
      vertex 11.277597112184662 -9.890187226501032 4
      vertex 11.277597112184662 9.890187226501032 4
    endloop
  endfacet
  facet normal 0 0 1
    outer loop
      vertex 11.277597112184662 -9.890187226501032 4
      vertex 11.900300104368528 -9.13142143513081 4
      vertex 11.900300104368528 9.13142143513081 4
    endloop
  endfacet
  facet normal 0 0 1
    outer loop
      vertex 11.900300104368528 -9.13142143513081 4
      vertex 12.472044184538179 -8.333553495294034 4
      vertex 12.472044184538179 8.333553495294034 4
    endloop
  endfacet
  facet normal 0 0 1
    outer loop
      vertex 12.472044184538179 -8.333553495294034 4
      vertex 12.990381056766578 -7.5 4
      vertex 12.990381056766578 7.5 4
    endloop
  endfacet
  facet normal 0 0 1
    outer loop
      vertex 12.990381056766578 -7.5 4
      vertex 13.453091122990324 -6.634330353285019 4
      vertex 13.453091122990324 6.634330353285019 4
    endloop
  endfacet
  facet normal 0 0 1
    outer loop
      vertex 13.453091122990324 -6.634330353285019 4
      vertex 13.858192987669302 -5.740251485476347 4
      vertex 13.858192987669302 5.740251485476347 4
    endloop
  endfacet
  facet normal 0 0 1
    outer loop
      vertex 13.858192987669302 -5.740251485476347 4
      vertex 14.203951942426585 -4.821591979547424 4
      vertex 14.203951942426585 4.821591979547424 4
    endloop
  endfacet
  facet normal 0 0 1
    outer loop
      vertex 14.203951942426585 -4.821591979547424 4
      vertex 14.488887394336025 -3.882285676537811 4
      vertex 14.488887394336025 3.882285676537811 4
    endloop
  endfacet
  facet normal 0 0 1
    outer loop
      vertex 14.488887394336025 -3.882285676537811 4
      vertex 14.711779206048456 -2.9263548302419236 4
      vertex 14.711779206048456 2.9263548302419236 4
    endloop
  endfacet
  facet normal 0 0 1
    outer loop
      vertex 14.711779206048456 -2.9263548302419236 4
      vertex 14.871672920607155 -1.9578928833007736 4
      vertex 14.871672920607155 1.9578928833007736 4
    endloop
  endfacet
  facet normal 0 0 1
    outer loop
      vertex 14.871672920607155 -1.9578928833007736 4
      vertex 14.967883848579053 -0.981046938452146 4
      vertex 14.967883848579053 0.981046938452146 4
    endloop
  endfacet
  facet normal -0.812846684591615 0.5824776968678025 0
    outer loop
      vertex 11.900300104368528 -9.13142143513081 4
      vertex 11.900300104368528 -9.13142143513081 56
      vertex 12.472044184538179 -8.333553495294034 4
    endloop
  endfacet
  facet normal -0.8492021815265797 0.5280678506503667 0
    outer loop
      vertex 12.472044184538179 -8.333553495294034 4
      vertex 12.472044184538179 -8.333553495294034 56
      vertex 12.990381056766578 -7.5 4
    endloop
  endfacet
  facet normal -0.8819212643483545 0.4713967368259986 0
    outer loop
      vertex 12.990381056766578 -7.5 4
      vertex 12.990381056766578 -7.5 56
      vertex 13.453091122990324 -6.634330353285019 4
    endloop
  endfacet
  facet normal -0.9108638249211756 0.4127070298043954 0
    outer loop
      vertex 13.453091122990324 -6.634330353285019 4
      vertex 13.453091122990324 -6.634330353285019 56
      vertex 13.858192987669302 -5.740251485476347 4
    endloop
  endfacet
  facet normal -0.935905926757326 0.3522500479212331 0
    outer loop
      vertex 13.858192987669302 -5.740251485476347 4
      vertex 13.858192987669302 -5.740251485476347 56
      vertex 14.203951942426585 -4.821591979547424 4
    endloop
  endfacet
  facet normal -0.773010453362737 0.6343932841636454 0
    outer loop
      vertex 11.900300104368528 -9.13142143513081 4
      vertex 11.277597112184662 -9.890187226501032 56
      vertex 11.900300104368528 -9.13142143513081 56
    endloop
  endfacet
  facet normal -0.812846684591615 0.5824776968678025 0
    outer loop
      vertex 12.472044184538179 -8.333553495294034 4
      vertex 11.900300104368528 -9.13142143513081 56
      vertex 12.472044184538179 -8.333553495294034 56
    endloop
  endfacet
  facet normal -0.8492021815265797 0.5280678506503667 0
    outer loop
      vertex 12.990381056766578 -7.5 4
      vertex 12.472044184538179 -8.333553495294034 56
      vertex 12.990381056766578 -7.5 56
    endloop
  endfacet
  facet normal -0.8819212643483545 0.4713967368259986 0
    outer loop
      vertex 13.453091122990324 -6.634330353285019 4
      vertex 12.990381056766578 -7.5 56
      vertex 13.453091122990324 -6.634330353285019 56
    endloop
  endfacet
  facet normal -0.9108638249211756 0.4127070298043954 0
    outer loop
      vertex 13.858192987669302 -5.740251485476347 4
      vertex 13.453091122990324 -6.634330353285019 56
      vertex 13.858192987669302 -5.740251485476347 56
    endloop
  endfacet
  facet normal -0.935905926757326 0.3522500479212331 0
    outer loop
      vertex 14.203951942426585 -4.821591979547424 4
      vertex 13.858192987669302 -5.740251485476347 56
      vertex 14.203951942426585 -4.821591979547424 56
    endloop
  endfacet
  facet normal -0.9569403357322086 0.2902846772544632 0
    outer loop
      vertex 14.203951942426585 -4.821591979547424 4
      vertex 14.203951942426585 -4.821591979547424 56
      vertex 14.488887394336025 -3.882285676537811 4
    endloop
  endfacet
  facet normal -0.9738769792773341 0.22707626303437203 0
    outer loop
      vertex 14.488887394336025 -3.882285676537811 4
      vertex 14.488887394336025 -3.882285676537811 56
      vertex 14.711779206048456 -2.9263548302419236 4
    endloop
  endfacet
  facet normal -0.9866433320848791 0.16289547339458804 0
    outer loop
      vertex 14.711779206048456 -2.9263548302419236 4
      vertex 14.711779206048456 -2.9263548302419236 56
      vertex 14.871672920607155 -1.9578928833007736 4
    endloop
  endfacet
  facet normal -0.9951847266721967 0.09801714032956187 0
    outer loop
      vertex 14.871672920607155 -1.9578928833007736 4
      vertex 14.871672920607155 -1.9578928833007736 56
      vertex 14.967883848579053 -0.981046938452146 4
    endloop
  endfacet
  facet normal -0.9994645874763657 0.03271908282177589 0
    outer loop
      vertex 14.967883848579053 -0.981046938452146 4
      vertex 14.967883848579053 -0.981046938452146 56
      vertex 15 0 4
    endloop
  endfacet
  facet normal -0.9569403357322086 0.2902846772544632 0
    outer loop
      vertex 14.488887394336025 -3.882285676537811 4
      vertex 14.203951942426585 -4.821591979547424 56
      vertex 14.488887394336025 -3.882285676537811 56
    endloop
  endfacet
  facet normal -0.9738769792773341 0.22707626303437203 0
    outer loop
      vertex 14.711779206048456 -2.9263548302419236 4
      vertex 14.488887394336025 -3.882285676537811 56
      vertex 14.711779206048456 -2.9263548302419236 56
    endloop
  endfacet
  facet normal -0.9866433320848791 0.16289547339458804 0
    outer loop
      vertex 14.871672920607155 -1.9578928833007736 4
      vertex 14.711779206048456 -2.9263548302419236 56
      vertex 14.871672920607155 -1.9578928833007736 56
    endloop
  endfacet
  facet normal -0.9951847266721967 0.09801714032956187 0
    outer loop
      vertex 14.967883848579053 -0.981046938452146 4
      vertex 14.871672920607155 -1.9578928833007736 56
      vertex 14.967883848579053 -0.981046938452146 56
    endloop
  endfacet
  facet normal -0.9994645874763657 0.03271908282177589 0
    outer loop
      vertex 14.967883848579053 -0.981046938452146 56
      vertex 15 0 56
      vertex 15 0 4
    endloop
  endfacet
  facet normal 0 0 -1
    outer loop
      vertex 0 -15 56
      vertex 0 -5.4 56
      vertex 0.981046938452146 -14.967883848579053 56
    endloop
  endfacet
  facet normal 0 0 -1
    outer loop
      vertex 0.981046938452146 -14.967883848579053 56
      vertex 1.0534877388870927 -5.296240514177445 56
      vertex 1.9578928833007736 -14.871672920607155 56
    endloop
  endfacet
  facet normal 0 0 -1
    outer loop
      vertex 1.9578928833007736 -14.871672920607155 56
      vertex 2.066490534771485 -4.988949475560949 56
      vertex 2.9263548302419236 -14.711779206048456 56
    endloop
  endfacet
  facet normal 0 0 -1
    outer loop
      vertex 2.9263548302419236 -14.711779206048456 56
      vertex 3.0000792583058518 -4.489935906433745 56
      vertex 3.882285676537811 -14.488887394336025 56
    endloop
  endfacet
  facet normal 0 0 -1
    outer loop
      vertex 3.882285676537811 -14.488887394336025 56
      vertex 4.059934960386478 -3.560467401540372 56
      vertex 4.821591979547424 -14.203951942426585 56
    endloop
  endfacet
  facet normal 0 0 -1
    outer loop
      vertex 4.821591979547424 -14.203951942426585 56
      vertex 4.843112804276517 -2.3883589271826073 56
      vertex 5.740251485476347 -13.858192987669302 56
    endloop
  endfacet
  facet normal 0 0 -1
    outer loop
      vertex 0.981046938452146 -14.967883848579053 56
      vertex 0 -5.4 56
      vertex 0.35317689784277256 -5.388438185488459 56
    endloop
  endfacet
  facet normal 0 0 -1
    outer loop
      vertex 0.981046938452146 -14.967883848579053 56
      vertex 0.35317689784277256 -5.388438185488459 56
      vertex 0.7048414379882786 -5.353802251418577 56
    endloop
  endfacet
  facet normal 0 0 -1
    outer loop
      vertex 0.981046938452146 -14.967883848579053 56
      vertex 0.7048414379882786 -5.353802251418577 56
      vertex 1.0534877388870927 -5.296240514177445 56
    endloop
  endfacet
  facet normal 0 0 -1
    outer loop
      vertex 1.9578928833007736 -14.871672920607155 56
      vertex 1.0534877388870927 -5.296240514177445 56
      vertex 1.397622843553612 -5.215999461960969 56
    endloop
  endfacet
  facet normal 0 0 -1
    outer loop
      vertex 1.9578928833007736 -14.871672920607155 56
      vertex 1.397622843553612 -5.215999461960969 56
      vertex 1.7357731126370728 -5.113422699273571 56
    endloop
  endfacet
  facet normal 0 0 -1
    outer loop
      vertex 1.9578928833007736 -14.871672920607155 56
      vertex 1.7357731126370728 -5.113422699273571 56
      vertex 2.066490534771485 -4.988949475560949 56
    endloop
  endfacet
  facet normal 0 0 -1
    outer loop
      vertex 2.9263548302419236 -14.711779206048456 56
      vertex 2.066490534771485 -4.988949475560949 56
      vertex 2.3883589271826073 -4.843112804276517 56
    endloop
  endfacet
  facet normal 0 0 -1
    outer loop
      vertex 2.9263548302419236 -14.711779206048456 56
      vertex 2.3883589271826073 -4.843112804276517 56
      vertex 2.7 -4.676537180435969 56
    endloop
  endfacet
  facet normal 0 0 -1
    outer loop
      vertex 2.9263548302419236 -14.711779206048456 56
      vertex 2.7 -4.676537180435969 56
      vertex 3.0000792583058518 -4.489935906433745 56
    endloop
  endfacet
  facet normal 0 0 -1
    outer loop
      vertex 3.882285676537811 -14.488887394336025 56
      vertex 3.0000792583058518 -4.489935906433745 56
      vertex 3.2873117166470918 -4.28410803757267 56
    endloop
  endfacet
  facet normal 0 0 -1
    outer loop
      vertex 3.882285676537811 -14.488887394336025 56
      vertex 3.2873117166470918 -4.28410803757267 56
      vertex 3.560467401540372 -4.059934960386478 56
    endloop
  endfacet
  facet normal 0 0 -1
    outer loop
      vertex 3.882285676537811 -14.488887394336025 56
      vertex 3.560467401540372 -4.059934960386478 56
      vertex 3.818376618407357 -3.818376618407357 56
    endloop
  endfacet
  facet normal 0 0 -1
    outer loop
      vertex 3.882285676537811 -14.488887394336025 56
      vertex 3.818376618407357 -3.818376618407357 56
      vertex 4.059934960386478 -3.560467401540372 56
    endloop
  endfacet
  facet normal 0 0 -1
    outer loop
      vertex 4.821591979547424 -14.203951942426585 56
      vertex 4.059934960386478 -3.560467401540372 56
      vertex 4.28410803757267 -3.2873117166470918 56
    endloop
  endfacet
  facet normal 0 0 -1
    outer loop
      vertex 4.821591979547424 -14.203951942426585 56
      vertex 4.28410803757267 -3.2873117166470918 56
      vertex 4.489935906433745 -3.0000792583058518 56
    endloop
  endfacet
  facet normal 0 0 -1
    outer loop
      vertex 4.821591979547424 -14.203951942426585 56
      vertex 4.489935906433745 -3.0000792583058518 56
      vertex 4.676537180435969 -2.7 56
    endloop
  endfacet
  facet normal 0 0 -1
    outer loop
      vertex 4.821591979547424 -14.203951942426585 56
      vertex 4.676537180435969 -2.7 56
      vertex 4.843112804276517 -2.3883589271826073 56
    endloop
  endfacet
  facet normal 0 0 -1
    outer loop
      vertex 5.740251485476347 -13.858192987669302 56
      vertex 4.843112804276517 -2.3883589271826073 56
      vertex 4.988949475560949 -2.066490534771485 56
    endloop
  endfacet
  facet normal 0 0 -1
    outer loop
      vertex 5.740251485476347 -13.858192987669302 56
      vertex 4.988949475560949 -2.066490534771485 56
      vertex 5.113422699273571 -1.7357731126370728 56
    endloop
  endfacet
  facet normal 0 0 -1
    outer loop
      vertex 5.740251485476347 -13.858192987669302 56
      vertex 5.113422699273571 -1.7357731126370728 56
      vertex 5.215999461960969 -1.397622843553612 56
    endloop
  endfacet
  facet normal 0 0 -1
    outer loop
      vertex 5.740251485476347 -13.858192987669302 56
      vertex 5.215999461960969 -1.397622843553612 56
      vertex 5.296240514177445 -1.0534877388870927 56
    endloop
  endfacet
  facet normal 0 0 -1
    outer loop
      vertex 5.740251485476347 -13.858192987669302 56
      vertex 5.296240514177445 -1.0534877388870927 56
      vertex 5.353802251418577 -0.7048414379882786 56
    endloop
  endfacet
  facet normal 0 0 -1
    outer loop
      vertex 5.740251485476347 -13.858192987669302 56
      vertex 5.353802251418577 -0.7048414379882786 56
      vertex 5.388438185488459 -0.35317689784277256 56
    endloop
  endfacet
  facet normal 0 0 -1
    outer loop
      vertex 5.740251485476347 -13.858192987669302 56
      vertex 5.388438185488459 -0.35317689784277256 56
      vertex 5.4 0 56
    endloop
  endfacet
  facet normal 0 0 -1
    outer loop
      vertex 5.740251485476347 -13.858192987669302 56
      vertex 5.740251485476347 13.858192987669302 56
      vertex 6.634330353285019 -13.453091122990324 56
    endloop
  endfacet
  facet normal 0 0 -1
    outer loop
      vertex 6.634330353285019 -13.453091122990324 56
      vertex 6.634330353285019 13.453091122990324 56
      vertex 7.5 -12.990381056766578 56
    endloop
  endfacet
  facet normal 0 0 -1
    outer loop
      vertex 7.5 -12.990381056766578 56
      vertex 7.5 12.990381056766578 56
      vertex 8.333553495294034 -12.472044184538179 56
    endloop
  endfacet
  facet normal 0 0 -1
    outer loop
      vertex 8.333553495294034 -12.472044184538179 56
      vertex 8.333553495294034 12.472044184538179 56
      vertex 9.13142143513081 -11.900300104368528 56
    endloop
  endfacet
  facet normal 0 0 -1
    outer loop
      vertex 9.13142143513081 -11.900300104368528 56
      vertex 9.13142143513081 11.900300104368528 56
      vertex 9.890187226501032 -11.277597112184662 56
    endloop
  endfacet
  facet normal 0 0 -1
    outer loop
      vertex 9.890187226501032 -11.277597112184662 56
      vertex 9.890187226501032 11.277597112184662 56
      vertex 10.606601717798213 -10.606601717798213 56
    endloop
  endfacet
  facet normal 0 0 -1
    outer loop
      vertex 10.606601717798213 -10.606601717798213 56
      vertex 10.606601717798213 10.606601717798213 56
      vertex 11.277597112184662 -9.890187226501032 56
    endloop
  endfacet
  facet normal 0 0 -1
    outer loop
      vertex 11.277597112184662 -9.890187226501032 56
      vertex 11.277597112184662 9.890187226501032 56
      vertex 11.900300104368528 -9.13142143513081 56
    endloop
  endfacet
  facet normal 0 0 -1
    outer loop
      vertex 11.900300104368528 -9.13142143513081 56
      vertex 11.900300104368528 9.13142143513081 56
      vertex 12.472044184538179 -8.333553495294034 56
    endloop
  endfacet
  facet normal 0 0 -1
    outer loop
      vertex 12.472044184538179 -8.333553495294034 56
      vertex 12.472044184538179 8.333553495294034 56
      vertex 12.990381056766578 -7.5 56
    endloop
  endfacet
  facet normal 0 0 -1
    outer loop
      vertex 12.990381056766578 -7.5 56
      vertex 12.990381056766578 7.5 56
      vertex 13.453091122990324 -6.634330353285019 56
    endloop
  endfacet
  facet normal 0 0 -1
    outer loop
      vertex 13.453091122990324 -6.634330353285019 56
      vertex 13.453091122990324 6.634330353285019 56
      vertex 13.858192987669302 -5.740251485476347 56
    endloop
  endfacet
  facet normal 0 0 -1
    outer loop
      vertex 13.858192987669302 -5.740251485476347 56
      vertex 13.858192987669302 5.740251485476347 56
      vertex 14.203951942426585 -4.821591979547424 56
    endloop
  endfacet
  facet normal 0 0 -1
    outer loop
      vertex 14.203951942426585 -4.821591979547424 56
      vertex 14.203951942426585 4.821591979547424 56
      vertex 14.488887394336025 -3.882285676537811 56
    endloop
  endfacet
  facet normal 0 0 -1
    outer loop
      vertex 14.488887394336025 -3.882285676537811 56
      vertex 14.488887394336025 3.882285676537811 56
      vertex 14.711779206048456 -2.9263548302419236 56
    endloop
  endfacet
  facet normal 0 0 -1
    outer loop
      vertex 14.711779206048456 -2.9263548302419236 56
      vertex 14.711779206048456 2.9263548302419236 56
      vertex 14.871672920607155 -1.9578928833007736 56
    endloop
  endfacet
  facet normal 0 0 -1
    outer loop
      vertex 14.871672920607155 -1.9578928833007736 56
      vertex 14.871672920607155 1.9578928833007736 56
      vertex 14.967883848579053 -0.981046938452146 56
    endloop
  endfacet
  facet normal 0 0 1
    outer loop
      vertex 3.882285676537811 -14.488887394336025 4
      vertex 4.821591979547424 14.203951942426585 4
      vertex 3.882285676537811 14.488887394336025 4
    endloop
  endfacet
  facet normal 0 0 1
    outer loop
      vertex 0 -15 4
      vertex 0.981046938452146 14.967883848579053 4
      vertex 0 15 4
    endloop
  endfacet
  facet normal 0 0 1
    outer loop
      vertex 0.981046938452146 -14.967883848579053 4
      vertex 1.9578928833007736 14.871672920607155 4
      vertex 0.981046938452146 14.967883848579053 4
    endloop
  endfacet
  facet normal 0 0 1
    outer loop
      vertex 1.9578928833007736 -14.871672920607155 4
      vertex 2.9263548302419236 14.711779206048456 4
      vertex 1.9578928833007736 14.871672920607155 4
    endloop
  endfacet
  facet normal 0 0 1
    outer loop
      vertex 2.9263548302419236 -14.711779206048456 4
      vertex 3.882285676537811 14.488887394336025 4
      vertex 2.9263548302419236 14.711779206048456 4
    endloop
  endfacet
  facet normal 0 0 1
    outer loop
      vertex 4.821591979547424 -14.203951942426585 4
      vertex 5.740251485476347 13.858192987669302 4
      vertex 4.821591979547424 14.203951942426585 4
    endloop
  endfacet
  facet normal 0 0 1
    outer loop
      vertex 5.740251485476347 -13.858192987669302 4
      vertex 6.634330353285019 13.453091122990324 4
      vertex 5.740251485476347 13.858192987669302 4
    endloop
  endfacet
  facet normal 0 0 1
    outer loop
      vertex 6.634330353285019 -13.453091122990324 4
      vertex 7.5 12.990381056766578 4
      vertex 6.634330353285019 13.453091122990324 4
    endloop
  endfacet
  facet normal 0 0 1
    outer loop
      vertex 7.5 -12.990381056766578 4
      vertex 8.333553495294034 12.472044184538179 4
      vertex 7.5 12.990381056766578 4
    endloop
  endfacet
  facet normal 0 0 1
    outer loop
      vertex 8.333553495294034 -12.472044184538179 4
      vertex 9.13142143513081 11.900300104368528 4
      vertex 8.333553495294034 12.472044184538179 4
    endloop
  endfacet
  facet normal 0 0 1
    outer loop
      vertex 9.13142143513081 -11.900300104368528 4
      vertex 9.890187226501032 11.277597112184662 4
      vertex 9.13142143513081 11.900300104368528 4
    endloop
  endfacet
  facet normal -0.03271908282177589 -0.9994645874763657 0
    outer loop
      vertex 0 15 4
      vertex 0.981046938452146 14.967883848579053 4
      vertex 0 15 56
    endloop
  endfacet
  facet normal -0.09801714032956187 -0.9951847266721967 0
    outer loop
      vertex 0.981046938452146 14.967883848579053 4
      vertex 1.9578928833007736 14.871672920607155 4
      vertex 0.981046938452146 14.967883848579053 56
    endloop
  endfacet
  facet normal -0.16289547339458804 -0.9866433320848791 0
    outer loop
      vertex 1.9578928833007736 14.871672920607155 4
      vertex 2.9263548302419236 14.711779206048456 4
      vertex 1.9578928833007736 14.871672920607155 56
    endloop
  endfacet
  facet normal -0.22707626303437203 -0.9738769792773341 0
    outer loop
      vertex 2.9263548302419236 14.711779206048456 4
      vertex 3.882285676537811 14.488887394336025 4
      vertex 2.9263548302419236 14.711779206048456 56
    endloop
  endfacet
  facet normal -0.2902846772544632 -0.9569403357322086 0
    outer loop
      vertex 3.882285676537811 14.488887394336025 4
      vertex 4.821591979547424 14.203951942426585 4
      vertex 3.882285676537811 14.488887394336025 56
    endloop
  endfacet
  facet normal -0.03271908282177589 -0.9994645874763657 0
    outer loop
      vertex 0.981046938452146 14.967883848579053 4
      vertex 0.981046938452146 14.967883848579053 56
      vertex 0 15 56
    endloop
  endfacet
  facet normal -0.09801714032956187 -0.9951847266721967 0
    outer loop
      vertex 1.9578928833007736 14.871672920607155 4
      vertex 1.9578928833007736 14.871672920607155 56
      vertex 0.981046938452146 14.967883848579053 56
    endloop
  endfacet
  facet normal -0.16289547339458804 -0.9866433320848791 0
    outer loop
      vertex 2.9263548302419236 14.711779206048456 4
      vertex 2.9263548302419236 14.711779206048456 56
      vertex 1.9578928833007736 14.871672920607155 56
    endloop
  endfacet
  facet normal -0.22707626303437203 -0.9738769792773341 0
    outer loop
      vertex 3.882285676537811 14.488887394336025 4
      vertex 3.882285676537811 14.488887394336025 56
      vertex 2.9263548302419236 14.711779206048456 56
    endloop
  endfacet
  facet normal -0.2902846772544632 -0.9569403357322086 0
    outer loop
      vertex 4.821591979547424 14.203951942426585 4
      vertex 4.821591979547424 14.203951942426585 56
      vertex 3.882285676537811 14.488887394336025 56
    endloop
  endfacet
  facet normal -0.3522500479212331 -0.935905926757326 0
    outer loop
      vertex 4.821591979547424 14.203951942426585 4
      vertex 5.740251485476347 13.858192987669302 4
      vertex 4.821591979547424 14.203951942426585 56
    endloop
  endfacet
  facet normal -0.4127070298043954 -0.9108638249211756 0
    outer loop
      vertex 5.740251485476347 13.858192987669302 4
      vertex 6.634330353285019 13.453091122990324 4
      vertex 5.740251485476347 13.858192987669302 56
    endloop
  endfacet
  facet normal -0.4713967368259986 -0.8819212643483545 0
    outer loop
      vertex 6.634330353285019 13.453091122990324 4
      vertex 7.5 12.990381056766578 4
      vertex 6.634330353285019 13.453091122990324 56
    endloop
  endfacet
  facet normal -0.6343932841636454 -0.773010453362737 0
    outer loop
      vertex 9.13142143513081 11.900300104368528 4
      vertex 9.890187226501032 11.277597112184662 4
      vertex 9.13142143513081 11.900300104368528 56
    endloop
  endfacet
  facet normal -0.5280678506503667 -0.8492021815265797 0
    outer loop
      vertex 7.5 12.990381056766578 4
      vertex 8.333553495294034 12.472044184538179 4
      vertex 7.5 12.990381056766578 56
    endloop
  endfacet
  facet normal -0.5824776968678025 -0.812846684591615 0
    outer loop
      vertex 8.333553495294034 12.472044184538179 4
      vertex 9.13142143513081 11.900300104368528 4
      vertex 8.333553495294034 12.472044184538179 56
    endloop
  endfacet
  facet normal -0.3522500479212331 -0.935905926757326 0
    outer loop
      vertex 5.740251485476347 13.858192987669302 4
      vertex 5.740251485476347 13.858192987669302 56
      vertex 4.821591979547424 14.203951942426585 56
    endloop
  endfacet
  facet normal -0.4127070298043954 -0.9108638249211756 0
    outer loop
      vertex 6.634330353285019 13.453091122990324 4
      vertex 6.634330353285019 13.453091122990324 56
      vertex 5.740251485476347 13.858192987669302 56
    endloop
  endfacet
  facet normal -0.5280678506503667 -0.8492021815265797 0
    outer loop
      vertex 8.333553495294034 12.472044184538179 4
      vertex 8.333553495294034 12.472044184538179 56
      vertex 7.5 12.990381056766578 56
    endloop
  endfacet
  facet normal -0.4713967368259986 -0.8819212643483545 0
    outer loop
      vertex 7.5 12.990381056766578 4
      vertex 7.5 12.990381056766578 56
      vertex 6.634330353285019 13.453091122990324 56
    endloop
  endfacet
  facet normal -0.5824776968678025 -0.812846684591615 0
    outer loop
      vertex 9.13142143513081 11.900300104368528 4
      vertex 9.13142143513081 11.900300104368528 56
      vertex 8.333553495294034 12.472044184538179 56
    endloop
  endfacet
  facet normal 0 0 1
    outer loop
      vertex 9.890187226501032 -11.277597112184662 4
      vertex 10.606601717798213 10.606601717798213 4
      vertex 9.890187226501032 11.277597112184662 4
    endloop
  endfacet
  facet normal 0 0 1
    outer loop
      vertex 10.606601717798213 -10.606601717798213 4
      vertex 11.277597112184662 9.890187226501032 4
      vertex 10.606601717798213 10.606601717798213 4
    endloop
  endfacet
  facet normal 0 0 1
    outer loop
      vertex 11.277597112184662 -9.890187226501032 4
      vertex 11.900300104368528 9.13142143513081 4
      vertex 11.277597112184662 9.890187226501032 4
    endloop
  endfacet
  facet normal 0 0 1
    outer loop
      vertex 12.990381056766578 -7.5 4
      vertex 13.453091122990324 6.634330353285019 4
      vertex 12.990381056766578 7.5 4
    endloop
  endfacet
  facet normal 0 0 1
    outer loop
      vertex 13.453091122990324 -6.634330353285019 4
      vertex 13.858192987669302 5.740251485476347 4
      vertex 13.453091122990324 6.634330353285019 4
    endloop
  endfacet
  facet normal 0 0 1
    outer loop
      vertex 13.858192987669302 -5.740251485476347 4
      vertex 14.203951942426585 4.821591979547424 4
      vertex 13.858192987669302 5.740251485476347 4
    endloop
  endfacet
  facet normal 0 0 1
    outer loop
      vertex 11.900300104368528 -9.13142143513081 4
      vertex 12.472044184538179 8.333553495294034 4
      vertex 11.900300104368528 9.13142143513081 4
    endloop
  endfacet
  facet normal 0 0 1
    outer loop
      vertex 12.472044184538179 -8.333553495294034 4
      vertex 12.990381056766578 7.5 4
      vertex 12.472044184538179 8.333553495294034 4
    endloop
  endfacet
  facet normal 0 0 1
    outer loop
      vertex 14.711779206048456 -2.9263548302419236 4
      vertex 14.871672920607155 1.9578928833007736 4
      vertex 14.711779206048456 2.9263548302419236 4
    endloop
  endfacet
  facet normal 0 0 1
    outer loop
      vertex 14.488887394336025 -3.882285676537811 4
      vertex 14.711779206048456 2.9263548302419236 4
      vertex 14.488887394336025 3.882285676537811 4
    endloop
  endfacet
  facet normal 0 0 1
    outer loop
      vertex 14.967883848579053 -0.981046938452146 4
      vertex 15 0 4
      vertex 14.967883848579053 0.981046938452146 4
    endloop
  endfacet
  facet normal 0 0 1
    outer loop
      vertex 14.871672920607155 -1.9578928833007736 4
      vertex 14.967883848579053 0.981046938452146 4
      vertex 14.871672920607155 1.9578928833007736 4
    endloop
  endfacet
  facet normal 0 0 1
    outer loop
      vertex 14.203951942426585 -4.821591979547424 4
      vertex 14.488887394336025 3.882285676537811 4
      vertex 14.203951942426585 4.821591979547424 4
    endloop
  endfacet
  facet normal -0.773010453362737 -0.6343932841636454 0
    outer loop
      vertex 11.900300104368528 9.13142143513081 4
      vertex 11.900300104368528 9.13142143513081 56
      vertex 11.277597112184662 9.890187226501032 4
    endloop
  endfacet
  facet normal -0.935905926757326 -0.3522500479212331 0
    outer loop
      vertex 14.203951942426585 4.821591979547424 4
      vertex 14.203951942426585 4.821591979547424 56
      vertex 13.858192987669302 5.740251485476347 4
    endloop
  endfacet
  facet normal -0.8819212643483545 -0.4713967368259986 0
    outer loop
      vertex 13.453091122990324 6.634330353285019 4
      vertex 13.453091122990324 6.634330353285019 56
      vertex 12.990381056766578 7.5 4
    endloop
  endfacet
  facet normal -0.9108638249211756 -0.4127070298043954 0
    outer loop
      vertex 13.858192987669302 5.740251485476347 4
      vertex 13.858192987669302 5.740251485476347 56
      vertex 13.453091122990324 6.634330353285019 4
    endloop
  endfacet
  facet normal -0.8492021815265797 -0.5280678506503667 0
    outer loop
      vertex 12.990381056766578 7.5 4
      vertex 12.990381056766578 7.5 56
      vertex 12.472044184538179 8.333553495294034 4
    endloop
  endfacet
  facet normal -0.812846684591615 -0.5824776968678025 0
    outer loop
      vertex 11.900300104368528 9.13142143513081 4
      vertex 12.472044184538179 8.333553495294034 4
      vertex 12.472044184538179 8.333553495294034 56
    endloop
  endfacet
  facet normal -0.935905926757326 -0.3522500479212331 0
    outer loop
      vertex 13.858192987669302 5.740251485476347 4
      vertex 14.203951942426585 4.821591979547424 56
      vertex 13.858192987669302 5.740251485476347 56
    endloop
  endfacet
  facet normal -0.9108638249211756 -0.4127070298043954 0
    outer loop
      vertex 13.453091122990324 6.634330353285019 4
      vertex 13.858192987669302 5.740251485476347 56
      vertex 13.453091122990324 6.634330353285019 56
    endloop
  endfacet
  facet normal -0.8492021815265797 -0.5280678506503667 0
    outer loop
      vertex 12.472044184538179 8.333553495294034 4
      vertex 12.990381056766578 7.5 56
      vertex 12.472044184538179 8.333553495294034 56
    endloop
  endfacet
  facet normal -0.812846684591615 -0.5824776968678025 0
    outer loop
      vertex 11.900300104368528 9.13142143513081 4
      vertex 12.472044184538179 8.333553495294034 56
      vertex 11.900300104368528 9.13142143513081 56
    endloop
  endfacet
  facet normal -0.8819212643483545 -0.4713967368259986 0
    outer loop
      vertex 12.990381056766578 7.5 4
      vertex 13.453091122990324 6.634330353285019 56
      vertex 12.990381056766578 7.5 56
    endloop
  endfacet
  facet normal -0.9994645874763657 -0.03271908282177589 0
    outer loop
      vertex 15 0 4
      vertex 15 0 56
      vertex 14.967883848579053 0.981046938452146 4
    endloop
  endfacet
  facet normal -0.9866433320848791 -0.16289547339458804 0
    outer loop
      vertex 14.871672920607155 1.9578928833007736 4
      vertex 14.871672920607155 1.9578928833007736 56
      vertex 14.711779206048456 2.9263548302419236 4
    endloop
  endfacet
  facet normal -0.9951847266721967 -0.09801714032956187 0
    outer loop
      vertex 14.967883848579053 0.981046938452146 4
      vertex 14.967883848579053 0.981046938452146 56
      vertex 14.871672920607155 1.9578928833007736 4
    endloop
  endfacet
  facet normal -0.9738769792773341 -0.22707626303437203 0
    outer loop
      vertex 14.711779206048456 2.9263548302419236 4
      vertex 14.711779206048456 2.9263548302419236 56
      vertex 14.488887394336025 3.882285676537811 4
    endloop
  endfacet
  facet normal -0.9569403357322086 -0.2902846772544632 0
    outer loop
      vertex 14.203951942426585 4.821591979547424 4
      vertex 14.488887394336025 3.882285676537811 4
      vertex 14.488887394336025 3.882285676537811 56
    endloop
  endfacet
  facet normal -0.9994645874763657 -0.03271908282177589 0
    outer loop
      vertex 14.967883848579053 0.981046938452146 4
      vertex 15 0 56
      vertex 14.967883848579053 0.981046938452146 56
    endloop
  endfacet
  facet normal -0.9951847266721967 -0.09801714032956187 0
    outer loop
      vertex 14.871672920607155 1.9578928833007736 4
      vertex 14.967883848579053 0.981046938452146 56
      vertex 14.871672920607155 1.9578928833007736 56
    endloop
  endfacet
  facet normal -0.9866433320848791 -0.16289547339458804 0
    outer loop
      vertex 14.711779206048456 2.9263548302419236 4
      vertex 14.871672920607155 1.9578928833007736 56
      vertex 14.711779206048456 2.9263548302419236 56
    endloop
  endfacet
  facet normal -0.9738769792773341 -0.22707626303437203 0
    outer loop
      vertex 14.488887394336025 3.882285676537811 4
      vertex 14.711779206048456 2.9263548302419236 56
      vertex 14.488887394336025 3.882285676537811 56
    endloop
  endfacet
  facet normal -0.9569403357322086 -0.2902846772544632 0
    outer loop
      vertex 14.203951942426585 4.821591979547424 4
      vertex 14.488887394336025 3.882285676537811 56
      vertex 14.203951942426585 4.821591979547424 56
    endloop
  endfacet
  facet normal -0.6835923020228709 -0.729864072697836 0
    outer loop
      vertex 10.606601717798213 10.606601717798213 4
      vertex 9.890187226501032 11.277597112184662 56
      vertex 9.890187226501032 11.277597112184662 4
    endloop
  endfacet
  facet normal -0.729864072697836 -0.6835923020228709 0
    outer loop
      vertex 10.606601717798213 10.606601717798213 4
      vertex 11.277597112184662 9.890187226501032 4
      vertex 11.277597112184662 9.890187226501032 56
    endloop
  endfacet
  facet normal -0.6343932841636454 -0.773010453362737 0
    outer loop
      vertex 9.890187226501032 11.277597112184662 4
      vertex 9.890187226501032 11.277597112184662 56
      vertex 9.13142143513081 11.900300104368528 56
    endloop
  endfacet
  facet normal -0.6835923020228709 -0.729864072697836 0
    outer loop
      vertex 10.606601717798213 10.606601717798213 4
      vertex 10.606601717798213 10.606601717798213 56
      vertex 9.890187226501032 11.277597112184662 56
    endloop
  endfacet
  facet normal -0.729864072697836 -0.6835923020228709 0
    outer loop
      vertex 10.606601717798213 10.606601717798213 4
      vertex 11.277597112184662 9.890187226501032 56
      vertex 10.606601717798213 10.606601717798213 56
    endloop
  endfacet
  facet normal -0.773010453362737 -0.6343932841636454 0
    outer loop
      vertex 11.277597112184662 9.890187226501032 4
      vertex 11.900300104368528 9.13142143513081 56
      vertex 11.277597112184662 9.890187226501032 56
    endloop
  endfacet
  facet normal 0 0 -1
    outer loop
      vertex 0 5.4 56
      vertex 0.981046938452146 14.967883848579053 56
      vertex 0.35317689784277256 5.388438185488459 56
    endloop
  endfacet
  facet normal 0 0 -1
    outer loop
      vertex 0.35317689784277256 5.388438185488459 56
      vertex 0.981046938452146 14.967883848579053 56
      vertex 0.7048414379882786 5.353802251418577 56
    endloop
  endfacet
  facet normal 0 0 -1
    outer loop
      vertex 1.0534877388870927 5.296240514177445 56
      vertex 0.7048414379882786 5.353802251418577 56
      vertex 0.981046938452146 14.967883848579053 56
    endloop
  endfacet
  facet normal 0 0 -1
    outer loop
      vertex 1.0534877388870927 5.296240514177445 56
      vertex 1.9578928833007736 14.871672920607155 56
      vertex 1.397622843553612 5.215999461960969 56
    endloop
  endfacet
  facet normal 0 0 -1
    outer loop
      vertex 1.397622843553612 5.215999461960969 56
      vertex 1.9578928833007736 14.871672920607155 56
      vertex 1.7357731126370728 5.113422699273571 56
    endloop
  endfacet
  facet normal 0 0 -1
    outer loop
      vertex 1.7357731126370728 5.113422699273571 56
      vertex 1.9578928833007736 14.871672920607155 56
      vertex 2.066490534771485 4.988949475560949 56
    endloop
  endfacet
  facet normal 0 0 -1
    outer loop
      vertex 4.059934960386478 3.560467401540372 56
      vertex 4.821591979547424 14.203951942426585 56
      vertex 4.28410803757267 3.2873117166470918 56
    endloop
  endfacet
  facet normal 0 0 -1
    outer loop
      vertex 4.676537180435969 2.7 56
      vertex 4.489935906433745 3.0000792583058518 56
      vertex 4.821591979547424 14.203951942426585 56
    endloop
  endfacet
  facet normal 0 0 -1
    outer loop
      vertex 4.28410803757267 3.2873117166470918 56
      vertex 4.821591979547424 14.203951942426585 56
      vertex 4.489935906433745 3.0000792583058518 56
    endloop
  endfacet
  facet normal 0 0 -1
    outer loop
      vertex 2.066490534771485 4.988949475560949 56
      vertex 2.9263548302419236 14.711779206048456 56
      vertex 2.3883589271826073 4.843112804276517 56
    endloop
  endfacet
  facet normal 0 0 -1
    outer loop
      vertex 2.7 4.676537180435969 56
      vertex 2.3883589271826073 4.843112804276517 56
      vertex 2.9263548302419236 14.711779206048456 56
    endloop
  endfacet
  facet normal 0 0 -1
    outer loop
      vertex 2.7 4.676537180435969 56
      vertex 2.9263548302419236 14.711779206048456 56
      vertex 3.0000792583058518 4.489935906433745 56
    endloop
  endfacet
  facet normal 0 0 -1
    outer loop
      vertex 3.0000792583058518 4.489935906433745 56
      vertex 3.882285676537811 14.488887394336025 56
      vertex 3.2873117166470918 4.28410803757267 56
    endloop
  endfacet
  facet normal 0 0 -1
    outer loop
      vertex 3.560467401540372 4.059934960386478 56
      vertex 3.2873117166470918 4.28410803757267 56
      vertex 3.882285676537811 14.488887394336025 56
    endloop
  endfacet
  facet normal 0 0 -1
    outer loop
      vertex 3.560467401540372 4.059934960386478 56
      vertex 3.882285676537811 14.488887394336025 56
      vertex 3.818376618407357 3.818376618407357 56
    endloop
  endfacet
  facet normal 0 0 -1
    outer loop
      vertex 4.059934960386478 3.560467401540372 56
      vertex 3.818376618407357 3.818376618407357 56
      vertex 3.882285676537811 14.488887394336025 56
    endloop
  endfacet
  facet normal 0 0 -1
    outer loop
      vertex 5.740251485476347 -13.858192987669302 56
      vertex 5.4 0 56
      vertex 5.740251485476347 13.858192987669302 56
    endloop
  endfacet
  facet normal 0 0 -1
    outer loop
      vertex 5.4 0 56
      vertex 5.388438185488459 0.35317689784277256 56
      vertex 5.740251485476347 13.858192987669302 56
    endloop
  endfacet
  facet normal 0 0 -1
    outer loop
      vertex 6.634330353285019 -13.453091122990324 56
      vertex 5.740251485476347 13.858192987669302 56
      vertex 6.634330353285019 13.453091122990324 56
    endloop
  endfacet
  facet normal 0 0 -1
    outer loop
      vertex 7.5 -12.990381056766578 56
      vertex 6.634330353285019 13.453091122990324 56
      vertex 7.5 12.990381056766578 56
    endloop
  endfacet
  facet normal 0 0 -1
    outer loop
      vertex 8.333553495294034 -12.472044184538179 56
      vertex 7.5 12.990381056766578 56
      vertex 8.333553495294034 12.472044184538179 56
    endloop
  endfacet
  facet normal 0 0 -1
    outer loop
      vertex 9.13142143513081 -11.900300104368528 56
      vertex 8.333553495294034 12.472044184538179 56
      vertex 9.13142143513081 11.900300104368528 56
    endloop
  endfacet
  facet normal 0 0 -1
    outer loop
      vertex 5.215999461960969 1.397622843553612 56
      vertex 5.113422699273571 1.7357731126370728 56
      vertex 4.821591979547424 14.203951942426585 56
    endloop
  endfacet
  facet normal 0 0 -1
    outer loop
      vertex 5.388438185488459 0.35317689784277256 56
      vertex 5.353802251418577 0.7048414379882786 56
      vertex 5.740251485476347 13.858192987669302 56
    endloop
  endfacet
  facet normal 0 0 -1
    outer loop
      vertex 5.296240514177445 1.0534877388870927 56
      vertex 5.740251485476347 13.858192987669302 56
      vertex 5.353802251418577 0.7048414379882786 56
    endloop
  endfacet
  facet normal 0 0 -1
    outer loop
      vertex 5.296240514177445 1.0534877388870927 56
      vertex 5.215999461960969 1.397622843553612 56
      vertex 5.740251485476347 13.858192987669302 56
    endloop
  endfacet
  facet normal 0 0 -1
    outer loop
      vertex 4.988949475560949 2.066490534771485 56
      vertex 4.843112804276517 2.3883589271826073 56
      vertex 4.821591979547424 14.203951942426585 56
    endloop
  endfacet
  facet normal 0 0 -1
    outer loop
      vertex 5.113422699273571 1.7357731126370728 56
      vertex 4.988949475560949 2.066490534771485 56
      vertex 4.821591979547424 14.203951942426585 56
    endloop
  endfacet
  facet normal 0 0 -1
    outer loop
      vertex 4.676537180435969 2.7 56
      vertex 4.821591979547424 14.203951942426585 56
      vertex 4.843112804276517 2.3883589271826073 56
    endloop
  endfacet
  facet normal 0 0 -1
    outer loop
      vertex 0 5.4 56
      vertex 0 15 56
      vertex 0.981046938452146 14.967883848579053 56
    endloop
  endfacet
  facet normal 0 0 -1
    outer loop
      vertex 1.0534877388870927 5.296240514177445 56
      vertex 0.981046938452146 14.967883848579053 56
      vertex 1.9578928833007736 14.871672920607155 56
    endloop
  endfacet
  facet normal 0 0 -1
    outer loop
      vertex 2.066490534771485 4.988949475560949 56
      vertex 1.9578928833007736 14.871672920607155 56
      vertex 2.9263548302419236 14.711779206048456 56
    endloop
  endfacet
  facet normal 0 0 -1
    outer loop
      vertex 3.0000792583058518 4.489935906433745 56
      vertex 2.9263548302419236 14.711779206048456 56
      vertex 3.882285676537811 14.488887394336025 56
    endloop
  endfacet
  facet normal 0 0 -1
    outer loop
      vertex 4.059934960386478 3.560467401540372 56
      vertex 3.882285676537811 14.488887394336025 56
      vertex 4.821591979547424 14.203951942426585 56
    endloop
  endfacet
  facet normal 0 0 -1
    outer loop
      vertex 5.215999461960969 1.397622843553612 56
      vertex 4.821591979547424 14.203951942426585 56
      vertex 5.740251485476347 13.858192987669302 56
    endloop
  endfacet
  facet normal 0 0 -1
    outer loop
      vertex 9.890187226501032 -11.277597112184662 56
      vertex 9.13142143513081 11.900300104368528 56
      vertex 9.890187226501032 11.277597112184662 56
    endloop
  endfacet
  facet normal 0 0 -1
    outer loop
      vertex 10.606601717798213 -10.606601717798213 56
      vertex 9.890187226501032 11.277597112184662 56
      vertex 10.606601717798213 10.606601717798213 56
    endloop
  endfacet
  facet normal 0 0 -1
    outer loop
      vertex 11.277597112184662 -9.890187226501032 56
      vertex 10.606601717798213 10.606601717798213 56
      vertex 11.277597112184662 9.890187226501032 56
    endloop
  endfacet
  facet normal 0 0 -1
    outer loop
      vertex 11.900300104368528 -9.13142143513081 56
      vertex 11.277597112184662 9.890187226501032 56
      vertex 11.900300104368528 9.13142143513081 56
    endloop
  endfacet
  facet normal 0 0 -1
    outer loop
      vertex 13.858192987669302 -5.740251485476347 56
      vertex 13.453091122990324 6.634330353285019 56
      vertex 13.858192987669302 5.740251485476347 56
    endloop
  endfacet
  facet normal 0 0 -1
    outer loop
      vertex 14.203951942426585 -4.821591979547424 56
      vertex 13.858192987669302 5.740251485476347 56
      vertex 14.203951942426585 4.821591979547424 56
    endloop
  endfacet
  facet normal 0 0 -1
    outer loop
      vertex 12.472044184538179 -8.333553495294034 56
      vertex 11.900300104368528 9.13142143513081 56
      vertex 12.472044184538179 8.333553495294034 56
    endloop
  endfacet
  facet normal 0 0 -1
    outer loop
      vertex 12.990381056766578 -7.5 56
      vertex 12.472044184538179 8.333553495294034 56
      vertex 12.990381056766578 7.5 56
    endloop
  endfacet
  facet normal 0 0 -1
    outer loop
      vertex 13.453091122990324 -6.634330353285019 56
      vertex 12.990381056766578 7.5 56
      vertex 13.453091122990324 6.634330353285019 56
    endloop
  endfacet
  facet normal 0 0 -1
    outer loop
      vertex 14.871672920607155 -1.9578928833007736 56
      vertex 14.711779206048456 2.9263548302419236 56
      vertex 14.871672920607155 1.9578928833007736 56
    endloop
  endfacet
  facet normal 0 0 -1
    outer loop
      vertex 14.967883848579053 -0.981046938452146 56
      vertex 14.967883848579053 0.981046938452146 56
      vertex 15 0 56
    endloop
  endfacet
  facet normal 0 0 -1
    outer loop
      vertex 14.967883848579053 -0.981046938452146 56
      vertex 14.871672920607155 1.9578928833007736 56
      vertex 14.967883848579053 0.981046938452146 56
    endloop
  endfacet
  facet normal 0 0 -1
    outer loop
      vertex 14.488887394336025 -3.882285676537811 56
      vertex 14.203951942426585 4.821591979547424 56
      vertex 14.488887394336025 3.882285676537811 56
    endloop
  endfacet
  facet normal 0 0 -1
    outer loop
      vertex 14.711779206048456 -2.9263548302419236 56
      vertex 14.488887394336025 3.882285676537811 56
      vertex 14.711779206048456 2.9263548302419236 56
    endloop
  endfacet
  facet normal 0.8819212643483549 0.47139673682599764 0
    outer loop
      vertex -4.843112804276517 -2.3883589271826073 56
      vertex -4.843112804276517 -2.3883589271826073 60
      vertex -4.676537180435969 -2.7 56
    endloop
  endfacet
  facet normal 0.9359059267573251 0.3522500479212352 0
    outer loop
      vertex -4.988949475560949 -2.066490534771485 56
      vertex -5.113422699273571 -1.7357731126370728 56
      vertex -5.113422699273571 -1.7357731126370728 60
    endloop
  endfacet
  facet normal 0.9108638249211759 0.4127070298043944 0
    outer loop
      vertex -4.843112804276517 -2.3883589271826073 56
      vertex -4.988949475560949 -2.066490534771485 56
      vertex -4.988949475560949 -2.066490534771485 60
    endloop
  endfacet
  facet normal 0.9108638249211759 0.4127070298043944 0
    outer loop
      vertex -4.843112804276517 -2.3883589271826073 56
      vertex -4.988949475560949 -2.066490534771485 60
      vertex -4.843112804276517 -2.3883589271826073 60
    endloop
  endfacet
  facet normal 0.9359059267573251 0.3522500479212352 0
    outer loop
      vertex -4.988949475560949 -2.066490534771485 56
      vertex -5.113422699273571 -1.7357731126370728 60
      vertex -4.988949475560949 -2.066490534771485 60
    endloop
  endfacet
  facet normal 0.9569403357322093 0.29028467725446083 0
    outer loop
      vertex -5.113422699273571 -1.7357731126370728 56
      vertex -5.215999461960969 -1.397622843553612 56
      vertex -5.215999461960969 -1.397622843553612 60
    endloop
  endfacet
  facet normal 0.9569403357322093 0.29028467725446083 0
    outer loop
      vertex -5.113422699273571 -1.7357731126370728 56
      vertex -5.215999461960969 -1.397622843553612 60
      vertex -5.113422699273571 -1.7357731126370728 60
    endloop
  endfacet
  facet normal 0.9738769792773337 0.22707626303437312 0
    outer loop
      vertex -5.215999461960969 -1.397622843553612 56
      vertex -5.296240514177445 -1.0534877388870927 60
      vertex -5.215999461960969 -1.397622843553612 60
    endloop
  endfacet
  facet normal 0.9951847266721969 0.09801714032956006 0
    outer loop
      vertex -5.353802251418577 -0.7048414379882786 56
      vertex -5.388438185488459 -0.35317689784277256 56
      vertex -5.388438185488459 -0.35317689784277256 60
    endloop
  endfacet
  facet normal 0.9994645874763656 0.032719082821776685 0
    outer loop
      vertex -5.388438185488459 -0.35317689784277256 56
      vertex -5.4 0 56
      vertex -5.4 0 60
    endloop
  endfacet
  facet normal 0.9951847266721969 0.09801714032956006 0
    outer loop
      vertex -5.353802251418577 -0.7048414379882786 56
      vertex -5.388438185488459 -0.35317689784277256 60
      vertex -5.353802251418577 -0.7048414379882786 60
    endloop
  endfacet
  facet normal 0.9994645874763656 0.032719082821776685 0
    outer loop
      vertex -5.388438185488459 -0.35317689784277256 56
      vertex -5.4 0 60
      vertex -5.388438185488459 -0.35317689784277256 60
    endloop
  endfacet
  facet normal 0.9738769792773337 0.22707626303437312 0
    outer loop
      vertex -5.215999461960969 -1.397622843553612 56
      vertex -5.296240514177445 -1.0534877388870927 56
      vertex -5.296240514177445 -1.0534877388870927 60
    endloop
  endfacet
  facet normal 0.9866433320848789 0.16289547339458899 0
    outer loop
      vertex -5.353802251418577 -0.7048414379882786 56
      vertex -5.353802251418577 -0.7048414379882786 60
      vertex -5.296240514177445 -1.0534877388870927 56
    endloop
  endfacet
  facet normal 0.9866433320848789 0.16289547339458899 0
    outer loop
      vertex -5.296240514177445 -1.0534877388870927 56
      vertex -5.353802251418577 -0.7048414379882786 60
      vertex -5.296240514177445 -1.0534877388870927 60
    endloop
  endfacet
  facet normal 0.47139673682599764 0.8819212643483549 0
    outer loop
      vertex -2.3883589271826073 -4.843112804276517 56
      vertex -2.7 -4.676537180435969 60
      vertex -2.3883589271826073 -4.843112804276517 60
    endloop
  endfacet
  facet normal 0.4127070298043944 0.9108638249211759 0
    outer loop
      vertex -2.3883589271826073 -4.843112804276517 56
      vertex -2.3883589271826073 -4.843112804276517 60
      vertex -2.066490534771485 -4.988949475560949 56
    endloop
  endfacet
  facet normal 0.3522500479212352 0.9359059267573251 0
    outer loop
      vertex -2.066490534771485 -4.988949475560949 56
      vertex -2.066490534771485 -4.988949475560949 60
      vertex -1.7357731126370728 -5.113422699273571 56
    endloop
  endfacet
  facet normal 0.4127070298043944 0.9108638249211759 0
    outer loop
      vertex -2.3883589271826073 -4.843112804276517 60
      vertex -2.066490534771485 -4.988949475560949 60
      vertex -2.066490534771485 -4.988949475560949 56
    endloop
  endfacet
  facet normal 0.3522500479212352 0.9359059267573251 0
    outer loop
      vertex -1.7357731126370728 -5.113422699273571 56
      vertex -2.066490534771485 -4.988949475560949 60
      vertex -1.7357731126370728 -5.113422699273571 60
    endloop
  endfacet
  facet normal 0.29028467725446083 0.9569403357322093 0
    outer loop
      vertex -1.7357731126370728 -5.113422699273571 56
      vertex -1.7357731126370728 -5.113422699273571 60
      vertex -1.397622843553612 -5.215999461960969 56
    endloop
  endfacet
  facet normal 0.22707626303437312 0.9738769792773337 0
    outer loop
      vertex -1.397622843553612 -5.215999461960969 56
      vertex -1.397622843553612 -5.215999461960969 60
      vertex -1.0534877388870927 -5.296240514177445 56
    endloop
  endfacet
  facet normal 0.29028467725446083 0.9569403357322093 0
    outer loop
      vertex -1.397622843553612 -5.215999461960969 56
      vertex -1.7357731126370728 -5.113422699273571 60
      vertex -1.397622843553612 -5.215999461960969 60
    endloop
  endfacet
  facet normal 0.16289547339458899 0.9866433320848789 0
    outer loop
      vertex -0.7048414379882786 -5.353802251418577 56
      vertex -1.0534877388870927 -5.296240514177445 56
      vertex -1.0534877388870927 -5.296240514177445 60
    endloop
  endfacet
  facet normal 0.22707626303437312 0.9738769792773337 0
    outer loop
      vertex -1.0534877388870927 -5.296240514177445 56
      vertex -1.397622843553612 -5.215999461960969 60
      vertex -1.0534877388870927 -5.296240514177445 60
    endloop
  endfacet
  facet normal 0.16289547339458899 0.9866433320848789 0
    outer loop
      vertex -0.7048414379882786 -5.353802251418577 56
      vertex -1.0534877388870927 -5.296240514177445 60
      vertex -0.7048414379882786 -5.353802251418577 60
    endloop
  endfacet
  facet normal 0.09801714032956006 0.9951847266721969 0
    outer loop
      vertex -0.7048414379882786 -5.353802251418577 56
      vertex -0.7048414379882786 -5.353802251418577 60
      vertex -0.35317689784277256 -5.388438185488459 56
    endloop
  endfacet
  facet normal 0.032719082821776685 0.9994645874763656 0
    outer loop
      vertex -0.35317689784277256 -5.388438185488459 56
      vertex -0.35317689784277256 -5.388438185488459 60
      vertex 0 -5.4 56
    endloop
  endfacet
  facet normal 0.09801714032956006 0.9951847266721969 0
    outer loop
      vertex -0.35317689784277256 -5.388438185488459 56
      vertex -0.7048414379882786 -5.353802251418577 60
      vertex -0.35317689784277256 -5.388438185488459 60
    endloop
  endfacet
  facet normal 0.032719082821776685 0.9994645874763656 0
    outer loop
      vertex -0.35317689784277256 -5.388438185488459 60
      vertex 0 -5.4 60
      vertex 0 -5.4 56
    endloop
  endfacet
  facet normal 0.7298640726978364 0.6835923020228704 0
    outer loop
      vertex -3.818376618407357 -3.818376618407357 56
      vertex -4.059934960386478 -3.560467401540372 56
      vertex -4.059934960386478 -3.560467401540372 60
    endloop
  endfacet
  facet normal 0.6835923020228704 0.7298640726978364 0
    outer loop
      vertex -3.818376618407357 -3.818376618407357 56
      vertex -3.818376618407357 -3.818376618407357 60
      vertex -3.560467401540372 -4.059934960386478 56
    endloop
  endfacet
  facet normal 0.7298640726978364 0.6835923020228704 0
    outer loop
      vertex -3.818376618407357 -3.818376618407357 56
      vertex -4.059934960386478 -3.560467401540372 60
      vertex -3.818376618407357 -3.818376618407357 60
    endloop
  endfacet
  facet normal 0.6835923020228704 0.7298640726978364 0
    outer loop
      vertex -3.560467401540372 -4.059934960386478 56
      vertex -3.818376618407357 -3.818376618407357 60
      vertex -3.560467401540372 -4.059934960386478 60
    endloop
  endfacet
  facet normal 0.7730104533627368 0.6343932841636458 0
    outer loop
      vertex -4.28410803757267 -3.2873117166470918 56
      vertex -4.28410803757267 -3.2873117166470918 60
      vertex -4.059934960386478 -3.560467401540372 56
    endloop
  endfacet
  facet normal 0.8128466845916151 0.5824776968678023 0
    outer loop
      vertex -4.489935906433745 -3.0000792583058518 56
      vertex -4.489935906433745 -3.0000792583058518 60
      vertex -4.28410803757267 -3.2873117166470918 56
    endloop
  endfacet
  facet normal 0.8128466845916151 0.5824776968678023 0
    outer loop
      vertex -4.28410803757267 -3.2873117166470918 56
      vertex -4.489935906433745 -3.0000792583058518 60
      vertex -4.28410803757267 -3.2873117166470918 60
    endloop
  endfacet
  facet normal 0.8492021815265789 0.5280678506503678 0
    outer loop
      vertex -4.489935906433745 -3.0000792583058518 56
      vertex -4.676537180435969 -2.7 56
      vertex -4.676537180435969 -2.7 60
    endloop
  endfacet
  facet normal 0.8492021815265789 0.5280678506503678 0
    outer loop
      vertex -4.489935906433745 -3.0000792583058518 56
      vertex -4.676537180435969 -2.7 60
      vertex -4.489935906433745 -3.0000792583058518 60
    endloop
  endfacet
  facet normal 0.8819212643483549 0.47139673682599764 0
    outer loop
      vertex -4.843112804276517 -2.3883589271826073 60
      vertex -4.676537180435969 -2.7 60
      vertex -4.676537180435969 -2.7 56
    endloop
  endfacet
  facet normal 0.7730104533627368 0.6343932841636458 0
    outer loop
      vertex -4.059934960386478 -3.560467401540372 56
      vertex -4.28410803757267 -3.2873117166470918 60
      vertex -4.059934960386478 -3.560467401540372 60
    endloop
  endfacet
  facet normal 0.5824776968678023 0.8128466845916151 0
    outer loop
      vertex -3.2873117166470918 -4.28410803757267 56
      vertex -3.2873117166470918 -4.28410803757267 60
      vertex -3.0000792583058518 -4.489935906433745 56
    endloop
  endfacet
  facet normal 0.6343932841636458 0.7730104533627368 0
    outer loop
      vertex -3.2873117166470918 -4.28410803757267 56
      vertex -3.560467401540372 -4.059934960386478 60
      vertex -3.2873117166470918 -4.28410803757267 60
    endloop
  endfacet
  facet normal 0.5824776968678023 0.8128466845916151 0
    outer loop
      vertex -3.0000792583058518 -4.489935906433745 56
      vertex -3.2873117166470918 -4.28410803757267 60
      vertex -3.0000792583058518 -4.489935906433745 60
    endloop
  endfacet
  facet normal 0.6343932841636458 0.7730104533627368 0
    outer loop
      vertex -3.2873117166470918 -4.28410803757267 56
      vertex -3.560467401540372 -4.059934960386478 56
      vertex -3.560467401540372 -4.059934960386478 60
    endloop
  endfacet
  facet normal 0.5280678506503678 0.8492021815265789 0
    outer loop
      vertex -3.0000792583058518 -4.489935906433745 56
      vertex -3.0000792583058518 -4.489935906433745 60
      vertex -2.7 -4.676537180435969 56
    endloop
  endfacet
  facet normal 0.47139673682599764 0.8819212643483549 0
    outer loop
      vertex -2.3883589271826073 -4.843112804276517 56
      vertex -2.7 -4.676537180435969 56
      vertex -2.7 -4.676537180435969 60
    endloop
  endfacet
  facet normal 0.5280678506503678 0.8492021815265789 0
    outer loop
      vertex -2.7 -4.676537180435969 56
      vertex -3.0000792583058518 -4.489935906433745 60
      vertex -2.7 -4.676537180435969 60
    endloop
  endfacet
  facet normal 0.9994645874763656 -0.032719082821776685 0
    outer loop
      vertex -5.4 0 56
      vertex -5.388438185488459 0.35317689784277256 56
      vertex -5.388438185488459 0.35317689784277256 60
    endloop
  endfacet
  facet normal 0.9951847266721969 -0.09801714032956006 0
    outer loop
      vertex -5.388438185488459 0.35317689784277256 56
      vertex -5.353802251418577 0.7048414379882786 56
      vertex -5.353802251418577 0.7048414379882786 60
    endloop
  endfacet
  facet normal 0.9994645874763656 -0.032719082821776685 0
    outer loop
      vertex -5.4 0 56
      vertex -5.388438185488459 0.35317689784277256 60
      vertex -5.4 0 60
    endloop
  endfacet
  facet normal 0.9951847266721969 -0.09801714032956006 0
    outer loop
      vertex -5.388438185488459 0.35317689784277256 56
      vertex -5.353802251418577 0.7048414379882786 60
      vertex -5.388438185488459 0.35317689784277256 60
    endloop
  endfacet
  facet normal 0.9866433320848789 -0.16289547339458899 0
    outer loop
      vertex -5.353802251418577 0.7048414379882786 56
      vertex -5.296240514177445 1.0534877388870927 56
      vertex -5.296240514177445 1.0534877388870927 60
    endloop
  endfacet
  facet normal 0.9866433320848789 -0.16289547339458899 0
    outer loop
      vertex -5.353802251418577 0.7048414379882786 56
      vertex -5.296240514177445 1.0534877388870927 60
      vertex -5.353802251418577 0.7048414379882786 60
    endloop
  endfacet
  facet normal 0.9738769792773337 -0.22707626303437312 0
    outer loop
      vertex -5.296240514177445 1.0534877388870927 56
      vertex -5.215999461960969 1.397622843553612 60
      vertex -5.296240514177445 1.0534877388870927 60
    endloop
  endfacet
  facet normal 0.9738769792773337 -0.22707626303437312 0
    outer loop
      vertex -5.296240514177445 1.0534877388870927 56
      vertex -5.215999461960969 1.397622843553612 56
      vertex -5.215999461960969 1.397622843553612 60
    endloop
  endfacet
  facet normal 0.9569403357322093 -0.29028467725446083 0
    outer loop
      vertex -5.215999461960969 1.397622843553612 56
      vertex -5.113422699273571 1.7357731126370728 56
      vertex -5.113422699273571 1.7357731126370728 60
    endloop
  endfacet
  facet normal 0.9569403357322093 -0.29028467725446083 0
    outer loop
      vertex -5.215999461960969 1.397622843553612 56
      vertex -5.113422699273571 1.7357731126370728 60
      vertex -5.215999461960969 1.397622843553612 60
    endloop
  endfacet
  facet normal 0.9359059267573251 -0.3522500479212352 0
    outer loop
      vertex -5.113422699273571 1.7357731126370728 56
      vertex -4.988949475560949 2.066490534771485 56
      vertex -4.988949475560949 2.066490534771485 60
    endloop
  endfacet
  facet normal 0.9108638249211759 -0.4127070298043944 0
    outer loop
      vertex -4.988949475560949 2.066490534771485 56
      vertex -4.843112804276517 2.3883589271826073 56
      vertex -4.843112804276517 2.3883589271826073 60
    endloop
  endfacet
  facet normal 0.9359059267573251 -0.3522500479212352 0
    outer loop
      vertex -5.113422699273571 1.7357731126370728 56
      vertex -4.988949475560949 2.066490534771485 60
      vertex -5.113422699273571 1.7357731126370728 60
    endloop
  endfacet
  facet normal 0.9108638249211759 -0.4127070298043944 0
    outer loop
      vertex -4.988949475560949 2.066490534771485 56
      vertex -4.843112804276517 2.3883589271826073 60
      vertex -4.988949475560949 2.066490534771485 60
    endloop
  endfacet
  facet normal 0.8819212643483549 -0.47139673682599764 0
    outer loop
      vertex -4.843112804276517 2.3883589271826073 56
      vertex -4.676537180435969 2.7 60
      vertex -4.843112804276517 2.3883589271826073 60
    endloop
  endfacet
  facet normal 0.8819212643483549 -0.47139673682599764 0
    outer loop
      vertex -4.843112804276517 2.3883589271826073 56
      vertex -4.676537180435969 2.7 56
      vertex -4.676537180435969 2.7 60
    endloop
  endfacet
  facet normal 0.8492021815265789 -0.5280678506503678 0
    outer loop
      vertex -4.676537180435969 2.7 56
      vertex -4.489935906433745 3.0000792583058518 56
      vertex -4.489935906433745 3.0000792583058518 60
    endloop
  endfacet
  facet normal 0.8492021815265789 -0.5280678506503678 0
    outer loop
      vertex -4.676537180435969 2.7 56
      vertex -4.489935906433745 3.0000792583058518 60
      vertex -4.676537180435969 2.7 60
    endloop
  endfacet
  facet normal 0.8128466845916151 -0.5824776968678023 0
    outer loop
      vertex -4.489935906433745 3.0000792583058518 56
      vertex -4.28410803757267 3.2873117166470918 56
      vertex -4.28410803757267 3.2873117166470918 60
    endloop
  endfacet
  facet normal 0.8128466845916151 -0.5824776968678023 0
    outer loop
      vertex -4.489935906433745 3.0000792583058518 56
      vertex -4.28410803757267 3.2873117166470918 60
      vertex -4.489935906433745 3.0000792583058518 60
    endloop
  endfacet
  facet normal 0.7730104533627368 -0.6343932841636458 0
    outer loop
      vertex -4.28410803757267 3.2873117166470918 56
      vertex -4.059934960386478 3.560467401540372 60
      vertex -4.28410803757267 3.2873117166470918 60
    endloop
  endfacet
  facet normal 0.7730104533627368 -0.6343932841636458 0
    outer loop
      vertex -4.28410803757267 3.2873117166470918 56
      vertex -4.059934960386478 3.560467401540372 56
      vertex -4.059934960386478 3.560467401540372 60
    endloop
  endfacet
  facet normal 0.7298640726978364 -0.6835923020228704 0
    outer loop
      vertex -4.059934960386478 3.560467401540372 56
      vertex -3.818376618407357 3.818376618407357 56
      vertex -3.818376618407357 3.818376618407357 60
    endloop
  endfacet
  facet normal 0.6835923020228704 -0.7298640726978364 0
    outer loop
      vertex -3.818376618407357 3.818376618407357 56
      vertex -3.560467401540372 4.059934960386478 56
      vertex -3.560467401540372 4.059934960386478 60
    endloop
  endfacet
  facet normal 0.7298640726978364 -0.6835923020228704 0
    outer loop
      vertex -4.059934960386478 3.560467401540372 56
      vertex -3.818376618407357 3.818376618407357 60
      vertex -4.059934960386478 3.560467401540372 60
    endloop
  endfacet
  facet normal 0.6835923020228704 -0.7298640726978364 0
    outer loop
      vertex -3.818376618407357 3.818376618407357 56
      vertex -3.560467401540372 4.059934960386478 60
      vertex -3.818376618407357 3.818376618407357 60
    endloop
  endfacet
  facet normal 0.6343932841636458 -0.7730104533627368 0
    outer loop
      vertex -3.560467401540372 4.059934960386478 56
      vertex -3.2873117166470918 4.28410803757267 60
      vertex -3.560467401540372 4.059934960386478 60
    endloop
  endfacet
  facet normal 0.6343932841636458 -0.7730104533627368 0
    outer loop
      vertex -3.560467401540372 4.059934960386478 56
      vertex -3.2873117166470918 4.28410803757267 56
      vertex -3.2873117166470918 4.28410803757267 60
    endloop
  endfacet
  facet normal 0.5824776968678023 -0.8128466845916151 0
    outer loop
      vertex -3.2873117166470918 4.28410803757267 56
      vertex -3.0000792583058518 4.489935906433745 56
      vertex -3.0000792583058518 4.489935906433745 60
    endloop
  endfacet
  facet normal 0.5824776968678023 -0.8128466845916151 0
    outer loop
      vertex -3.2873117166470918 4.28410803757267 56
      vertex -3.0000792583058518 4.489935906433745 60
      vertex -3.2873117166470918 4.28410803757267 60
    endloop
  endfacet
  facet normal 0.5280678506503678 -0.8492021815265789 0
    outer loop
      vertex -3.0000792583058518 4.489935906433745 56
      vertex -2.7 4.676537180435969 56
      vertex -2.7 4.676537180435969 60
    endloop
  endfacet
  facet normal 0.5280678506503678 -0.8492021815265789 0
    outer loop
      vertex -3.0000792583058518 4.489935906433745 56
      vertex -2.7 4.676537180435969 60
      vertex -3.0000792583058518 4.489935906433745 60
    endloop
  endfacet
  facet normal 0.47139673682599764 -0.8819212643483549 0
    outer loop
      vertex -2.7 4.676537180435969 56
      vertex -2.3883589271826073 4.843112804276517 60
      vertex -2.7 4.676537180435969 60
    endloop
  endfacet
  facet normal 0.47139673682599764 -0.8819212643483549 0
    outer loop
      vertex -2.7 4.676537180435969 56
      vertex -2.3883589271826073 4.843112804276517 56
      vertex -2.3883589271826073 4.843112804276517 60
    endloop
  endfacet
  facet normal 0.4127070298043944 -0.9108638249211759 0
    outer loop
      vertex -2.3883589271826073 4.843112804276517 56
      vertex -2.066490534771485 4.988949475560949 56
      vertex -2.066490534771485 4.988949475560949 60
    endloop
  endfacet
  facet normal 0.3522500479212352 -0.9359059267573251 0
    outer loop
      vertex -2.066490534771485 4.988949475560949 56
      vertex -1.7357731126370728 5.113422699273571 56
      vertex -1.7357731126370728 5.113422699273571 60
    endloop
  endfacet
  facet normal 0.4127070298043944 -0.9108638249211759 0
    outer loop
      vertex -2.3883589271826073 4.843112804276517 56
      vertex -2.066490534771485 4.988949475560949 60
      vertex -2.3883589271826073 4.843112804276517 60
    endloop
  endfacet
  facet normal 0.3522500479212352 -0.9359059267573251 0
    outer loop
      vertex -2.066490534771485 4.988949475560949 56
      vertex -1.7357731126370728 5.113422699273571 60
      vertex -2.066490534771485 4.988949475560949 60
    endloop
  endfacet
  facet normal 0.29028467725446083 -0.9569403357322093 0
    outer loop
      vertex -1.7357731126370728 5.113422699273571 56
      vertex -1.397622843553612 5.215999461960969 56
      vertex -1.397622843553612 5.215999461960969 60
    endloop
  endfacet
  facet normal 0.29028467725446083 -0.9569403357322093 0
    outer loop
      vertex -1.7357731126370728 5.113422699273571 56
      vertex -1.397622843553612 5.215999461960969 60
      vertex -1.7357731126370728 5.113422699273571 60
    endloop
  endfacet
  facet normal 0.22707626303437312 -0.9738769792773337 0
    outer loop
      vertex -1.397622843553612 5.215999461960969 56
      vertex -1.0534877388870927 5.296240514177445 60
      vertex -1.397622843553612 5.215999461960969 60
    endloop
  endfacet
  facet normal 0.22707626303437312 -0.9738769792773337 0
    outer loop
      vertex -1.397622843553612 5.215999461960969 56
      vertex -1.0534877388870927 5.296240514177445 56
      vertex -1.0534877388870927 5.296240514177445 60
    endloop
  endfacet
  facet normal 0.16289547339458899 -0.9866433320848789 0
    outer loop
      vertex -1.0534877388870927 5.296240514177445 56
      vertex -0.7048414379882786 5.353802251418577 56
      vertex -0.7048414379882786 5.353802251418577 60
    endloop
  endfacet
  facet normal 0.16289547339458899 -0.9866433320848789 0
    outer loop
      vertex -1.0534877388870927 5.296240514177445 56
      vertex -0.7048414379882786 5.353802251418577 60
      vertex -1.0534877388870927 5.296240514177445 60
    endloop
  endfacet
  facet normal 0.09801714032956006 -0.9951847266721969 0
    outer loop
      vertex -0.7048414379882786 5.353802251418577 56
      vertex -0.35317689784277256 5.388438185488459 56
      vertex -0.35317689784277256 5.388438185488459 60
    endloop
  endfacet
  facet normal 0.032719082821776685 -0.9994645874763656 0
    outer loop
      vertex -0.35317689784277256 5.388438185488459 56
      vertex 0 5.4 56
      vertex 0 5.4 60
    endloop
  endfacet
  facet normal 0.09801714032956006 -0.9951847266721969 0
    outer loop
      vertex -0.7048414379882786 5.353802251418577 56
      vertex -0.35317689784277256 5.388438185488459 60
      vertex -0.7048414379882786 5.353802251418577 60
    endloop
  endfacet
  facet normal 0.032719082821776685 -0.9994645874763656 0
    outer loop
      vertex -0.35317689784277256 5.388438185488459 56
      vertex 0 5.4 60
      vertex -0.35317689784277256 5.388438185488459 60
    endloop
  endfacet
  facet normal -0.032719082821776685 0.9994645874763656 0
    outer loop
      vertex 0 -5.4 56
      vertex 0 -5.4 60
      vertex 0.35317689784277256 -5.388438185488459 56
    endloop
  endfacet
  facet normal -0.09801714032956006 0.9951847266721969 0
    outer loop
      vertex 0.35317689784277256 -5.388438185488459 56
      vertex 0.35317689784277256 -5.388438185488459 60
      vertex 0.7048414379882786 -5.353802251418577 56
    endloop
  endfacet
  facet normal -0.032719082821776685 0.9994645874763656 0
    outer loop
      vertex 0.35317689784277256 -5.388438185488459 56
      vertex 0 -5.4 60
      vertex 0.35317689784277256 -5.388438185488459 60
    endloop
  endfacet
  facet normal -0.09801714032956006 0.9951847266721969 0
    outer loop
      vertex 0.7048414379882786 -5.353802251418577 56
      vertex 0.35317689784277256 -5.388438185488459 60
      vertex 0.7048414379882786 -5.353802251418577 60
    endloop
  endfacet
  facet normal -0.16289547339458899 0.9866433320848789 0
    outer loop
      vertex 0.7048414379882786 -5.353802251418577 56
      vertex 0.7048414379882786 -5.353802251418577 60
      vertex 1.0534877388870927 -5.296240514177445 56
    endloop
  endfacet
  facet normal -0.22707626303437312 0.9738769792773337 0
    outer loop
      vertex 1.0534877388870927 -5.296240514177445 56
      vertex 1.0534877388870927 -5.296240514177445 60
      vertex 1.397622843553612 -5.215999461960969 56
    endloop
  endfacet
  facet normal -0.16289547339458899 0.9866433320848789 0
    outer loop
      vertex 1.0534877388870927 -5.296240514177445 56
      vertex 0.7048414379882786 -5.353802251418577 60
      vertex 1.0534877388870927 -5.296240514177445 60
    endloop
  endfacet
  facet normal -0.29028467725446083 0.9569403357322093 0
    outer loop
      vertex 1.397622843553612 -5.215999461960969 56
      vertex 1.397622843553612 -5.215999461960969 60
      vertex 1.7357731126370728 -5.113422699273571 56
    endloop
  endfacet
  facet normal -0.22707626303437312 0.9738769792773337 0
    outer loop
      vertex 1.397622843553612 -5.215999461960969 56
      vertex 1.0534877388870927 -5.296240514177445 60
      vertex 1.397622843553612 -5.215999461960969 60
    endloop
  endfacet
  facet normal -0.29028467725446083 0.9569403357322093 0
    outer loop
      vertex 1.7357731126370728 -5.113422699273571 56
      vertex 1.397622843553612 -5.215999461960969 60
      vertex 1.7357731126370728 -5.113422699273571 60
    endloop
  endfacet
  facet normal -0.3522500479212352 0.9359059267573251 0
    outer loop
      vertex 1.7357731126370728 -5.113422699273571 56
      vertex 1.7357731126370728 -5.113422699273571 60
      vertex 2.066490534771485 -4.988949475560949 56
    endloop
  endfacet
  facet normal -0.4127070298043944 0.9108638249211759 0
    outer loop
      vertex 2.066490534771485 -4.988949475560949 56
      vertex 2.066490534771485 -4.988949475560949 60
      vertex 2.3883589271826073 -4.843112804276517 56
    endloop
  endfacet
  facet normal -0.3522500479212352 0.9359059267573251 0
    outer loop
      vertex 2.066490534771485 -4.988949475560949 56
      vertex 1.7357731126370728 -5.113422699273571 60
      vertex 2.066490534771485 -4.988949475560949 60
    endloop
  endfacet
  facet normal -0.4127070298043944 0.9108638249211759 0
    outer loop
      vertex 2.066490534771485 -4.988949475560949 60
      vertex 2.3883589271826073 -4.843112804276517 60
      vertex 2.3883589271826073 -4.843112804276517 56
    endloop
  endfacet
  facet normal -0.47139673682599764 0.8819212643483549 0
    outer loop
      vertex 2.3883589271826073 -4.843112804276517 56
      vertex 2.3883589271826073 -4.843112804276517 60
      vertex 2.7 -4.676537180435969 56
    endloop
  endfacet
  facet normal -0.5280678506503678 0.8492021815265789 0
    outer loop
      vertex 2.7 -4.676537180435969 56
      vertex 2.7 -4.676537180435969 60
      vertex 3.0000792583058518 -4.489935906433745 56
    endloop
  endfacet
  facet normal -0.47139673682599764 0.8819212643483549 0
    outer loop
      vertex 2.3883589271826073 -4.843112804276517 60
      vertex 2.7 -4.676537180435969 60
      vertex 2.7 -4.676537180435969 56
    endloop
  endfacet
  facet normal -0.5280678506503678 0.8492021815265789 0
    outer loop
      vertex 3.0000792583058518 -4.489935906433745 56
      vertex 2.7 -4.676537180435969 60
      vertex 3.0000792583058518 -4.489935906433745 60
    endloop
  endfacet
  facet normal -0.5824776968678023 0.8128466845916151 0
    outer loop
      vertex 3.0000792583058518 -4.489935906433745 56
      vertex 3.0000792583058518 -4.489935906433745 60
      vertex 3.2873117166470918 -4.28410803757267 56
    endloop
  endfacet
  facet normal -0.6343932841636458 0.7730104533627368 0
    outer loop
      vertex 3.2873117166470918 -4.28410803757267 56
      vertex 3.2873117166470918 -4.28410803757267 60
      vertex 3.560467401540372 -4.059934960386478 56
    endloop
  endfacet
  facet normal -0.5824776968678023 0.8128466845916151 0
    outer loop
      vertex 3.2873117166470918 -4.28410803757267 56
      vertex 3.0000792583058518 -4.489935906433745 60
      vertex 3.2873117166470918 -4.28410803757267 60
    endloop
  endfacet
  facet normal -0.6343932841636458 0.7730104533627368 0
    outer loop
      vertex 3.560467401540372 -4.059934960386478 56
      vertex 3.2873117166470918 -4.28410803757267 60
      vertex 3.560467401540372 -4.059934960386478 60
    endloop
  endfacet
  facet normal -0.6835923020228704 0.7298640726978364 0
    outer loop
      vertex 3.560467401540372 -4.059934960386478 56
      vertex 3.560467401540372 -4.059934960386478 60
      vertex 3.818376618407357 -3.818376618407357 56
    endloop
  endfacet
  facet normal -0.7298640726978364 0.6835923020228704 0
    outer loop
      vertex 3.818376618407357 -3.818376618407357 56
      vertex 3.818376618407357 -3.818376618407357 60
      vertex 4.059934960386478 -3.560467401540372 56
    endloop
  endfacet
  facet normal -0.6835923020228704 0.7298640726978364 0
    outer loop
      vertex 3.818376618407357 -3.818376618407357 56
      vertex 3.560467401540372 -4.059934960386478 60
      vertex 3.818376618407357 -3.818376618407357 60
    endloop
  endfacet
  facet normal -0.7298640726978364 0.6835923020228704 0
    outer loop
      vertex 4.059934960386478 -3.560467401540372 56
      vertex 3.818376618407357 -3.818376618407357 60
      vertex 4.059934960386478 -3.560467401540372 60
    endloop
  endfacet
  facet normal -0.7730104533627368 0.6343932841636458 0
    outer loop
      vertex 4.059934960386478 -3.560467401540372 56
      vertex 4.059934960386478 -3.560467401540372 60
      vertex 4.28410803757267 -3.2873117166470918 56
    endloop
  endfacet
  facet normal -0.8128466845916151 0.5824776968678023 0
    outer loop
      vertex 4.28410803757267 -3.2873117166470918 56
      vertex 4.28410803757267 -3.2873117166470918 60
      vertex 4.489935906433745 -3.0000792583058518 56
    endloop
  endfacet
  facet normal -0.7730104533627368 0.6343932841636458 0
    outer loop
      vertex 4.28410803757267 -3.2873117166470918 56
      vertex 4.059934960386478 -3.560467401540372 60
      vertex 4.28410803757267 -3.2873117166470918 60
    endloop
  endfacet
  facet normal -0.8128466845916151 0.5824776968678023 0
    outer loop
      vertex 4.489935906433745 -3.0000792583058518 56
      vertex 4.28410803757267 -3.2873117166470918 60
      vertex 4.489935906433745 -3.0000792583058518 60
    endloop
  endfacet
  facet normal -0.8492021815265789 0.5280678506503678 0
    outer loop
      vertex 4.489935906433745 -3.0000792583058518 56
      vertex 4.489935906433745 -3.0000792583058518 60
      vertex 4.676537180435969 -2.7 56
    endloop
  endfacet
  facet normal -0.8819212643483549 0.47139673682599764 0
    outer loop
      vertex 4.676537180435969 -2.7 56
      vertex 4.676537180435969 -2.7 60
      vertex 4.843112804276517 -2.3883589271826073 56
    endloop
  endfacet
  facet normal -0.8492021815265789 0.5280678506503678 0
    outer loop
      vertex 4.676537180435969 -2.7 56
      vertex 4.489935906433745 -3.0000792583058518 60
      vertex 4.676537180435969 -2.7 60
    endloop
  endfacet
  facet normal -0.8819212643483549 0.47139673682599764 0
    outer loop
      vertex 4.676537180435969 -2.7 60
      vertex 4.843112804276517 -2.3883589271826073 60
      vertex 4.843112804276517 -2.3883589271826073 56
    endloop
  endfacet
  facet normal -0.9108638249211759 0.4127070298043944 0
    outer loop
      vertex 4.843112804276517 -2.3883589271826073 56
      vertex 4.843112804276517 -2.3883589271826073 60
      vertex 4.988949475560949 -2.066490534771485 56
    endloop
  endfacet
  facet normal -0.9359059267573251 0.3522500479212352 0
    outer loop
      vertex 4.988949475560949 -2.066490534771485 56
      vertex 4.988949475560949 -2.066490534771485 60
      vertex 5.113422699273571 -1.7357731126370728 56
    endloop
  endfacet
  facet normal -0.9108638249211759 0.4127070298043944 0
    outer loop
      vertex 4.843112804276517 -2.3883589271826073 60
      vertex 4.988949475560949 -2.066490534771485 60
      vertex 4.988949475560949 -2.066490534771485 56
    endloop
  endfacet
  facet normal -0.9359059267573251 0.3522500479212352 0
    outer loop
      vertex 5.113422699273571 -1.7357731126370728 56
      vertex 4.988949475560949 -2.066490534771485 60
      vertex 5.113422699273571 -1.7357731126370728 60
    endloop
  endfacet
  facet normal -0.9569403357322093 0.29028467725446083 0
    outer loop
      vertex 5.113422699273571 -1.7357731126370728 56
      vertex 5.113422699273571 -1.7357731126370728 60
      vertex 5.215999461960969 -1.397622843553612 56
    endloop
  endfacet
  facet normal -0.9738769792773337 0.22707626303437312 0
    outer loop
      vertex 5.215999461960969 -1.397622843553612 56
      vertex 5.215999461960969 -1.397622843553612 60
      vertex 5.296240514177445 -1.0534877388870927 56
    endloop
  endfacet
  facet normal -0.9569403357322093 0.29028467725446083 0
    outer loop
      vertex 5.215999461960969 -1.397622843553612 56
      vertex 5.113422699273571 -1.7357731126370728 60
      vertex 5.215999461960969 -1.397622843553612 60
    endloop
  endfacet
  facet normal -0.9866433320848789 0.16289547339458899 0
    outer loop
      vertex 5.296240514177445 -1.0534877388870927 56
      vertex 5.296240514177445 -1.0534877388870927 60
      vertex 5.353802251418577 -0.7048414379882786 56
    endloop
  endfacet
  facet normal -0.9738769792773337 0.22707626303437312 0
    outer loop
      vertex 5.296240514177445 -1.0534877388870927 56
      vertex 5.215999461960969 -1.397622843553612 60
      vertex 5.296240514177445 -1.0534877388870927 60
    endloop
  endfacet
  facet normal -0.9866433320848789 0.16289547339458899 0
    outer loop
      vertex 5.353802251418577 -0.7048414379882786 56
      vertex 5.296240514177445 -1.0534877388870927 60
      vertex 5.353802251418577 -0.7048414379882786 60
    endloop
  endfacet
  facet normal -0.9951847266721969 0.09801714032956006 0
    outer loop
      vertex 5.353802251418577 -0.7048414379882786 56
      vertex 5.353802251418577 -0.7048414379882786 60
      vertex 5.388438185488459 -0.35317689784277256 56
    endloop
  endfacet
  facet normal -0.9994645874763656 0.032719082821776685 0
    outer loop
      vertex 5.388438185488459 -0.35317689784277256 56
      vertex 5.388438185488459 -0.35317689784277256 60
      vertex 5.4 0 56
    endloop
  endfacet
  facet normal -0.9951847266721969 0.09801714032956006 0
    outer loop
      vertex 5.388438185488459 -0.35317689784277256 56
      vertex 5.353802251418577 -0.7048414379882786 60
      vertex 5.388438185488459 -0.35317689784277256 60
    endloop
  endfacet
  facet normal -0.9994645874763656 0.032719082821776685 0
    outer loop
      vertex 5.388438185488459 -0.35317689784277256 60
      vertex 5.4 0 60
      vertex 5.4 0 56
    endloop
  endfacet
  facet normal -0.47139673682599764 -0.8819212643483549 0
    outer loop
      vertex 2.7 4.676537180435969 56
      vertex 2.7 4.676537180435969 60
      vertex 2.3883589271826073 4.843112804276517 56
    endloop
  endfacet
  facet normal -0.5280678506503678 -0.8492021815265789 0
    outer loop
      vertex 2.7 4.676537180435969 56
      vertex 3.0000792583058518 4.489935906433745 56
      vertex 3.0000792583058518 4.489935906433745 60
    endloop
  endfacet
  facet normal -0.5280678506503678 -0.8492021815265789 0
    outer loop
      vertex 2.7 4.676537180435969 56
      vertex 3.0000792583058518 4.489935906433745 60
      vertex 2.7 4.676537180435969 60
    endloop
  endfacet
  facet normal -0.6343932841636458 -0.7730104533627368 0
    outer loop
      vertex 3.560467401540372 4.059934960386478 56
      vertex 3.560467401540372 4.059934960386478 60
      vertex 3.2873117166470918 4.28410803757267 56
    endloop
  endfacet
  facet normal -0.5824776968678023 -0.8128466845916151 0
    outer loop
      vertex 3.0000792583058518 4.489935906433745 56
      vertex 3.2873117166470918 4.28410803757267 56
      vertex 3.2873117166470918 4.28410803757267 60
    endloop
  endfacet
  facet normal -0.5824776968678023 -0.8128466845916151 0
    outer loop
      vertex 3.0000792583058518 4.489935906433745 56
      vertex 3.2873117166470918 4.28410803757267 60
      vertex 3.0000792583058518 4.489935906433745 60
    endloop
  endfacet
  facet normal -0.6343932841636458 -0.7730104533627368 0
    outer loop
      vertex 3.2873117166470918 4.28410803757267 56
      vertex 3.560467401540372 4.059934960386478 60
      vertex 3.2873117166470918 4.28410803757267 60
    endloop
  endfacet
  facet normal -0.7730104533627368 -0.6343932841636458 0
    outer loop
      vertex 4.059934960386478 3.560467401540372 56
      vertex 4.28410803757267 3.2873117166470918 60
      vertex 4.059934960386478 3.560467401540372 60
    endloop
  endfacet
  facet normal -0.8492021815265789 -0.5280678506503678 0
    outer loop
      vertex 4.676537180435969 2.7 56
      vertex 4.676537180435969 2.7 60
      vertex 4.489935906433745 3.0000792583058518 56
    endloop
  endfacet
  facet normal -0.8819212643483549 -0.47139673682599764 0
    outer loop
      vertex 4.676537180435969 2.7 56
      vertex 4.843112804276517 2.3883589271826073 60
      vertex 4.676537180435969 2.7 60
    endloop
  endfacet
  facet normal -0.8492021815265789 -0.5280678506503678 0
    outer loop
      vertex 4.489935906433745 3.0000792583058518 56
      vertex 4.676537180435969 2.7 60
      vertex 4.489935906433745 3.0000792583058518 60
    endloop
  endfacet
  facet normal -0.8128466845916151 -0.5824776968678023 0
    outer loop
      vertex 4.28410803757267 3.2873117166470918 56
      vertex 4.489935906433745 3.0000792583058518 56
      vertex 4.489935906433745 3.0000792583058518 60
    endloop
  endfacet
  facet normal -0.7730104533627368 -0.6343932841636458 0
    outer loop
      vertex 4.059934960386478 3.560467401540372 56
      vertex 4.28410803757267 3.2873117166470918 56
      vertex 4.28410803757267 3.2873117166470918 60
    endloop
  endfacet
  facet normal -0.8128466845916151 -0.5824776968678023 0
    outer loop
      vertex 4.28410803757267 3.2873117166470918 56
      vertex 4.489935906433745 3.0000792583058518 60
      vertex 4.28410803757267 3.2873117166470918 60
    endloop
  endfacet
  facet normal -0.6835923020228704 -0.7298640726978364 0
    outer loop
      vertex 3.560467401540372 4.059934960386478 56
      vertex 3.818376618407357 3.818376618407357 56
      vertex 3.818376618407357 3.818376618407357 60
    endloop
  endfacet
  facet normal -0.7298640726978364 -0.6835923020228704 0
    outer loop
      vertex 4.059934960386478 3.560467401540372 56
      vertex 4.059934960386478 3.560467401540372 60
      vertex 3.818376618407357 3.818376618407357 56
    endloop
  endfacet
  facet normal -0.6835923020228704 -0.7298640726978364 0
    outer loop
      vertex 3.560467401540372 4.059934960386478 56
      vertex 3.818376618407357 3.818376618407357 60
      vertex 3.560467401540372 4.059934960386478 60
    endloop
  endfacet
  facet normal -0.7298640726978364 -0.6835923020228704 0
    outer loop
      vertex 3.818376618407357 3.818376618407357 56
      vertex 4.059934960386478 3.560467401540372 60
      vertex 3.818376618407357 3.818376618407357 60
    endloop
  endfacet
  facet normal -0.032719082821776685 -0.9994645874763656 0
    outer loop
      vertex 0 5.4 56
      vertex 0.35317689784277256 5.388438185488459 56
      vertex 0.35317689784277256 5.388438185488459 60
    endloop
  endfacet
  facet normal -0.09801714032956006 -0.9951847266721969 0
    outer loop
      vertex 0.35317689784277256 5.388438185488459 56
      vertex 0.7048414379882786 5.353802251418577 56
      vertex 0.7048414379882786 5.353802251418577 60
    endloop
  endfacet
  facet normal -0.032719082821776685 -0.9994645874763656 0
    outer loop
      vertex 0 5.4 56
      vertex 0.35317689784277256 5.388438185488459 60
      vertex 0 5.4 60
    endloop
  endfacet
  facet normal -0.09801714032956006 -0.9951847266721969 0
    outer loop
      vertex 0.35317689784277256 5.388438185488459 56
      vertex 0.7048414379882786 5.353802251418577 60
      vertex 0.35317689784277256 5.388438185488459 60
    endloop
  endfacet
  facet normal -0.16289547339458899 -0.9866433320848789 0
    outer loop
      vertex 1.0534877388870927 5.296240514177445 56
      vertex 1.0534877388870927 5.296240514177445 60
      vertex 0.7048414379882786 5.353802251418577 56
    endloop
  endfacet
  facet normal -0.16289547339458899 -0.9866433320848789 0
    outer loop
      vertex 0.7048414379882786 5.353802251418577 56
      vertex 1.0534877388870927 5.296240514177445 60
      vertex 0.7048414379882786 5.353802251418577 60
    endloop
  endfacet
  facet normal -0.22707626303437312 -0.9738769792773337 0
    outer loop
      vertex 1.0534877388870927 5.296240514177445 56
      vertex 1.397622843553612 5.215999461960969 60
      vertex 1.0534877388870927 5.296240514177445 60
    endloop
  endfacet
  facet normal -0.22707626303437312 -0.9738769792773337 0
    outer loop
      vertex 1.0534877388870927 5.296240514177445 56
      vertex 1.397622843553612 5.215999461960969 56
      vertex 1.397622843553612 5.215999461960969 60
    endloop
  endfacet
  facet normal -0.29028467725446083 -0.9569403357322093 0
    outer loop
      vertex 1.397622843553612 5.215999461960969 56
      vertex 1.7357731126370728 5.113422699273571 56
      vertex 1.7357731126370728 5.113422699273571 60
    endloop
  endfacet
  facet normal -0.29028467725446083 -0.9569403357322093 0
    outer loop
      vertex 1.397622843553612 5.215999461960969 56
      vertex 1.7357731126370728 5.113422699273571 60
      vertex 1.397622843553612 5.215999461960969 60
    endloop
  endfacet
  facet normal -0.3522500479212352 -0.9359059267573251 0
    outer loop
      vertex 1.7357731126370728 5.113422699273571 56
      vertex 2.066490534771485 4.988949475560949 56
      vertex 2.066490534771485 4.988949475560949 60
    endloop
  endfacet
  facet normal -0.4127070298043944 -0.9108638249211759 0
    outer loop
      vertex 2.066490534771485 4.988949475560949 56
      vertex 2.3883589271826073 4.843112804276517 56
      vertex 2.3883589271826073 4.843112804276517 60
    endloop
  endfacet
  facet normal -0.3522500479212352 -0.9359059267573251 0
    outer loop
      vertex 1.7357731126370728 5.113422699273571 56
      vertex 2.066490534771485 4.988949475560949 60
      vertex 1.7357731126370728 5.113422699273571 60
    endloop
  endfacet
  facet normal -0.4127070298043944 -0.9108638249211759 0
    outer loop
      vertex 2.066490534771485 4.988949475560949 56
      vertex 2.3883589271826073 4.843112804276517 60
      vertex 2.066490534771485 4.988949475560949 60
    endloop
  endfacet
  facet normal -0.47139673682599764 -0.8819212643483549 0
    outer loop
      vertex 2.7 4.676537180435969 60
      vertex 2.3883589271826073 4.843112804276517 60
      vertex 2.3883589271826073 4.843112804276517 56
    endloop
  endfacet
  facet normal -0.9866433320848789 -0.16289547339458899 0
    outer loop
      vertex 5.296240514177445 1.0534877388870927 56
      vertex 5.353802251418577 0.7048414379882786 56
      vertex 5.353802251418577 0.7048414379882786 60
    endloop
  endfacet
  facet normal -0.9738769792773337 -0.22707626303437312 0
    outer loop
      vertex 5.296240514177445 1.0534877388870927 56
      vertex 5.296240514177445 1.0534877388870927 60
      vertex 5.215999461960969 1.397622843553612 56
    endloop
  endfacet
  facet normal -0.9866433320848789 -0.16289547339458899 0
    outer loop
      vertex 5.296240514177445 1.0534877388870927 56
      vertex 5.353802251418577 0.7048414379882786 60
      vertex 5.296240514177445 1.0534877388870927 60
    endloop
  endfacet
  facet normal -0.9994645874763656 -0.032719082821776685 0
    outer loop
      vertex 5.4 0 56
      vertex 5.4 0 60
      vertex 5.388438185488459 0.35317689784277256 56
    endloop
  endfacet
  facet normal -0.9951847266721969 -0.09801714032956006 0
    outer loop
      vertex 5.388438185488459 0.35317689784277256 56
      vertex 5.388438185488459 0.35317689784277256 60
      vertex 5.353802251418577 0.7048414379882786 56
    endloop
  endfacet
  facet normal -0.9994645874763656 -0.032719082821776685 0
    outer loop
      vertex 5.388438185488459 0.35317689784277256 56
      vertex 5.4 0 60
      vertex 5.388438185488459 0.35317689784277256 60
    endloop
  endfacet
  facet normal -0.9951847266721969 -0.09801714032956006 0
    outer loop
      vertex 5.353802251418577 0.7048414379882786 56
      vertex 5.388438185488459 0.35317689784277256 60
      vertex 5.353802251418577 0.7048414379882786 60
    endloop
  endfacet
  facet normal -0.9569403357322093 -0.29028467725446083 0
    outer loop
      vertex 5.215999461960969 1.397622843553612 56
      vertex 5.215999461960969 1.397622843553612 60
      vertex 5.113422699273571 1.7357731126370728 56
    endloop
  endfacet
  facet normal -0.9738769792773337 -0.22707626303437312 0
    outer loop
      vertex 5.215999461960969 1.397622843553612 56
      vertex 5.296240514177445 1.0534877388870927 60
      vertex 5.215999461960969 1.397622843553612 60
    endloop
  endfacet
  facet normal -0.9569403357322093 -0.29028467725446083 0
    outer loop
      vertex 5.113422699273571 1.7357731126370728 56
      vertex 5.215999461960969 1.397622843553612 60
      vertex 5.113422699273571 1.7357731126370728 60
    endloop
  endfacet
  facet normal -0.9108638249211759 -0.4127070298043944 0
    outer loop
      vertex 4.988949475560949 2.066490534771485 56
      vertex 4.988949475560949 2.066490534771485 60
      vertex 4.843112804276517 2.3883589271826073 56
    endloop
  endfacet
  facet normal -0.9359059267573251 -0.3522500479212352 0
    outer loop
      vertex 5.113422699273571 1.7357731126370728 56
      vertex 5.113422699273571 1.7357731126370728 60
      vertex 4.988949475560949 2.066490534771485 56
    endloop
  endfacet
  facet normal -0.9359059267573251 -0.3522500479212352 0
    outer loop
      vertex 4.988949475560949 2.066490534771485 56
      vertex 5.113422699273571 1.7357731126370728 60
      vertex 4.988949475560949 2.066490534771485 60
    endloop
  endfacet
  facet normal -0.9108638249211759 -0.4127070298043944 0
    outer loop
      vertex 4.988949475560949 2.066490534771485 60
      vertex 4.843112804276517 2.3883589271826073 60
      vertex 4.843112804276517 2.3883589271826073 56
    endloop
  endfacet
  facet normal -0.8819212643483549 -0.47139673682599764 0
    outer loop
      vertex 4.676537180435969 2.7 56
      vertex 4.843112804276517 2.3883589271826073 56
      vertex 4.843112804276517 2.3883589271826073 60
    endloop
  endfacet
  facet normal -0.7298640726978369 -0.6835923020228699 0
    outer loop
      vertex -10.97686118919307 -9.626448900461005 24
      vertex -10.323759005323595 -10.323759005323595 24
      vertex -10.97686118919307 -9.626448900461005 32
    endloop
  endfacet
  facet normal -0.6835923020228699 -0.7298640726978369 0
    outer loop
      vertex -9.626448900461005 -10.97686118919307 24
      vertex -9.626448900461005 -10.97686118919307 32
      vertex -10.323759005323595 -10.323759005323595 24
    endloop
  endfacet
  facet normal -0.7298640726978369 -0.6835923020228699 0
    outer loop
      vertex -10.97686118919307 -9.626448900461005 32
      vertex -10.323759005323595 -10.323759005323595 24
      vertex -10.323759005323595 -10.323759005323595 32
    endloop
  endfacet
  facet normal -0.6835923020228699 -0.7298640726978369 0
    outer loop
      vertex -9.626448900461005 -10.97686118919307 32
      vertex -10.323759005323595 -10.323759005323595 32
      vertex -10.323759005323595 -10.323759005323595 24
    endloop
  endfacet
  facet normal -0.986643332084879 -0.16289547339458887 0
    outer loop
      vertex -14.319465093887164 -2.8483187014354723 24
      vertex -14.319465093887164 -2.8483187014354723 32
      vertex -14.475094976057632 -1.9056824064127529 32
    endloop
  endfacet
  facet normal 0 0 -1
    outer loop
      vertex -14.319465093887164 -2.8483187014354723 24
      vertex -14.475094976057632 -1.9056824064127529 24
      vertex -14.319465093887164 2.8483187014354723 24
    endloop
  endfacet
  facet normal 0 0 -1
    outer loop
      vertex -14.475094976057632 -1.9056824064127529 24
      vertex -14.56874027928361 -0.9548856867600887 24
      vertex -14.475094976057632 1.9056824064127529 24
    endloop
  endfacet
  facet normal -0.986643332084879 -0.16289547339458887 0
    outer loop
      vertex -14.319465093887164 -2.8483187014354723 24
      vertex -14.475094976057632 -1.9056824064127529 32
      vertex -14.475094976057632 -1.9056824064127529 24
    endloop
  endfacet
  facet normal -0.995184726672197 -0.09801714032955947 0
    outer loop
      vertex -14.475094976057632 -1.9056824064127529 24
      vertex -14.56874027928361 -0.9548856867600887 32
      vertex -14.56874027928361 -0.9548856867600887 24
    endloop
  endfacet
  facet normal -0.995184726672197 -0.09801714032955947 0
    outer loop
      vertex -14.475094976057632 -1.9056824064127529 24
      vertex -14.475094976057632 -1.9056824064127529 32
      vertex -14.56874027928361 -0.9548856867600887 32
    endloop
  endfacet
  facet normal -0.9994645874763656 -0.03271908282177745 0
    outer loop
      vertex -14.56874027928361 -0.9548856867600887 24
      vertex -14.6 0 32
      vertex -14.6 0 24
    endloop
  endfacet
  facet normal -0.9994645874763656 -0.03271908282177745 0
    outer loop
      vertex -14.56874027928361 -0.9548856867600887 24
      vertex -14.56874027928361 -0.9548856867600887 32
      vertex -14.6 0 32
    endloop
  endfacet
  facet normal 0 0 1
    outer loop
      vertex -14.319465093887164 -2.8483187014354723 32
      vertex -14.475094976057632 1.9056824064127529 32
      vertex -14.475094976057632 -1.9056824064127529 32
    endloop
  endfacet
  facet normal 0 0 1
    outer loop
      vertex -14.475094976057632 -1.9056824064127529 32
      vertex -14.56874027928361 0.9548856867600887 32
      vertex -14.56874027928361 -0.9548856867600887 32
    endloop
  endfacet
  facet normal -0.8128466845916154 -0.5824776968678019 0
    outer loop
      vertex -12.13945633961716 -8.111325402086191 24
      vertex -11.582958768252032 -8.887916863527321 24
      vertex -12.13945633961716 -8.111325402086191 32
    endloop
  endfacet
  facet normal -0.849202181526579 -0.5280678506503679 0
    outer loop
      vertex -12.13945633961716 -8.111325402086191 24
      vertex -12.643970895252803 -7.3 32
      vertex -12.643970895252803 -7.3 24
    endloop
  endfacet
  facet normal -0.849202181526579 -0.5280678506503679 0
    outer loop
      vertex -12.13945633961716 -8.111325402086191 24
      vertex -12.13945633961716 -8.111325402086191 32
      vertex -12.643970895252803 -7.3 32
    endloop
  endfacet
  facet normal -0.9108638249211758 -0.4127070298043946 0
    outer loop
      vertex -13.094342026377248 -6.457414877197419 24
      vertex -13.094342026377248 -6.457414877197419 32
      vertex -13.488641174664785 -5.587178112530311 32
    endloop
  endfacet
  facet normal -0.9359059267573255 -0.3522500479212338 0
    outer loop
      vertex -13.488641174664785 -5.587178112530311 24
      vertex -13.825179890628542 -4.693016193426159 32
      vertex -13.825179890628542 -4.693016193426159 24
    endloop
  endfacet
  facet normal -0.9108638249211758 -0.4127070298043946 0
    outer loop
      vertex -13.094342026377248 -6.457414877197419 24
      vertex -13.488641174664785 -5.587178112530311 32
      vertex -13.488641174664785 -5.587178112530311 24
    endloop
  endfacet
  facet normal -0.9359059267573255 -0.3522500479212338 0
    outer loop
      vertex -13.488641174664785 -5.587178112530311 24
      vertex -13.488641174664785 -5.587178112530311 32
      vertex -13.825179890628542 -4.693016193426159 32
    endloop
  endfacet
  facet normal -0.8819212643483549 -0.4713967368259978 0
    outer loop
      vertex -13.094342026377248 -6.457414877197419 24
      vertex -12.643970895252803 -7.3 24
      vertex -13.094342026377248 -6.457414877197419 32
    endloop
  endfacet
  facet normal -0.8819212643483549 -0.4713967368259978 0
    outer loop
      vertex -12.643970895252803 -7.3 24
      vertex -12.643970895252803 -7.3 32
      vertex -13.094342026377248 -6.457414877197419 32
    endloop
  endfacet
  facet normal -0.7730104533627372 -0.6343932841636452 0
    outer loop
      vertex -10.97686118919307 -9.626448900461005 24
      vertex -11.582958768252032 -8.887916863527321 32
      vertex -11.582958768252032 -8.887916863527321 24
    endloop
  endfacet
  facet normal -0.8128466845916154 -0.5824776968678019 0
    outer loop
      vertex -11.582958768252032 -8.887916863527321 24
      vertex -11.582958768252032 -8.887916863527321 32
      vertex -12.13945633961716 -8.111325402086191 32
    endloop
  endfacet
  facet normal -0.7730104533627372 -0.6343932841636452 0
    outer loop
      vertex -10.97686118919307 -9.626448900461005 24
      vertex -10.97686118919307 -9.626448900461005 32
      vertex -11.582958768252032 -8.887916863527321 32
    endloop
  endfacet
  facet normal 0 0 -1
    outer loop
      vertex -12.13945633961716 -8.111325402086191 24
      vertex -12.643970895252803 -7.3 24
      vertex -12.13945633961716 8.111325402086191 24
    endloop
  endfacet
  facet normal -0.9569403357322087 -0.2902846772544629 0
    outer loop
      vertex -13.825179890628542 -4.693016193426159 24
      vertex -14.102517063820397 -3.778758058496803 32
      vertex -14.102517063820397 -3.778758058496803 24
    endloop
  endfacet
  facet normal -0.9569403357322087 -0.2902846772544629 0
    outer loop
      vertex -13.825179890628542 -4.693016193426159 24
      vertex -13.825179890628542 -4.693016193426159 32
      vertex -14.102517063820397 -3.778758058496803 32
    endloop
  endfacet
  facet normal -0.9738769792773337 -0.22707626303437284 0
    outer loop
      vertex -14.102517063820397 -3.778758058496803 24
      vertex -14.319465093887164 -2.8483187014354723 32
      vertex -14.319465093887164 -2.8483187014354723 24
    endloop
  endfacet
  facet normal -0.9738769792773337 -0.22707626303437284 0
    outer loop
      vertex -14.102517063820397 -3.778758058496803 24
      vertex -14.102517063820397 -3.778758058496803 32
      vertex -14.319465093887164 -2.8483187014354723 32
    endloop
  endfacet
  facet normal 0 0 -1
    outer loop
      vertex -13.825179890628542 -4.693016193426159 24
      vertex -14.102517063820397 -3.778758058496803 24
      vertex -13.825179890628542 4.693016193426159 24
    endloop
  endfacet
  facet normal 0 0 -1
    outer loop
      vertex -13.094342026377248 -6.457414877197419 24
      vertex -13.488641174664785 -5.587178112530311 24
      vertex -13.094342026377248 6.457414877197419 24
    endloop
  endfacet
  facet normal 0 0 -1
    outer loop
      vertex -13.488641174664785 -5.587178112530311 24
      vertex -13.825179890628542 -4.693016193426159 24
      vertex -13.488641174664785 5.587178112530311 24
    endloop
  endfacet
  facet normal 0 0 -1
    outer loop
      vertex -14.102517063820397 -3.778758058496803 24
      vertex -14.319465093887164 -2.8483187014354723 24
      vertex -14.102517063820397 3.778758058496803 24
    endloop
  endfacet
  facet normal 0 0 -1
    outer loop
      vertex -13.094342026377248 -6.457414877197419 24
      vertex -12.643970895252803 7.3 24
      vertex -12.643970895252803 -7.3 24
    endloop
  endfacet
  facet normal 0 0 -1
    outer loop
      vertex -12.13945633961716 -8.111325402086191 24
      vertex -11.582958768252032 8.887916863527321 24
      vertex -11.582958768252032 -8.887916863527321 24
    endloop
  endfacet
  facet normal 0 0 -1
    outer loop
      vertex -10.97686118919307 -9.626448900461005 24
      vertex -11.582958768252032 -8.887916863527321 24
      vertex -10.97686118919307 9.626448900461005 24
    endloop
  endfacet
  facet normal 0 0 -1
    outer loop
      vertex -10.97686118919307 -9.626448900461005 24
      vertex -10.323759005323595 10.323759005323595 24
      vertex -10.323759005323595 -10.323759005323595 24
    endloop
  endfacet
  facet normal 0 0 -1
    outer loop
      vertex -9.626448900461005 -10.97686118919307 24
      vertex -10.323759005323595 -10.323759005323595 24
      vertex -9.626448900461005 10.97686118919307 24
    endloop
  endfacet
  facet normal 0 0 1
    outer loop
      vertex -13.094342026377248 -6.457414877197419 32
      vertex -12.643970895252803 -7.3 32
      vertex -13.094342026377248 6.457414877197419 32
    endloop
  endfacet
  facet normal 0 0 1
    outer loop
      vertex -12.13945633961716 -8.111325402086191 32
      vertex -12.643970895252803 7.3 32
      vertex -12.643970895252803 -7.3 32
    endloop
  endfacet
  facet normal 0 0 1
    outer loop
      vertex -12.13945633961716 -8.111325402086191 32
      vertex -11.582958768252032 -8.887916863527321 32
      vertex -12.13945633961716 8.111325402086191 32
    endloop
  endfacet
  facet normal 0 0 1
    outer loop
      vertex -13.488641174664785 -5.587178112530311 32
      vertex -13.825179890628542 4.693016193426159 32
      vertex -13.825179890628542 -4.693016193426159 32
    endloop
  endfacet
  facet normal 0 0 1
    outer loop
      vertex -13.825179890628542 -4.693016193426159 32
      vertex -14.102517063820397 3.778758058496803 32
      vertex -14.102517063820397 -3.778758058496803 32
    endloop
  endfacet
  facet normal 0 0 1
    outer loop
      vertex -14.102517063820397 -3.778758058496803 32
      vertex -14.319465093887164 2.8483187014354723 32
      vertex -14.319465093887164 -2.8483187014354723 32
    endloop
  endfacet
  facet normal 0 0 1
    outer loop
      vertex -13.094342026377248 -6.457414877197419 32
      vertex -13.488641174664785 5.587178112530311 32
      vertex -13.488641174664785 -5.587178112530311 32
    endloop
  endfacet
  facet normal 0 0 1
    outer loop
      vertex -10.97686118919307 -9.626448900461005 32
      vertex -11.582958768252032 8.887916863527321 32
      vertex -11.582958768252032 -8.887916863527321 32
    endloop
  endfacet
  facet normal 0 0 1
    outer loop
      vertex -10.97686118919307 -9.626448900461005 32
      vertex -10.323759005323595 -10.323759005323595 32
      vertex -10.97686118919307 9.626448900461005 32
    endloop
  endfacet
  facet normal 0 0 1
    outer loop
      vertex -9.626448900461005 -10.97686118919307 32
      vertex -10.323759005323595 10.323759005323595 32
      vertex -10.323759005323595 -10.323759005323595 32
    endloop
  endfacet
  facet normal -0.5824776968678019 -0.8128466845916154 0
    outer loop
      vertex -8.887916863527321 -11.582958768252032 24
      vertex -8.111325402086191 -12.13945633961716 24
      vertex -8.111325402086191 -12.13945633961716 32
    endloop
  endfacet
  facet normal -0.5280678506503679 -0.849202181526579 0
    outer loop
      vertex -8.111325402086191 -12.13945633961716 24
      vertex -7.3 -12.643970895252803 24
      vertex -7.3 -12.643970895252803 32
    endloop
  endfacet
  facet normal -0.5280678506503679 -0.849202181526579 0
    outer loop
      vertex -8.111325402086191 -12.13945633961716 24
      vertex -7.3 -12.643970895252803 32
      vertex -8.111325402086191 -12.13945633961716 32
    endloop
  endfacet
  facet normal -0.6343932841636452 -0.7730104533627372 0
    outer loop
      vertex -9.626448900461005 -10.97686118919307 24
      vertex -8.887916863527321 -11.582958768252032 24
      vertex -8.887916863527321 -11.582958768252032 32
    endloop
  endfacet
  facet normal -0.6343932841636452 -0.7730104533627372 0
    outer loop
      vertex -9.626448900461005 -10.97686118919307 24
      vertex -8.887916863527321 -11.582958768252032 32
      vertex -9.626448900461005 -10.97686118919307 32
    endloop
  endfacet
  facet normal -0.5824776968678019 -0.8128466845916154 0
    outer loop
      vertex -8.887916863527321 -11.582958768252032 24
      vertex -8.111325402086191 -12.13945633961716 32
      vertex -8.887916863527321 -11.582958768252032 32
    endloop
  endfacet
  facet normal -0.4127070298043946 -0.9108638249211758 0
    outer loop
      vertex -6.457414877197419 -13.094342026377248 24
      vertex -5.587178112530311 -13.488641174664785 32
      vertex -6.457414877197419 -13.094342026377248 32
    endloop
  endfacet
  facet normal -0.4713967368259978 -0.8819212643483549 0
    outer loop
      vertex -6.457414877197419 -13.094342026377248 24
      vertex -6.457414877197419 -13.094342026377248 32
      vertex -7.3 -12.643970895252803 24
    endloop
  endfacet
  facet normal -0.4713967368259978 -0.8819212643483549 0
    outer loop
      vertex -7.3 -12.643970895252803 24
      vertex -6.457414877197419 -13.094342026377248 32
      vertex -7.3 -12.643970895252803 32
    endloop
  endfacet
  facet normal -0.4127070298043946 -0.9108638249211758 0
    outer loop
      vertex -6.457414877197419 -13.094342026377248 24
      vertex -5.587178112530311 -13.488641174664785 24
      vertex -5.587178112530311 -13.488641174664785 32
    endloop
  endfacet
  facet normal -0.3522500479212338 -0.9359059267573255 0
    outer loop
      vertex -5.587178112530311 -13.488641174664785 24
      vertex -4.693016193426159 -13.825179890628542 24
      vertex -4.693016193426159 -13.825179890628542 32
    endloop
  endfacet
  facet normal -0.3522500479212338 -0.9359059267573255 0
    outer loop
      vertex -5.587178112530311 -13.488641174664785 24
      vertex -4.693016193426159 -13.825179890628542 32
      vertex -5.587178112530311 -13.488641174664785 32
    endloop
  endfacet
  facet normal -0.16289547339458887 -0.986643332084879 0
    outer loop
      vertex -2.8483187014354723 -14.319465093887164 24
      vertex -1.9056824064127529 -14.475094976057632 32
      vertex -2.8483187014354723 -14.319465093887164 32
    endloop
  endfacet
  facet normal -0.16289547339458887 -0.986643332084879 0
    outer loop
      vertex -2.8483187014354723 -14.319465093887164 24
      vertex -1.9056824064127529 -14.475094976057632 24
      vertex -1.9056824064127529 -14.475094976057632 32
    endloop
  endfacet
  facet normal -0.09801714032955947 -0.995184726672197 0
    outer loop
      vertex -1.9056824064127529 -14.475094976057632 24
      vertex -0.9548856867600887 -14.56874027928361 24
      vertex -0.9548856867600887 -14.56874027928361 32
    endloop
  endfacet
  facet normal -0.09801714032955947 -0.995184726672197 0
    outer loop
      vertex -1.9056824064127529 -14.475094976057632 24
      vertex -0.9548856867600887 -14.56874027928361 32
      vertex -1.9056824064127529 -14.475094976057632 32
    endloop
  endfacet
  facet normal -0.03271908282177745 -0.9994645874763656 0
    outer loop
      vertex -0.9548856867600887 -14.56874027928361 24
      vertex 0 -14.6 24
      vertex 0 -14.6 32
    endloop
  endfacet
  facet normal -0.03271908282177745 -0.9994645874763656 0
    outer loop
      vertex -0.9548856867600887 -14.56874027928361 24
      vertex 0 -14.6 32
      vertex -0.9548856867600887 -14.56874027928361 32
    endloop
  endfacet
  facet normal -0.2902846772544629 -0.9569403357322087 0
    outer loop
      vertex -4.693016193426159 -13.825179890628542 24
      vertex -3.778758058496803 -14.102517063820397 24
      vertex -3.778758058496803 -14.102517063820397 32
    endloop
  endfacet
  facet normal -0.2902846772544629 -0.9569403357322087 0
    outer loop
      vertex -4.693016193426159 -13.825179890628542 24
      vertex -3.778758058496803 -14.102517063820397 32
      vertex -4.693016193426159 -13.825179890628542 32
    endloop
  endfacet
  facet normal -0.22707626303437284 -0.9738769792773337 0
    outer loop
      vertex -3.778758058496803 -14.102517063820397 24
      vertex -2.8483187014354723 -14.319465093887164 24
      vertex -2.8483187014354723 -14.319465093887164 32
    endloop
  endfacet
  facet normal -0.22707626303437284 -0.9738769792773337 0
    outer loop
      vertex -3.778758058496803 -14.102517063820397 24
      vertex -2.8483187014354723 -14.319465093887164 32
      vertex -3.778758058496803 -14.102517063820397 32
    endloop
  endfacet
  facet normal 0 0 1
    outer loop
      vertex -4.693016193426159 -13.825179890628542 32
      vertex -3.778758058496803 -14.102517063820397 32
      vertex -4.157348061512726 -2.777851165098011 32
    endloop
  endfacet
  facet normal 0 0 1
    outer loop
      vertex -3.778758058496803 -14.102517063820397 32
      vertex -2.8483187014354723 -14.319465093887164 32
      vertex -3.296729075500344 -3.759199037394887 32
    endloop
  endfacet
  facet normal 0 0 1
    outer loop
      vertex -2.8483187014354723 -14.319465093887164 32
      vertex -1.9056824064127529 -14.475094976057632 32
      vertex -2.5 -4.330127018922193 32
    endloop
  endfacet
  facet normal 0 0 1
    outer loop
      vertex -1.9056824064127529 -14.475094976057632 32
      vertex -0.9548856867600887 -14.56874027928361 32
      vertex -1.2940952255126037 -4.8296291314453415 32
    endloop
  endfacet
  facet normal 0 0 1
    outer loop
      vertex -0.9548856867600887 -14.56874027928361 32
      vertex 0 -14.6 32
      vertex -0.3270156461507153 -4.989294616193018 32
    endloop
  endfacet
  facet normal 0 0 1
    outer loop
      vertex -4.693016193426159 -13.825179890628542 32
      vertex -4.7346506474755286 -1.607197326515808 32
      vertex -4.8296291314453415 -1.2940952255126037 32
    endloop
  endfacet
  facet normal 0 0 1
    outer loop
      vertex -4.693016193426159 -13.825179890628542 32
      vertex -4.8296291314453415 -1.2940952255126037 32
      vertex -4.903926402016152 -0.9754516100806412 32
    endloop
  endfacet
  facet normal 0 0 1
    outer loop
      vertex -4.693016193426159 -13.825179890628542 32
      vertex -4.903926402016152 -0.9754516100806412 32
      vertex -4.957224306869052 -0.6526309611002579 32
    endloop
  endfacet
  facet normal 0 0 1
    outer loop
      vertex -4.693016193426159 -13.825179890628542 32
      vertex -4.957224306869052 -0.6526309611002579 32
      vertex -4.989294616193018 -0.3270156461507153 32
    endloop
  endfacet
  facet normal 0 0 -1
    outer loop
      vertex -9.626448900461005 -10.97686118919307 24
      vertex -8.887916863527321 11.582958768252032 24
      vertex -8.887916863527321 -11.582958768252032 24
    endloop
  endfacet
  facet normal 0 0 -1
    outer loop
      vertex -8.887916863527321 -11.582958768252032 24
      vertex -8.111325402086191 12.13945633961716 24
      vertex -8.111325402086191 -12.13945633961716 24
    endloop
  endfacet
  facet normal 0 0 -1
    outer loop
      vertex -8.111325402086191 -12.13945633961716 24
      vertex -7.3 12.643970895252803 24
      vertex -7.3 -12.643970895252803 24
    endloop
  endfacet
  facet normal 0 0 -1
    outer loop
      vertex -6.457414877197419 -13.094342026377248 24
      vertex -7.3 -12.643970895252803 24
      vertex -6.457414877197419 13.094342026377248 24
    endloop
  endfacet
  facet normal 0 0 -1
    outer loop
      vertex -6.457414877197419 -13.094342026377248 24
      vertex -5.587178112530311 13.488641174664785 24
      vertex -5.587178112530311 -13.488641174664785 24
    endloop
  endfacet
  facet normal 0 0 -1
    outer loop
      vertex -5.587178112530311 -13.488641174664785 24
      vertex -4.693016193426159 13.825179890628542 24
      vertex -4.693016193426159 -13.825179890628542 24
    endloop
  endfacet
  facet normal 0 0 1
    outer loop
      vertex -9.626448900461005 -10.97686118919307 32
      vertex -8.887916863527321 -11.582958768252032 32
      vertex -9.626448900461005 10.97686118919307 32
    endloop
  endfacet
  facet normal 0 0 1
    outer loop
      vertex -8.887916863527321 -11.582958768252032 32
      vertex -8.111325402086191 -12.13945633961716 32
      vertex -8.887916863527321 11.582958768252032 32
    endloop
  endfacet
  facet normal 0 0 1
    outer loop
      vertex -8.111325402086191 -12.13945633961716 32
      vertex -7.3 -12.643970895252803 32
      vertex -8.111325402086191 12.13945633961716 32
    endloop
  endfacet
  facet normal 0 0 1
    outer loop
      vertex -6.457414877197419 -13.094342026377248 32
      vertex -7.3 12.643970895252803 32
      vertex -7.3 -12.643970895252803 32
    endloop
  endfacet
  facet normal 0 0 1
    outer loop
      vertex -6.457414877197419 -13.094342026377248 32
      vertex -5.587178112530311 -13.488641174664785 32
      vertex -6.457414877197419 13.094342026377248 32
    endloop
  endfacet
  facet normal 0 0 1
    outer loop
      vertex -5.587178112530311 -13.488641174664785 32
      vertex -4.693016193426159 -13.825179890628542 32
      vertex -5.587178112530311 13.488641174664785 32
    endloop
  endfacet
  facet normal 0 0 1
    outer loop
      vertex -4.693016193426159 -13.825179890628542 32
      vertex -4.989294616193018 -0.3270156461507153 32
      vertex -5.587178112530311 13.488641174664785 32
    endloop
  endfacet
  facet normal 0 0 -1
    outer loop
      vertex -2.8483187014354723 -14.319465093887164 24
      vertex -1.9056824064127529 14.475094976057632 24
      vertex -1.9056824064127529 -14.475094976057632 24
    endloop
  endfacet
  facet normal 0 0 -1
    outer loop
      vertex -1.9056824064127529 -14.475094976057632 24
      vertex -0.9548856867600887 14.56874027928361 24
      vertex -0.9548856867600887 -14.56874027928361 24
    endloop
  endfacet
  facet normal 0 0 -1
    outer loop
      vertex -0.9548856867600887 -14.56874027928361 24
      vertex 0 14.6 24
      vertex 0 -14.6 24
    endloop
  endfacet
  facet normal 0 0 1
    outer loop
      vertex -3.778758058496803 -14.102517063820397 32
      vertex -3.296729075500344 -3.759199037394887 32
      vertex -3.5355339059327378 -3.5355339059327378 32
    endloop
  endfacet
  facet normal 0 0 1
    outer loop
      vertex -2.8483187014354723 -14.319465093887164 32
      vertex -3.043807145043603 -3.9667667014561756 32
      vertex -3.296729075500344 -3.759199037394887 32
    endloop
  endfacet
  facet normal 0 0 1
    outer loop
      vertex -2.8483187014354723 -14.319465093887164 32
      vertex -2.777851165098011 -4.157348061512726 32
      vertex -3.043807145043603 -3.9667667014561756 32
    endloop
  endfacet
  facet normal 0 0 1
    outer loop
      vertex -2.8483187014354723 -14.319465093887164 32
      vertex -2.5 -4.330127018922193 32
      vertex -2.777851165098011 -4.157348061512726 32
    endloop
  endfacet
  facet normal 0 0 1
    outer loop
      vertex -4.693016193426159 -13.825179890628542 32
      vertex -4.330127018922193 -2.5 32
      vertex -4.484363707663441 -2.2114434510950067 32
    endloop
  endfacet
  facet normal 0 0 1
    outer loop
      vertex -4.693016193426159 -13.825179890628542 32
      vertex -4.484363707663441 -2.2114434510950067 32
      vertex -4.619397662556434 -1.913417161825449 32
    endloop
  endfacet
  facet normal 0 0 1
    outer loop
      vertex -4.693016193426159 -13.825179890628542 32
      vertex -4.157348061512726 -2.777851165098011 32
      vertex -4.330127018922193 -2.5 32
    endloop
  endfacet
  facet normal 0 0 1
    outer loop
      vertex -3.778758058496803 -14.102517063820397 32
      vertex -3.9667667014561756 -3.043807145043603 32
      vertex -4.157348061512726 -2.777851165098011 32
    endloop
  endfacet
  facet normal 0 0 1
    outer loop
      vertex -3.778758058496803 -14.102517063820397 32
      vertex -3.5355339059327378 -3.5355339059327378 32
      vertex -3.759199037394887 -3.296729075500344 32
    endloop
  endfacet
  facet normal 0 0 1
    outer loop
      vertex -3.778758058496803 -14.102517063820397 32
      vertex -3.759199037394887 -3.296729075500344 32
      vertex -3.9667667014561756 -3.043807145043603 32
    endloop
  endfacet
  facet normal 0 0 1
    outer loop
      vertex -4.693016193426159 -13.825179890628542 32
      vertex -4.619397662556434 -1.913417161825449 32
      vertex -4.7346506474755286 -1.607197326515808 32
    endloop
  endfacet
  facet normal 0 0 1
    outer loop
      vertex -1.9056824064127529 -14.475094976057632 32
      vertex -2.2114434510950067 -4.484363707663441 32
      vertex -2.5 -4.330127018922193 32
    endloop
  endfacet
  facet normal 0 0 1
    outer loop
      vertex -1.9056824064127529 -14.475094976057632 32
      vertex -1.913417161825449 -4.619397662556434 32
      vertex -2.2114434510950067 -4.484363707663441 32
    endloop
  endfacet
  facet normal 0 0 1
    outer loop
      vertex -1.9056824064127529 -14.475094976057632 32
      vertex -1.607197326515808 -4.7346506474755286 32
      vertex -1.913417161825449 -4.619397662556434 32
    endloop
  endfacet
  facet normal 0 0 1
    outer loop
      vertex -1.9056824064127529 -14.475094976057632 32
      vertex -1.2940952255126037 -4.8296291314453415 32
      vertex -1.607197326515808 -4.7346506474755286 32
    endloop
  endfacet
  facet normal 0 0 1
    outer loop
      vertex -0.9548856867600887 -14.56874027928361 32
      vertex -0.9754516100806412 -4.903926402016152 32
      vertex -1.2940952255126037 -4.8296291314453415 32
    endloop
  endfacet
  facet normal 0 0 1
    outer loop
      vertex -0.9548856867600887 -14.56874027928361 32
      vertex -0.6526309611002579 -4.957224306869052 32
      vertex -0.9754516100806412 -4.903926402016152 32
    endloop
  endfacet
  facet normal 0 0 1
    outer loop
      vertex -0.9548856867600887 -14.56874027928361 32
      vertex -0.3270156461507153 -4.989294616193018 32
      vertex -0.6526309611002579 -4.957224306869052 32
    endloop
  endfacet
  facet normal 0 0 1
    outer loop
      vertex -0.3270156461507153 -4.989294616193018 32
      vertex 0 -14.6 32
      vertex 0 -5 32
    endloop
  endfacet
  facet normal 0 0 -1
    outer loop
      vertex -4.693016193426159 -13.825179890628542 24
      vertex -3.778758058496803 14.102517063820397 24
      vertex -3.778758058496803 -14.102517063820397 24
    endloop
  endfacet
  facet normal 0 0 -1
    outer loop
      vertex -3.778758058496803 -14.102517063820397 24
      vertex -2.8483187014354723 14.319465093887164 24
      vertex -2.8483187014354723 -14.319465093887164 24
    endloop
  endfacet
  facet normal 0 0 -1
    outer loop
      vertex -14.56874027928361 -0.9548856867600887 24
      vertex -14.6 0 24
      vertex -14.56874027928361 0.9548856867600887 24
    endloop
  endfacet
  facet normal 0 0 -1
    outer loop
      vertex -14.56874027928361 -0.9548856867600887 24
      vertex -14.56874027928361 0.9548856867600887 24
      vertex -14.475094976057632 1.9056824064127529 24
    endloop
  endfacet
  facet normal 0 0 -1
    outer loop
      vertex -14.475094976057632 -1.9056824064127529 24
      vertex -14.475094976057632 1.9056824064127529 24
      vertex -14.319465093887164 2.8483187014354723 24
    endloop
  endfacet
  facet normal -0.9994645874763656 0.03271908282177745 0
    outer loop
      vertex -14.6 0 24
      vertex -14.56874027928361 0.9548856867600887 32
      vertex -14.56874027928361 0.9548856867600887 24
    endloop
  endfacet
  facet normal -0.9994645874763656 0.03271908282177745 0
    outer loop
      vertex -14.6 0 24
      vertex -14.6 0 32
      vertex -14.56874027928361 0.9548856867600887 32
    endloop
  endfacet
  facet normal -0.995184726672197 0.09801714032955947 0
    outer loop
      vertex -14.56874027928361 0.9548856867600887 24
      vertex -14.475094976057632 1.9056824064127529 32
      vertex -14.475094976057632 1.9056824064127529 24
    endloop
  endfacet
  facet normal -0.995184726672197 0.09801714032955947 0
    outer loop
      vertex -14.56874027928361 0.9548856867600887 24
      vertex -14.56874027928361 0.9548856867600887 32
      vertex -14.475094976057632 1.9056824064127529 32
    endloop
  endfacet
  facet normal -0.986643332084879 0.16289547339458887 0
    outer loop
      vertex -14.475094976057632 1.9056824064127529 24
      vertex -14.475094976057632 1.9056824064127529 32
      vertex -14.319465093887164 2.8483187014354723 32
    endloop
  endfacet
  facet normal -0.986643332084879 0.16289547339458887 0
    outer loop
      vertex -14.475094976057632 1.9056824064127529 24
      vertex -14.319465093887164 2.8483187014354723 32
      vertex -14.319465093887164 2.8483187014354723 24
    endloop
  endfacet
  facet normal 0 0 1
    outer loop
      vertex -14.56874027928361 -0.9548856867600887 32
      vertex -14.56874027928361 0.9548856867600887 32
      vertex -14.6 0 32
    endloop
  endfacet
  facet normal 0 0 1
    outer loop
      vertex -14.475094976057632 -1.9056824064127529 32
      vertex -14.475094976057632 1.9056824064127529 32
      vertex -14.56874027928361 0.9548856867600887 32
    endloop
  endfacet
  facet normal 0 0 1
    outer loop
      vertex -14.319465093887164 -2.8483187014354723 32
      vertex -14.319465093887164 2.8483187014354723 32
      vertex -14.475094976057632 1.9056824064127529 32
    endloop
  endfacet
  facet normal 0 0 -1
    outer loop
      vertex -14.319465093887164 -2.8483187014354723 24
      vertex -14.319465093887164 2.8483187014354723 24
      vertex -14.102517063820397 3.778758058496803 24
    endloop
  endfacet
  facet normal 0 0 -1
    outer loop
      vertex -14.102517063820397 -3.778758058496803 24
      vertex -14.102517063820397 3.778758058496803 24
      vertex -13.825179890628542 4.693016193426159 24
    endloop
  endfacet
  facet normal 0 0 -1
    outer loop
      vertex -13.825179890628542 -4.693016193426159 24
      vertex -13.825179890628542 4.693016193426159 24
      vertex -13.488641174664785 5.587178112530311 24
    endloop
  endfacet
  facet normal 0 0 -1
    outer loop
      vertex -13.488641174664785 -5.587178112530311 24
      vertex -13.488641174664785 5.587178112530311 24
      vertex -13.094342026377248 6.457414877197419 24
    endloop
  endfacet
  facet normal 0 0 -1
    outer loop
      vertex -13.094342026377248 -6.457414877197419 24
      vertex -13.094342026377248 6.457414877197419 24
      vertex -12.643970895252803 7.3 24
    endloop
  endfacet
  facet normal 0 0 -1
    outer loop
      vertex -12.643970895252803 -7.3 24
      vertex -12.643970895252803 7.3 24
      vertex -12.13945633961716 8.111325402086191 24
    endloop
  endfacet
  facet normal 0 0 -1
    outer loop
      vertex -12.13945633961716 -8.111325402086191 24
      vertex -12.13945633961716 8.111325402086191 24
      vertex -11.582958768252032 8.887916863527321 24
    endloop
  endfacet
  facet normal -0.9738769792773337 0.22707626303437284 0
    outer loop
      vertex -14.319465093887164 2.8483187014354723 24
      vertex -14.102517063820397 3.778758058496803 32
      vertex -14.102517063820397 3.778758058496803 24
    endloop
  endfacet
  facet normal -0.9738769792773337 0.22707626303437284 0
    outer loop
      vertex -14.319465093887164 2.8483187014354723 24
      vertex -14.319465093887164 2.8483187014354723 32
      vertex -14.102517063820397 3.778758058496803 32
    endloop
  endfacet
  facet normal -0.9569403357322087 0.2902846772544629 0
    outer loop
      vertex -14.102517063820397 3.778758058496803 24
      vertex -13.825179890628542 4.693016193426159 32
      vertex -13.825179890628542 4.693016193426159 24
    endloop
  endfacet
  facet normal -0.9569403357322087 0.2902846772544629 0
    outer loop
      vertex -14.102517063820397 3.778758058496803 24
      vertex -14.102517063820397 3.778758058496803 32
      vertex -13.825179890628542 4.693016193426159 32
    endloop
  endfacet
  facet normal 0 0 -1
    outer loop
      vertex -11.582958768252032 -8.887916863527321 24
      vertex -11.582958768252032 8.887916863527321 24
      vertex -10.97686118919307 9.626448900461005 24
    endloop
  endfacet
  facet normal 0 0 -1
    outer loop
      vertex -10.97686118919307 -9.626448900461005 24
      vertex -10.97686118919307 9.626448900461005 24
      vertex -10.323759005323595 10.323759005323595 24
    endloop
  endfacet
  facet normal 0 0 -1
    outer loop
      vertex -10.323759005323595 -10.323759005323595 24
      vertex -10.323759005323595 10.323759005323595 24
      vertex -9.626448900461005 10.97686118919307 24
    endloop
  endfacet
  facet normal 0 0 1
    outer loop
      vertex -14.102517063820397 -3.778758058496803 32
      vertex -14.102517063820397 3.778758058496803 32
      vertex -14.319465093887164 2.8483187014354723 32
    endloop
  endfacet
  facet normal 0 0 1
    outer loop
      vertex -13.825179890628542 -4.693016193426159 32
      vertex -13.825179890628542 4.693016193426159 32
      vertex -14.102517063820397 3.778758058496803 32
    endloop
  endfacet
  facet normal 0 0 1
    outer loop
      vertex -13.488641174664785 -5.587178112530311 32
      vertex -13.488641174664785 5.587178112530311 32
      vertex -13.825179890628542 4.693016193426159 32
    endloop
  endfacet
  facet normal 0 0 1
    outer loop
      vertex -13.094342026377248 -6.457414877197419 32
      vertex -13.094342026377248 6.457414877197419 32
      vertex -13.488641174664785 5.587178112530311 32
    endloop
  endfacet
  facet normal 0 0 1
    outer loop
      vertex -12.643970895252803 -7.3 32
      vertex -12.643970895252803 7.3 32
      vertex -13.094342026377248 6.457414877197419 32
    endloop
  endfacet
  facet normal 0 0 1
    outer loop
      vertex -12.13945633961716 -8.111325402086191 32
      vertex -12.13945633961716 8.111325402086191 32
      vertex -12.643970895252803 7.3 32
    endloop
  endfacet
  facet normal 0 0 1
    outer loop
      vertex -11.582958768252032 -8.887916863527321 32
      vertex -11.582958768252032 8.887916863527321 32
      vertex -12.13945633961716 8.111325402086191 32
    endloop
  endfacet
  facet normal 0 0 1
    outer loop
      vertex -10.97686118919307 -9.626448900461005 32
      vertex -10.97686118919307 9.626448900461005 32
      vertex -11.582958768252032 8.887916863527321 32
    endloop
  endfacet
  facet normal 0 0 1
    outer loop
      vertex -10.323759005323595 -10.323759005323595 32
      vertex -10.323759005323595 10.323759005323595 32
      vertex -10.97686118919307 9.626448900461005 32
    endloop
  endfacet
  facet normal 0 0 1
    outer loop
      vertex -9.626448900461005 -10.97686118919307 32
      vertex -9.626448900461005 10.97686118919307 32
      vertex -10.323759005323595 10.323759005323595 32
    endloop
  endfacet
  facet normal -0.9359059267573255 0.3522500479212338 0
    outer loop
      vertex -13.825179890628542 4.693016193426159 24
      vertex -13.488641174664785 5.587178112530311 32
      vertex -13.488641174664785 5.587178112530311 24
    endloop
  endfacet
  facet normal -0.9359059267573255 0.3522500479212338 0
    outer loop
      vertex -13.825179890628542 4.693016193426159 24
      vertex -13.825179890628542 4.693016193426159 32
      vertex -13.488641174664785 5.587178112530311 32
    endloop
  endfacet
  facet normal -0.9108638249211758 0.4127070298043946 0
    outer loop
      vertex -13.488641174664785 5.587178112530311 24
      vertex -13.488641174664785 5.587178112530311 32
      vertex -13.094342026377248 6.457414877197419 32
    endloop
  endfacet
  facet normal -0.9108638249211758 0.4127070298043946 0
    outer loop
      vertex -13.488641174664785 5.587178112530311 24
      vertex -13.094342026377248 6.457414877197419 32
      vertex -13.094342026377248 6.457414877197419 24
    endloop
  endfacet
  facet normal -0.8819212643483549 0.4713967368259978 0
    outer loop
      vertex -13.094342026377248 6.457414877197419 24
      vertex -12.643970895252803 7.3 32
      vertex -12.643970895252803 7.3 24
    endloop
  endfacet
  facet normal -0.8819212643483549 0.4713967368259978 0
    outer loop
      vertex -13.094342026377248 6.457414877197419 24
      vertex -13.094342026377248 6.457414877197419 32
      vertex -12.643970895252803 7.3 32
    endloop
  endfacet
  facet normal -0.849202181526579 0.5280678506503679 0
    outer loop
      vertex -12.643970895252803 7.3 24
      vertex -12.13945633961716 8.111325402086191 32
      vertex -12.13945633961716 8.111325402086191 24
    endloop
  endfacet
  facet normal -0.849202181526579 0.5280678506503679 0
    outer loop
      vertex -12.643970895252803 7.3 24
      vertex -12.643970895252803 7.3 32
      vertex -12.13945633961716 8.111325402086191 32
    endloop
  endfacet
  facet normal -0.8128466845916154 0.5824776968678019 0
    outer loop
      vertex -12.13945633961716 8.111325402086191 24
      vertex -12.13945633961716 8.111325402086191 32
      vertex -11.582958768252032 8.887916863527321 32
    endloop
  endfacet
  facet normal -0.8128466845916154 0.5824776968678019 0
    outer loop
      vertex -12.13945633961716 8.111325402086191 24
      vertex -11.582958768252032 8.887916863527321 32
      vertex -11.582958768252032 8.887916863527321 24
    endloop
  endfacet
  facet normal -0.7730104533627372 0.6343932841636452 0
    outer loop
      vertex -11.582958768252032 8.887916863527321 24
      vertex -10.97686118919307 9.626448900461005 32
      vertex -10.97686118919307 9.626448900461005 24
    endloop
  endfacet
  facet normal -0.7730104533627372 0.6343932841636452 0
    outer loop
      vertex -11.582958768252032 8.887916863527321 24
      vertex -11.582958768252032 8.887916863527321 32
      vertex -10.97686118919307 9.626448900461005 32
    endloop
  endfacet
  facet normal -0.7298640726978369 0.6835923020228699 0
    outer loop
      vertex -10.97686118919307 9.626448900461005 24
      vertex -10.97686118919307 9.626448900461005 32
      vertex -10.323759005323595 10.323759005323595 32
    endloop
  endfacet
  facet normal -0.7298640726978369 0.6835923020228699 0
    outer loop
      vertex -10.97686118919307 9.626448900461005 24
      vertex -10.323759005323595 10.323759005323595 32
      vertex -10.323759005323595 10.323759005323595 24
    endloop
  endfacet
  facet normal -0.6835923020228699 0.7298640726978369 0
    outer loop
      vertex -10.323759005323595 10.323759005323595 24
      vertex -10.323759005323595 10.323759005323595 32
      vertex -9.626448900461005 10.97686118919307 24
    endloop
  endfacet
  facet normal -0.6835923020228699 0.7298640726978369 0
    outer loop
      vertex -10.323759005323595 10.323759005323595 32
      vertex -9.626448900461005 10.97686118919307 32
      vertex -9.626448900461005 10.97686118919307 24
    endloop
  endfacet
  facet normal 0 0 -1
    outer loop
      vertex -9.626448900461005 -10.97686118919307 24
      vertex -9.626448900461005 10.97686118919307 24
      vertex -8.887916863527321 11.582958768252032 24
    endloop
  endfacet
  facet normal 0 0 -1
    outer loop
      vertex -8.887916863527321 -11.582958768252032 24
      vertex -8.887916863527321 11.582958768252032 24
      vertex -8.111325402086191 12.13945633961716 24
    endloop
  endfacet
  facet normal 0 0 -1
    outer loop
      vertex -8.111325402086191 -12.13945633961716 24
      vertex -8.111325402086191 12.13945633961716 24
      vertex -7.3 12.643970895252803 24
    endloop
  endfacet
  facet normal 0 0 -1
    outer loop
      vertex -7.3 -12.643970895252803 24
      vertex -7.3 12.643970895252803 24
      vertex -6.457414877197419 13.094342026377248 24
    endloop
  endfacet
  facet normal 0 0 -1
    outer loop
      vertex -6.457414877197419 -13.094342026377248 24
      vertex -6.457414877197419 13.094342026377248 24
      vertex -5.587178112530311 13.488641174664785 24
    endloop
  endfacet
  facet normal 0 0 -1
    outer loop
      vertex -5.587178112530311 -13.488641174664785 24
      vertex -5.587178112530311 13.488641174664785 24
      vertex -4.693016193426159 13.825179890628542 24
    endloop
  endfacet
  facet normal 0 0 1
    outer loop
      vertex -8.887916863527321 -11.582958768252032 32
      vertex -8.887916863527321 11.582958768252032 32
      vertex -9.626448900461005 10.97686118919307 32
    endloop
  endfacet
  facet normal 0 0 1
    outer loop
      vertex -8.111325402086191 -12.13945633961716 32
      vertex -8.111325402086191 12.13945633961716 32
      vertex -8.887916863527321 11.582958768252032 32
    endloop
  endfacet
  facet normal 0 0 1
    outer loop
      vertex -7.3 -12.643970895252803 32
      vertex -7.3 12.643970895252803 32
      vertex -8.111325402086191 12.13945633961716 32
    endloop
  endfacet
  facet normal 0 0 1
    outer loop
      vertex -6.457414877197419 -13.094342026377248 32
      vertex -6.457414877197419 13.094342026377248 32
      vertex -7.3 12.643970895252803 32
    endloop
  endfacet
  facet normal 0 0 1
    outer loop
      vertex -5.587178112530311 -13.488641174664785 32
      vertex -5.587178112530311 13.488641174664785 32
      vertex -6.457414877197419 13.094342026377248 32
    endloop
  endfacet
  facet normal 0 0 1
    outer loop
      vertex -4.989294616193018 -0.3270156461507153 32
      vertex -5 0 32
      vertex -5.587178112530311 13.488641174664785 32
    endloop
  endfacet
  facet normal 0 0 1
    outer loop
      vertex -5 0 32
      vertex -4.989294616193018 0.3270156461507153 32
      vertex -5.587178112530311 13.488641174664785 32
    endloop
  endfacet
  facet normal 0 0 1
    outer loop
      vertex -4.989294616193018 0.3270156461507153 32
      vertex -4.957224306869052 0.6526309611002579 32
      vertex -5.587178112530311 13.488641174664785 32
    endloop
  endfacet
  facet normal 0 0 1
    outer loop
      vertex -4.957224306869052 0.6526309611002579 32
      vertex -4.903926402016152 0.9754516100806412 32
      vertex -5.587178112530311 13.488641174664785 32
    endloop
  endfacet
  facet normal 0 0 1
    outer loop
      vertex -4.903926402016152 0.9754516100806412 32
      vertex -4.8296291314453415 1.2940952255126037 32
      vertex -5.587178112530311 13.488641174664785 32
    endloop
  endfacet
  facet normal 0 0 1
    outer loop
      vertex -4.8296291314453415 1.2940952255126037 32
      vertex -4.7346506474755286 1.607197326515808 32
      vertex -5.587178112530311 13.488641174664785 32
    endloop
  endfacet
  facet normal 0 0 1
    outer loop
      vertex -4.7346506474755286 1.607197326515808 32
      vertex -4.619397662556434 1.913417161825449 32
      vertex -5.587178112530311 13.488641174664785 32
    endloop
  endfacet
  facet normal 0 0 -1
    outer loop
      vertex -4.693016193426159 -13.825179890628542 24
      vertex -4.693016193426159 13.825179890628542 24
      vertex -3.778758058496803 14.102517063820397 24
    endloop
  endfacet
  facet normal 0 0 -1
    outer loop
      vertex -3.778758058496803 -14.102517063820397 24
      vertex -3.778758058496803 14.102517063820397 24
      vertex -2.8483187014354723 14.319465093887164 24
    endloop
  endfacet
  facet normal 0 0 -1
    outer loop
      vertex -2.8483187014354723 -14.319465093887164 24
      vertex -2.8483187014354723 14.319465093887164 24
      vertex -1.9056824064127529 14.475094976057632 24
    endloop
  endfacet
  facet normal 0 0 -1
    outer loop
      vertex -1.9056824064127529 -14.475094976057632 24
      vertex -1.9056824064127529 14.475094976057632 24
      vertex -0.9548856867600887 14.56874027928361 24
    endloop
  endfacet
  facet normal 0 0 -1
    outer loop
      vertex -0.9548856867600887 -14.56874027928361 24
      vertex -0.9548856867600887 14.56874027928361 24
      vertex 0 14.6 24
    endloop
  endfacet
  facet normal 0 0 1
    outer loop
      vertex -4.619397662556434 1.913417161825449 32
      vertex -4.484363707663441 2.2114434510950067 32
      vertex -4.693016193426159 13.825179890628542 32
    endloop
  endfacet
  facet normal 0 0 1
    outer loop
      vertex -4.484363707663441 2.2114434510950067 32
      vertex -4.330127018922193 2.5 32
      vertex -4.693016193426159 13.825179890628542 32
    endloop
  endfacet
  facet normal 0 0 1
    outer loop
      vertex -4.330127018922193 2.5 32
      vertex -4.157348061512726 2.777851165098011 32
      vertex -4.693016193426159 13.825179890628542 32
    endloop
  endfacet
  facet normal 0 0 1
    outer loop
      vertex -4.157348061512726 2.777851165098011 32
      vertex -3.9667667014561756 3.043807145043603 32
      vertex -4.693016193426159 13.825179890628542 32
    endloop
  endfacet
  facet normal 0 0 1
    outer loop
      vertex -3.9667667014561756 3.043807145043603 32
      vertex -3.759199037394887 3.296729075500344 32
      vertex -4.693016193426159 13.825179890628542 32
    endloop
  endfacet
  facet normal 0 0 1
    outer loop
      vertex -3.759199037394887 3.296729075500344 32
      vertex -3.5355339059327378 3.5355339059327378 32
      vertex -3.778758058496803 14.102517063820397 32
    endloop
  endfacet
  facet normal 0 0 1
    outer loop
      vertex -3.5355339059327378 3.5355339059327378 32
      vertex -3.296729075500344 3.759199037394887 32
      vertex -3.778758058496803 14.102517063820397 32
    endloop
  endfacet
  facet normal 0 0 1
    outer loop
      vertex -3.296729075500344 3.759199037394887 32
      vertex -3.043807145043603 3.9667667014561756 32
      vertex -3.778758058496803 14.102517063820397 32
    endloop
  endfacet
  facet normal 0 0 1
    outer loop
      vertex -3.043807145043603 3.9667667014561756 32
      vertex -2.777851165098011 4.157348061512726 32
      vertex -3.778758058496803 14.102517063820397 32
    endloop
  endfacet
  facet normal 0 0 1
    outer loop
      vertex -2.777851165098011 4.157348061512726 32
      vertex -2.5 4.330127018922193 32
      vertex -2.8483187014354723 14.319465093887164 32
    endloop
  endfacet
  facet normal 0 0 1
    outer loop
      vertex -2.5 4.330127018922193 32
      vertex -2.2114434510950067 4.484363707663441 32
      vertex -2.8483187014354723 14.319465093887164 32
    endloop
  endfacet
  facet normal 0 0 1
    outer loop
      vertex -2.2114434510950067 4.484363707663441 32
      vertex -1.913417161825449 4.619397662556434 32
      vertex -2.8483187014354723 14.319465093887164 32
    endloop
  endfacet
  facet normal 0 0 1
    outer loop
      vertex -1.913417161825449 4.619397662556434 32
      vertex -1.607197326515808 4.7346506474755286 32
      vertex -2.8483187014354723 14.319465093887164 32
    endloop
  endfacet
  facet normal 0 0 1
    outer loop
      vertex -1.607197326515808 4.7346506474755286 32
      vertex -1.2940952255126037 4.8296291314453415 32
      vertex -1.9056824064127529 14.475094976057632 32
    endloop
  endfacet
  facet normal 0 0 1
    outer loop
      vertex -1.2940952255126037 4.8296291314453415 32
      vertex -0.9754516100806412 4.903926402016152 32
      vertex -1.9056824064127529 14.475094976057632 32
    endloop
  endfacet
  facet normal 0 0 1
    outer loop
      vertex -0.9754516100806412 4.903926402016152 32
      vertex -0.6526309611002579 4.957224306869052 32
      vertex -1.9056824064127529 14.475094976057632 32
    endloop
  endfacet
  facet normal 0 0 1
    outer loop
      vertex -0.6526309611002579 4.957224306869052 32
      vertex -0.3270156461507153 4.989294616193018 32
      vertex -0.9548856867600887 14.56874027928361 32
    endloop
  endfacet
  facet normal 0 0 1
    outer loop
      vertex -0.3270156461507153 4.989294616193018 32
      vertex 0 5 32
      vertex -0.9548856867600887 14.56874027928361 32
    endloop
  endfacet
  facet normal -0.6343932841636452 0.7730104533627372 0
    outer loop
      vertex -9.626448900461005 10.97686118919307 24
      vertex -9.626448900461005 10.97686118919307 32
      vertex -8.887916863527321 11.582958768252032 24
    endloop
  endfacet
  facet normal -0.5824776968678019 0.8128466845916154 0
    outer loop
      vertex -8.887916863527321 11.582958768252032 24
      vertex -8.887916863527321 11.582958768252032 32
      vertex -8.111325402086191 12.13945633961716 24
    endloop
  endfacet
  facet normal -0.6343932841636452 0.7730104533627372 0
    outer loop
      vertex -8.887916863527321 11.582958768252032 24
      vertex -9.626448900461005 10.97686118919307 32
      vertex -8.887916863527321 11.582958768252032 32
    endloop
  endfacet
  facet normal -0.5824776968678019 0.8128466845916154 0
    outer loop
      vertex -8.111325402086191 12.13945633961716 24
      vertex -8.887916863527321 11.582958768252032 32
      vertex -8.111325402086191 12.13945633961716 32
    endloop
  endfacet
  facet normal -0.5280678506503679 0.849202181526579 0
    outer loop
      vertex -8.111325402086191 12.13945633961716 24
      vertex -8.111325402086191 12.13945633961716 32
      vertex -7.3 12.643970895252803 24
    endloop
  endfacet
  facet normal -0.5280678506503679 0.849202181526579 0
    outer loop
      vertex -8.111325402086191 12.13945633961716 32
      vertex -7.3 12.643970895252803 32
      vertex -7.3 12.643970895252803 24
    endloop
  endfacet
  facet normal -0.4713967368259978 0.8819212643483549 0
    outer loop
      vertex -7.3 12.643970895252803 24
      vertex -7.3 12.643970895252803 32
      vertex -6.457414877197419 13.094342026377248 24
    endloop
  endfacet
  facet normal -0.4713967368259978 0.8819212643483549 0
    outer loop
      vertex -6.457414877197419 13.094342026377248 24
      vertex -7.3 12.643970895252803 32
      vertex -6.457414877197419 13.094342026377248 32
    endloop
  endfacet
  facet normal -0.4127070298043946 0.9108638249211758 0
    outer loop
      vertex -6.457414877197419 13.094342026377248 24
      vertex -6.457414877197419 13.094342026377248 32
      vertex -5.587178112530311 13.488641174664785 24
    endloop
  endfacet
  facet normal -0.3522500479212338 0.9359059267573255 0
    outer loop
      vertex -5.587178112530311 13.488641174664785 24
      vertex -5.587178112530311 13.488641174664785 32
      vertex -4.693016193426159 13.825179890628542 24
    endloop
  endfacet
  facet normal -0.4127070298043946 0.9108638249211758 0
    outer loop
      vertex -5.587178112530311 13.488641174664785 24
      vertex -6.457414877197419 13.094342026377248 32
      vertex -5.587178112530311 13.488641174664785 32
    endloop
  endfacet
  facet normal -0.3522500479212338 0.9359059267573255 0
    outer loop
      vertex -4.693016193426159 13.825179890628542 24
      vertex -5.587178112530311 13.488641174664785 32
      vertex -4.693016193426159 13.825179890628542 32
    endloop
  endfacet
  facet normal 0 0 1
    outer loop
      vertex -4.619397662556434 1.913417161825449 32
      vertex -4.693016193426159 13.825179890628542 32
      vertex -5.587178112530311 13.488641174664785 32
    endloop
  endfacet
  facet normal -0.2902846772544629 0.9569403357322087 0
    outer loop
      vertex -4.693016193426159 13.825179890628542 24
      vertex -4.693016193426159 13.825179890628542 32
      vertex -3.778758058496803 14.102517063820397 24
    endloop
  endfacet
  facet normal -0.2902846772544629 0.9569403357322087 0
    outer loop
      vertex -3.778758058496803 14.102517063820397 24
      vertex -4.693016193426159 13.825179890628542 32
      vertex -3.778758058496803 14.102517063820397 32
    endloop
  endfacet
  facet normal -0.22707626303437284 0.9738769792773337 0
    outer loop
      vertex -3.778758058496803 14.102517063820397 24
      vertex -3.778758058496803 14.102517063820397 32
      vertex -2.8483187014354723 14.319465093887164 24
    endloop
  endfacet
  facet normal -0.22707626303437284 0.9738769792773337 0
    outer loop
      vertex -3.778758058496803 14.102517063820397 32
      vertex -2.8483187014354723 14.319465093887164 32
      vertex -2.8483187014354723 14.319465093887164 24
    endloop
  endfacet
  facet normal 0 0 1
    outer loop
      vertex -3.759199037394887 3.296729075500344 32
      vertex -3.778758058496803 14.102517063820397 32
      vertex -4.693016193426159 13.825179890628542 32
    endloop
  endfacet
  facet normal 0 0 1
    outer loop
      vertex -2.777851165098011 4.157348061512726 32
      vertex -2.8483187014354723 14.319465093887164 32
      vertex -3.778758058496803 14.102517063820397 32
    endloop
  endfacet
  facet normal 0 0 1
    outer loop
      vertex -1.607197326515808 4.7346506474755286 32
      vertex -1.9056824064127529 14.475094976057632 32
      vertex -2.8483187014354723 14.319465093887164 32
    endloop
  endfacet
  facet normal 0 0 1
    outer loop
      vertex -0.6526309611002579 4.957224306869052 32
      vertex -0.9548856867600887 14.56874027928361 32
      vertex -1.9056824064127529 14.475094976057632 32
    endloop
  endfacet
  facet normal 0 0 1
    outer loop
      vertex -0.9548856867600887 14.56874027928361 32
      vertex 0 5 32
      vertex 0 14.6 32
    endloop
  endfacet
  facet normal -0.16289547339458887 0.986643332084879 0
    outer loop
      vertex -2.8483187014354723 14.319465093887164 24
      vertex -2.8483187014354723 14.319465093887164 32
      vertex -1.9056824064127529 14.475094976057632 24
    endloop
  endfacet
  facet normal -0.09801714032955947 0.995184726672197 0
    outer loop
      vertex -1.9056824064127529 14.475094976057632 24
      vertex -1.9056824064127529 14.475094976057632 32
      vertex -0.9548856867600887 14.56874027928361 24
    endloop
  endfacet
  facet normal -0.16289547339458887 0.986643332084879 0
    outer loop
      vertex -1.9056824064127529 14.475094976057632 24
      vertex -2.8483187014354723 14.319465093887164 32
      vertex -1.9056824064127529 14.475094976057632 32
    endloop
  endfacet
  facet normal -0.09801714032955947 0.995184726672197 0
    outer loop
      vertex -0.9548856867600887 14.56874027928361 24
      vertex -1.9056824064127529 14.475094976057632 32
      vertex -0.9548856867600887 14.56874027928361 32
    endloop
  endfacet
  facet normal -0.03271908282177745 0.9994645874763656 0
    outer loop
      vertex -0.9548856867600887 14.56874027928361 24
      vertex -0.9548856867600887 14.56874027928361 32
      vertex 0 14.6 24
    endloop
  endfacet
  facet normal -0.03271908282177745 0.9994645874763656 0
    outer loop
      vertex -0.9548856867600887 14.56874027928361 32
      vertex 0 14.6 32
      vertex 0 14.6 24
    endloop
  endfacet
  facet normal 0.03271908282177745 -0.9994645874763656 0
    outer loop
      vertex 0 -14.6 24
      vertex 0.9548856867600887 -14.56874027928361 24
      vertex 0.9548856867600887 -14.56874027928361 32
    endloop
  endfacet
  facet normal 0.03271908282177745 -0.9994645874763656 0
    outer loop
      vertex 0 -14.6 24
      vertex 0.9548856867600887 -14.56874027928361 32
      vertex 0 -14.6 32
    endloop
  endfacet
  facet normal 0.09801714032955947 -0.995184726672197 0
    outer loop
      vertex 0.9548856867600887 -14.56874027928361 24
      vertex 1.9056824064127529 -14.475094976057632 24
      vertex 1.9056824064127529 -14.475094976057632 32
    endloop
  endfacet
  facet normal 0.09801714032955947 -0.995184726672197 0
    outer loop
      vertex 0.9548856867600887 -14.56874027928361 24
      vertex 1.9056824064127529 -14.475094976057632 32
      vertex 0.9548856867600887 -14.56874027928361 32
    endloop
  endfacet
  facet normal 0.16289547339458887 -0.986643332084879 0
    outer loop
      vertex 1.9056824064127529 -14.475094976057632 24
      vertex 2.8483187014354723 -14.319465093887164 32
      vertex 1.9056824064127529 -14.475094976057632 32
    endloop
  endfacet
  facet normal 0.16289547339458887 -0.986643332084879 0
    outer loop
      vertex 1.9056824064127529 -14.475094976057632 24
      vertex 2.8483187014354723 -14.319465093887164 24
      vertex 2.8483187014354723 -14.319465093887164 32
    endloop
  endfacet
  facet normal 0.22707626303437284 -0.9738769792773337 0
    outer loop
      vertex 2.8483187014354723 -14.319465093887164 24
      vertex 3.778758058496803 -14.102517063820397 24
      vertex 3.778758058496803 -14.102517063820397 32
    endloop
  endfacet
  facet normal 0.22707626303437284 -0.9738769792773337 0
    outer loop
      vertex 2.8483187014354723 -14.319465093887164 24
      vertex 3.778758058496803 -14.102517063820397 32
      vertex 2.8483187014354723 -14.319465093887164 32
    endloop
  endfacet
  facet normal 0.2902846772544629 -0.9569403357322087 0
    outer loop
      vertex 3.778758058496803 -14.102517063820397 24
      vertex 4.693016193426159 -13.825179890628542 24
      vertex 4.693016193426159 -13.825179890628542 32
    endloop
  endfacet
  facet normal 0.2902846772544629 -0.9569403357322087 0
    outer loop
      vertex 3.778758058496803 -14.102517063820397 24
      vertex 4.693016193426159 -13.825179890628542 32
      vertex 3.778758058496803 -14.102517063820397 32
    endloop
  endfacet
  facet normal 0 0 1
    outer loop
      vertex 0 -14.6 32
      vertex 0.9548856867600887 -14.56874027928361 32
      vertex 0 -5 32
    endloop
  endfacet
  facet normal 0 0 1
    outer loop
      vertex 0.9548856867600887 -14.56874027928361 32
      vertex 1.9056824064127529 -14.475094976057632 32
      vertex 0.6526309611002579 -4.957224306869052 32
    endloop
  endfacet
  facet normal 0 0 1
    outer loop
      vertex 1.9056824064127529 -14.475094976057632 32
      vertex 2.8483187014354723 -14.319465093887164 32
      vertex 1.607197326515808 -4.7346506474755286 32
    endloop
  endfacet
  facet normal 0 0 1
    outer loop
      vertex 2.8483187014354723 -14.319465093887164 32
      vertex 3.778758058496803 -14.102517063820397 32
      vertex 2.777851165098011 -4.157348061512726 32
    endloop
  endfacet
  facet normal 0 0 1
    outer loop
      vertex 3.778758058496803 -14.102517063820397 32
      vertex 4.693016193426159 -13.825179890628542 32
      vertex 3.759199037394887 -3.296729075500344 32
    endloop
  endfacet
  facet normal 0.3522500479212338 -0.9359059267573255 0
    outer loop
      vertex 4.693016193426159 -13.825179890628542 24
      vertex 5.587178112530311 -13.488641174664785 24
      vertex 5.587178112530311 -13.488641174664785 32
    endloop
  endfacet
  facet normal 0.3522500479212338 -0.9359059267573255 0
    outer loop
      vertex 4.693016193426159 -13.825179890628542 24
      vertex 5.587178112530311 -13.488641174664785 32
      vertex 4.693016193426159 -13.825179890628542 32
    endloop
  endfacet
  facet normal 0.4127070298043946 -0.9108638249211758 0
    outer loop
      vertex 5.587178112530311 -13.488641174664785 24
      vertex 6.457414877197419 -13.094342026377248 32
      vertex 5.587178112530311 -13.488641174664785 32
    endloop
  endfacet
  facet normal 0.4127070298043946 -0.9108638249211758 0
    outer loop
      vertex 5.587178112530311 -13.488641174664785 24
      vertex 6.457414877197419 -13.094342026377248 24
      vertex 6.457414877197419 -13.094342026377248 32
    endloop
  endfacet
  facet normal 0.4713967368259978 -0.8819212643483549 0
    outer loop
      vertex 6.457414877197419 -13.094342026377248 24
      vertex 7.3 -12.643970895252803 24
      vertex 7.3 -12.643970895252803 32
    endloop
  endfacet
  facet normal 0.4713967368259978 -0.8819212643483549 0
    outer loop
      vertex 6.457414877197419 -13.094342026377248 24
      vertex 7.3 -12.643970895252803 32
      vertex 6.457414877197419 -13.094342026377248 32
    endloop
  endfacet
  facet normal 0.5280678506503679 -0.849202181526579 0
    outer loop
      vertex 7.3 -12.643970895252803 24
      vertex 8.111325402086191 -12.13945633961716 24
      vertex 8.111325402086191 -12.13945633961716 32
    endloop
  endfacet
  facet normal 0.5280678506503679 -0.849202181526579 0
    outer loop
      vertex 7.3 -12.643970895252803 24
      vertex 8.111325402086191 -12.13945633961716 32
      vertex 7.3 -12.643970895252803 32
    endloop
  endfacet
  facet normal 0.5824776968678019 -0.8128466845916154 0
    outer loop
      vertex 8.111325402086191 -12.13945633961716 24
      vertex 8.887916863527321 -11.582958768252032 32
      vertex 8.111325402086191 -12.13945633961716 32
    endloop
  endfacet
  facet normal 0.5824776968678019 -0.8128466845916154 0
    outer loop
      vertex 8.111325402086191 -12.13945633961716 24
      vertex 8.887916863527321 -11.582958768252032 24
      vertex 8.887916863527321 -11.582958768252032 32
    endloop
  endfacet
  facet normal 0.6343932841636452 -0.7730104533627372 0
    outer loop
      vertex 8.887916863527321 -11.582958768252032 24
      vertex 9.626448900461005 -10.97686118919307 24
      vertex 9.626448900461005 -10.97686118919307 32
    endloop
  endfacet
  facet normal 0.6343932841636452 -0.7730104533627372 0
    outer loop
      vertex 8.887916863527321 -11.582958768252032 24
      vertex 9.626448900461005 -10.97686118919307 32
      vertex 8.887916863527321 -11.582958768252032 32
    endloop
  endfacet
  facet normal 0 0 1
    outer loop
      vertex 4.693016193426159 -13.825179890628542 32
      vertex 5.587178112530311 -13.488641174664785 32
      vertex 4.619397662556434 -1.913417161825449 32
    endloop
  endfacet
  facet normal 0 0 -1
    outer loop
      vertex 0 -14.6 24
      vertex 0.9548856867600887 14.56874027928361 24
      vertex 0.9548856867600887 -14.56874027928361 24
    endloop
  endfacet
  facet normal 0 0 -1
    outer loop
      vertex 0.9548856867600887 -14.56874027928361 24
      vertex 1.9056824064127529 14.475094976057632 24
      vertex 1.9056824064127529 -14.475094976057632 24
    endloop
  endfacet
  facet normal 0 0 -1
    outer loop
      vertex 1.9056824064127529 -14.475094976057632 24
      vertex 2.8483187014354723 14.319465093887164 24
      vertex 2.8483187014354723 -14.319465093887164 24
    endloop
  endfacet
  facet normal 0 0 -1
    outer loop
      vertex 2.8483187014354723 -14.319465093887164 24
      vertex 3.778758058496803 14.102517063820397 24
      vertex 3.778758058496803 -14.102517063820397 24
    endloop
  endfacet
  facet normal 0 0 1
    outer loop
      vertex 0.9548856867600887 -14.56874027928361 32
      vertex 0.3270156461507153 -4.989294616193018 32
      vertex 0 -5 32
    endloop
  endfacet
  facet normal 0 0 1
    outer loop
      vertex 0.9548856867600887 -14.56874027928361 32
      vertex 0.6526309611002579 -4.957224306869052 32
      vertex 0.3270156461507153 -4.989294616193018 32
    endloop
  endfacet
  facet normal 0 0 1
    outer loop
      vertex 1.9056824064127529 -14.475094976057632 32
      vertex 0.9754516100806412 -4.903926402016152 32
      vertex 0.6526309611002579 -4.957224306869052 32
    endloop
  endfacet
  facet normal 0 0 1
    outer loop
      vertex 1.9056824064127529 -14.475094976057632 32
      vertex 1.2940952255126037 -4.8296291314453415 32
      vertex 0.9754516100806412 -4.903926402016152 32
    endloop
  endfacet
  facet normal 0 0 1
    outer loop
      vertex 1.9056824064127529 -14.475094976057632 32
      vertex 1.607197326515808 -4.7346506474755286 32
      vertex 1.2940952255126037 -4.8296291314453415 32
    endloop
  endfacet
  facet normal 0 0 1
    outer loop
      vertex 2.8483187014354723 -14.319465093887164 32
      vertex 1.913417161825449 -4.619397662556434 32
      vertex 1.607197326515808 -4.7346506474755286 32
    endloop
  endfacet
  facet normal 0 0 1
    outer loop
      vertex 2.8483187014354723 -14.319465093887164 32
      vertex 2.2114434510950067 -4.484363707663441 32
      vertex 1.913417161825449 -4.619397662556434 32
    endloop
  endfacet
  facet normal 0 0 1
    outer loop
      vertex 2.8483187014354723 -14.319465093887164 32
      vertex 2.5 -4.330127018922193 32
      vertex 2.2114434510950067 -4.484363707663441 32
    endloop
  endfacet
  facet normal 0 0 1
    outer loop
      vertex 2.8483187014354723 -14.319465093887164 32
      vertex 2.777851165098011 -4.157348061512726 32
      vertex 2.5 -4.330127018922193 32
    endloop
  endfacet
  facet normal 0 0 1
    outer loop
      vertex 3.778758058496803 -14.102517063820397 32
      vertex 3.043807145043603 -3.9667667014561756 32
      vertex 2.777851165098011 -4.157348061512726 32
    endloop
  endfacet
  facet normal 0 0 1
    outer loop
      vertex 3.778758058496803 -14.102517063820397 32
      vertex 3.296729075500344 -3.759199037394887 32
      vertex 3.043807145043603 -3.9667667014561756 32
    endloop
  endfacet
  facet normal 0 0 1
    outer loop
      vertex 3.778758058496803 -14.102517063820397 32
      vertex 3.5355339059327378 -3.5355339059327378 32
      vertex 3.296729075500344 -3.759199037394887 32
    endloop
  endfacet
  facet normal 0 0 1
    outer loop
      vertex 3.778758058496803 -14.102517063820397 32
      vertex 3.759199037394887 -3.296729075500344 32
      vertex 3.5355339059327378 -3.5355339059327378 32
    endloop
  endfacet
  facet normal 0 0 1
    outer loop
      vertex 4.693016193426159 -13.825179890628542 32
      vertex 3.9667667014561756 -3.043807145043603 32
      vertex 3.759199037394887 -3.296729075500344 32
    endloop
  endfacet
  facet normal 0 0 1
    outer loop
      vertex 4.693016193426159 -13.825179890628542 32
      vertex 4.157348061512726 -2.777851165098011 32
      vertex 3.9667667014561756 -3.043807145043603 32
    endloop
  endfacet
  facet normal 0 0 1
    outer loop
      vertex 4.693016193426159 -13.825179890628542 32
      vertex 4.330127018922193 -2.5 32
      vertex 4.157348061512726 -2.777851165098011 32
    endloop
  endfacet
  facet normal 0 0 1
    outer loop
      vertex 4.693016193426159 -13.825179890628542 32
      vertex 4.484363707663441 -2.2114434510950067 32
      vertex 4.330127018922193 -2.5 32
    endloop
  endfacet
  facet normal 0 0 1
    outer loop
      vertex 4.693016193426159 -13.825179890628542 32
      vertex 4.619397662556434 -1.913417161825449 32
      vertex 4.484363707663441 -2.2114434510950067 32
    endloop
  endfacet
  facet normal 0 0 -1
    outer loop
      vertex 3.778758058496803 -14.102517063820397 24
      vertex 4.693016193426159 13.825179890628542 24
      vertex 4.693016193426159 -13.825179890628542 24
    endloop
  endfacet
  facet normal 0 0 1
    outer loop
      vertex 5.587178112530311 -13.488641174664785 32
      vertex 4.7346506474755286 -1.607197326515808 32
      vertex 4.619397662556434 -1.913417161825449 32
    endloop
  endfacet
  facet normal 0 0 1
    outer loop
      vertex 5.587178112530311 -13.488641174664785 32
      vertex 4.8296291314453415 -1.2940952255126037 32
      vertex 4.7346506474755286 -1.607197326515808 32
    endloop
  endfacet
  facet normal 0 0 1
    outer loop
      vertex 5.587178112530311 -13.488641174664785 32
      vertex 4.903926402016152 -0.9754516100806412 32
      vertex 4.8296291314453415 -1.2940952255126037 32
    endloop
  endfacet
  facet normal 0 0 1
    outer loop
      vertex 5.587178112530311 -13.488641174664785 32
      vertex 4.957224306869052 -0.6526309611002579 32
      vertex 4.903926402016152 -0.9754516100806412 32
    endloop
  endfacet
  facet normal 0 0 1
    outer loop
      vertex 5.587178112530311 -13.488641174664785 32
      vertex 4.989294616193018 -0.3270156461507153 32
      vertex 4.957224306869052 -0.6526309611002579 32
    endloop
  endfacet
  facet normal 0 0 -1
    outer loop
      vertex 4.693016193426159 -13.825179890628542 24
      vertex 5.587178112530311 13.488641174664785 24
      vertex 5.587178112530311 -13.488641174664785 24
    endloop
  endfacet
  facet normal 0 0 -1
    outer loop
      vertex 5.587178112530311 -13.488641174664785 24
      vertex 6.457414877197419 13.094342026377248 24
      vertex 6.457414877197419 -13.094342026377248 24
    endloop
  endfacet
  facet normal 0 0 -1
    outer loop
      vertex 6.457414877197419 -13.094342026377248 24
      vertex 7.3 12.643970895252803 24
      vertex 7.3 -12.643970895252803 24
    endloop
  endfacet
  facet normal 0 0 -1
    outer loop
      vertex 7.3 -12.643970895252803 24
      vertex 8.111325402086191 12.13945633961716 24
      vertex 8.111325402086191 -12.13945633961716 24
    endloop
  endfacet
  facet normal 0 0 -1
    outer loop
      vertex 8.111325402086191 -12.13945633961716 24
      vertex 8.887916863527321 11.582958768252032 24
      vertex 8.887916863527321 -11.582958768252032 24
    endloop
  endfacet
  facet normal 0 0 -1
    outer loop
      vertex 8.887916863527321 -11.582958768252032 24
      vertex 9.626448900461005 10.97686118919307 24
      vertex 9.626448900461005 -10.97686118919307 24
    endloop
  endfacet
  facet normal 0 0 1
    outer loop
      vertex 5.587178112530311 -13.488641174664785 32
      vertex 5 0 32
      vertex 4.989294616193018 -0.3270156461507153 32
    endloop
  endfacet
  facet normal 0 0 1
    outer loop
      vertex 5.587178112530311 -13.488641174664785 32
      vertex 4.989294616193018 0.3270156461507153 32
      vertex 5 0 32
    endloop
  endfacet
  facet normal 0 0 1
    outer loop
      vertex 5.587178112530311 -13.488641174664785 32
      vertex 6.457414877197419 -13.094342026377248 32
      vertex 5.587178112530311 13.488641174664785 32
    endloop
  endfacet
  facet normal 0 0 1
    outer loop
      vertex 6.457414877197419 -13.094342026377248 32
      vertex 7.3 -12.643970895252803 32
      vertex 6.457414877197419 13.094342026377248 32
    endloop
  endfacet
  facet normal 0 0 1
    outer loop
      vertex 7.3 -12.643970895252803 32
      vertex 8.111325402086191 -12.13945633961716 32
      vertex 7.3 12.643970895252803 32
    endloop
  endfacet
  facet normal 0 0 1
    outer loop
      vertex 8.111325402086191 -12.13945633961716 32
      vertex 8.887916863527321 -11.582958768252032 32
      vertex 8.111325402086191 12.13945633961716 32
    endloop
  endfacet
  facet normal 0 0 1
    outer loop
      vertex 8.887916863527321 -11.582958768252032 32
      vertex 9.626448900461005 -10.97686118919307 32
      vertex 8.887916863527321 11.582958768252032 32
    endloop
  endfacet
  facet normal 0.6835923020228699 -0.7298640726978369 0
    outer loop
      vertex 9.626448900461005 -10.97686118919307 24
      vertex 10.323759005323595 -10.323759005323595 32
      vertex 9.626448900461005 -10.97686118919307 32
    endloop
  endfacet
  facet normal 0.6835923020228699 -0.7298640726978369 0
    outer loop
      vertex 9.626448900461005 -10.97686118919307 24
      vertex 10.323759005323595 -10.323759005323595 24
      vertex 10.323759005323595 -10.323759005323595 32
    endloop
  endfacet
  facet normal 0.7298640726978369 -0.6835923020228699 0
    outer loop
      vertex 10.323759005323595 -10.323759005323595 24
      vertex 10.97686118919307 -9.626448900461005 24
      vertex 10.323759005323595 -10.323759005323595 32
    endloop
  endfacet
  facet normal 0.7298640726978369 -0.6835923020228699 0
    outer loop
      vertex 10.323759005323595 -10.323759005323595 32
      vertex 10.97686118919307 -9.626448900461005 24
      vertex 10.97686118919307 -9.626448900461005 32
    endloop
  endfacet
  facet normal 0.7730104533627372 -0.6343932841636452 0
    outer loop
      vertex 10.97686118919307 -9.626448900461005 24
      vertex 11.582958768252032 -8.887916863527321 24
      vertex 10.97686118919307 -9.626448900461005 32
    endloop
  endfacet
  facet normal 0.8128466845916154 -0.5824776968678019 0
    outer loop
      vertex 11.582958768252032 -8.887916863527321 24
      vertex 12.13945633961716 -8.111325402086191 24
      vertex 11.582958768252032 -8.887916863527321 32
    endloop
  endfacet
  facet normal 0.7730104533627372 -0.6343932841636452 0
    outer loop
      vertex 11.582958768252032 -8.887916863527321 24
      vertex 11.582958768252032 -8.887916863527321 32
      vertex 10.97686118919307 -9.626448900461005 32
    endloop
  endfacet
  facet normal 0.8128466845916154 -0.5824776968678019 0
    outer loop
      vertex 12.13945633961716 -8.111325402086191 24
      vertex 12.13945633961716 -8.111325402086191 32
      vertex 11.582958768252032 -8.887916863527321 32
    endloop
  endfacet
  facet normal 0.849202181526579 -0.5280678506503679 0
    outer loop
      vertex 12.13945633961716 -8.111325402086191 24
      vertex 12.643970895252803 -7.3 24
      vertex 12.13945633961716 -8.111325402086191 32
    endloop
  endfacet
  facet normal 0.849202181526579 -0.5280678506503679 0
    outer loop
      vertex 12.13945633961716 -8.111325402086191 32
      vertex 12.643970895252803 -7.3 24
      vertex 12.643970895252803 -7.3 32
    endloop
  endfacet
  facet normal 0.8819212643483549 -0.4713967368259978 0
    outer loop
      vertex 12.643970895252803 -7.3 24
      vertex 13.094342026377248 -6.457414877197419 24
      vertex 12.643970895252803 -7.3 32
    endloop
  endfacet
  facet normal 0.8819212643483549 -0.4713967368259978 0
    outer loop
      vertex 13.094342026377248 -6.457414877197419 24
      vertex 13.094342026377248 -6.457414877197419 32
      vertex 12.643970895252803 -7.3 32
    endloop
  endfacet
  facet normal 0.9108638249211758 -0.4127070298043946 0
    outer loop
      vertex 13.094342026377248 -6.457414877197419 24
      vertex 13.488641174664785 -5.587178112530311 24
      vertex 13.094342026377248 -6.457414877197419 32
    endloop
  endfacet
  facet normal 0.9359059267573255 -0.3522500479212338 0
    outer loop
      vertex 13.488641174664785 -5.587178112530311 24
      vertex 13.825179890628542 -4.693016193426159 24
      vertex 13.488641174664785 -5.587178112530311 32
    endloop
  endfacet
  facet normal 0.9108638249211758 -0.4127070298043946 0
    outer loop
      vertex 13.488641174664785 -5.587178112530311 24
      vertex 13.488641174664785 -5.587178112530311 32
      vertex 13.094342026377248 -6.457414877197419 32
    endloop
  endfacet
  facet normal 0.9359059267573255 -0.3522500479212338 0
    outer loop
      vertex 13.825179890628542 -4.693016193426159 24
      vertex 13.825179890628542 -4.693016193426159 32
      vertex 13.488641174664785 -5.587178112530311 32
    endloop
  endfacet
  facet normal 0 0 -1
    outer loop
      vertex 9.626448900461005 -10.97686118919307 24
      vertex 10.323759005323595 10.323759005323595 24
      vertex 10.323759005323595 -10.323759005323595 24
    endloop
  endfacet
  facet normal 0 0 -1
    outer loop
      vertex 10.323759005323595 -10.323759005323595 24
      vertex 10.97686118919307 9.626448900461005 24
      vertex 10.97686118919307 -9.626448900461005 24
    endloop
  endfacet
  facet normal 0 0 -1
    outer loop
      vertex 10.97686118919307 -9.626448900461005 24
      vertex 11.582958768252032 8.887916863527321 24
      vertex 11.582958768252032 -8.887916863527321 24
    endloop
  endfacet
  facet normal 0 0 -1
    outer loop
      vertex 11.582958768252032 -8.887916863527321 24
      vertex 12.13945633961716 8.111325402086191 24
      vertex 12.13945633961716 -8.111325402086191 24
    endloop
  endfacet
  facet normal 0 0 -1
    outer loop
      vertex 12.13945633961716 -8.111325402086191 24
      vertex 12.643970895252803 7.3 24
      vertex 12.643970895252803 -7.3 24
    endloop
  endfacet
  facet normal 0 0 -1
    outer loop
      vertex 12.643970895252803 -7.3 24
      vertex 13.094342026377248 6.457414877197419 24
      vertex 13.094342026377248 -6.457414877197419 24
    endloop
  endfacet
  facet normal 0.9569403357322087 -0.2902846772544629 0
    outer loop
      vertex 13.825179890628542 -4.693016193426159 24
      vertex 14.102517063820397 -3.778758058496803 24
      vertex 13.825179890628542 -4.693016193426159 32
    endloop
  endfacet
  facet normal 0.9569403357322087 -0.2902846772544629 0
    outer loop
      vertex 14.102517063820397 -3.778758058496803 24
      vertex 14.102517063820397 -3.778758058496803 32
      vertex 13.825179890628542 -4.693016193426159 32
    endloop
  endfacet
  facet normal 0.9738769792773337 -0.22707626303437284 0
    outer loop
      vertex 14.102517063820397 -3.778758058496803 24
      vertex 14.319465093887164 -2.8483187014354723 24
      vertex 14.102517063820397 -3.778758058496803 32
    endloop
  endfacet
  facet normal 0.9738769792773337 -0.22707626303437284 0
    outer loop
      vertex 14.102517063820397 -3.778758058496803 32
      vertex 14.319465093887164 -2.8483187014354723 24
      vertex 14.319465093887164 -2.8483187014354723 32
    endloop
  endfacet
  facet normal 0 0 -1
    outer loop
      vertex 13.094342026377248 -6.457414877197419 24
      vertex 13.488641174664785 5.587178112530311 24
      vertex 13.488641174664785 -5.587178112530311 24
    endloop
  endfacet
  facet normal 0 0 -1
    outer loop
      vertex 13.488641174664785 -5.587178112530311 24
      vertex 13.825179890628542 4.693016193426159 24
      vertex 13.825179890628542 -4.693016193426159 24
    endloop
  endfacet
  facet normal 0 0 -1
    outer loop
      vertex 13.825179890628542 -4.693016193426159 24
      vertex 14.102517063820397 3.778758058496803 24
      vertex 14.102517063820397 -3.778758058496803 24
    endloop
  endfacet
  facet normal 0 0 -1
    outer loop
      vertex 14.102517063820397 -3.778758058496803 24
      vertex 14.319465093887164 2.8483187014354723 24
      vertex 14.319465093887164 -2.8483187014354723 24
    endloop
  endfacet
  facet normal 0 0 1
    outer loop
      vertex 9.626448900461005 -10.97686118919307 32
      vertex 10.323759005323595 -10.323759005323595 32
      vertex 9.626448900461005 10.97686118919307 32
    endloop
  endfacet
  facet normal 0 0 1
    outer loop
      vertex 10.323759005323595 -10.323759005323595 32
      vertex 10.97686118919307 -9.626448900461005 32
      vertex 10.323759005323595 10.323759005323595 32
    endloop
  endfacet
  facet normal 0 0 1
    outer loop
      vertex 10.97686118919307 -9.626448900461005 32
      vertex 11.582958768252032 -8.887916863527321 32
      vertex 10.97686118919307 9.626448900461005 32
    endloop
  endfacet
  facet normal 0 0 1
    outer loop
      vertex 11.582958768252032 -8.887916863527321 32
      vertex 12.13945633961716 -8.111325402086191 32
      vertex 11.582958768252032 8.887916863527321 32
    endloop
  endfacet
  facet normal 0 0 1
    outer loop
      vertex 12.13945633961716 -8.111325402086191 32
      vertex 12.643970895252803 -7.3 32
      vertex 12.13945633961716 8.111325402086191 32
    endloop
  endfacet
  facet normal 0 0 1
    outer loop
      vertex 12.643970895252803 -7.3 32
      vertex 13.094342026377248 -6.457414877197419 32
      vertex 12.643970895252803 7.3 32
    endloop
  endfacet
  facet normal 0 0 1
    outer loop
      vertex 13.094342026377248 -6.457414877197419 32
      vertex 13.488641174664785 -5.587178112530311 32
      vertex 13.094342026377248 6.457414877197419 32
    endloop
  endfacet
  facet normal 0 0 1
    outer loop
      vertex 13.488641174664785 -5.587178112530311 32
      vertex 13.825179890628542 -4.693016193426159 32
      vertex 13.488641174664785 5.587178112530311 32
    endloop
  endfacet
  facet normal 0 0 1
    outer loop
      vertex 13.825179890628542 -4.693016193426159 32
      vertex 14.102517063820397 -3.778758058496803 32
      vertex 13.825179890628542 4.693016193426159 32
    endloop
  endfacet
  facet normal 0 0 1
    outer loop
      vertex 14.102517063820397 -3.778758058496803 32
      vertex 14.319465093887164 -2.8483187014354723 32
      vertex 14.102517063820397 3.778758058496803 32
    endloop
  endfacet
  facet normal 0.986643332084879 -0.16289547339458887 0
    outer loop
      vertex 14.319465093887164 -2.8483187014354723 24
      vertex 14.475094976057632 -1.9056824064127529 24
      vertex 14.319465093887164 -2.8483187014354723 32
    endloop
  endfacet
  facet normal 0 0 -1
    outer loop
      vertex 14.319465093887164 -2.8483187014354723 24
      vertex 14.475094976057632 1.9056824064127529 24
      vertex 14.475094976057632 -1.9056824064127529 24
    endloop
  endfacet
  facet normal 0 0 -1
    outer loop
      vertex 14.475094976057632 -1.9056824064127529 24
      vertex 14.56874027928361 0.9548856867600887 24
      vertex 14.56874027928361 -0.9548856867600887 24
    endloop
  endfacet
  facet normal 0.995184726672197 -0.09801714032955947 0
    outer loop
      vertex 14.475094976057632 -1.9056824064127529 24
      vertex 14.56874027928361 -0.9548856867600887 24
      vertex 14.475094976057632 -1.9056824064127529 32
    endloop
  endfacet
  facet normal 0.986643332084879 -0.16289547339458887 0
    outer loop
      vertex 14.475094976057632 -1.9056824064127529 24
      vertex 14.475094976057632 -1.9056824064127529 32
      vertex 14.319465093887164 -2.8483187014354723 32
    endloop
  endfacet
  facet normal 0.995184726672197 -0.09801714032955947 0
    outer loop
      vertex 14.56874027928361 -0.9548856867600887 24
      vertex 14.56874027928361 -0.9548856867600887 32
      vertex 14.475094976057632 -1.9056824064127529 32
    endloop
  endfacet
  facet normal 0.9994645874763656 -0.03271908282177745 0
    outer loop
      vertex 14.56874027928361 -0.9548856867600887 24
      vertex 14.6 0 24
      vertex 14.56874027928361 -0.9548856867600887 32
    endloop
  endfacet
  facet normal 0.9994645874763656 -0.03271908282177745 0
    outer loop
      vertex 14.56874027928361 -0.9548856867600887 32
      vertex 14.6 0 24
      vertex 14.6 0 32
    endloop
  endfacet
  facet normal 0 0 1
    outer loop
      vertex 14.319465093887164 -2.8483187014354723 32
      vertex 14.475094976057632 -1.9056824064127529 32
      vertex 14.319465093887164 2.8483187014354723 32
    endloop
  endfacet
  facet normal 0 0 1
    outer loop
      vertex 14.475094976057632 -1.9056824064127529 32
      vertex 14.56874027928361 -0.9548856867600887 32
      vertex 14.475094976057632 1.9056824064127529 32
    endloop
  endfacet
  facet normal 0 0 -1
    outer loop
      vertex 2.8483187014354723 -14.319465093887164 24
      vertex 2.8483187014354723 14.319465093887164 24
      vertex 3.778758058496803 14.102517063820397 24
    endloop
  endfacet
  facet normal 0 0 -1
    outer loop
      vertex 3.778758058496803 -14.102517063820397 24
      vertex 3.778758058496803 14.102517063820397 24
      vertex 4.693016193426159 13.825179890628542 24
    endloop
  endfacet
  facet normal 0 0 -1
    outer loop
      vertex 0 -14.6 24
      vertex 0 14.6 24
      vertex 0.9548856867600887 14.56874027928361 24
    endloop
  endfacet
  facet normal 0 0 -1
    outer loop
      vertex 0.9548856867600887 -14.56874027928361 24
      vertex 0.9548856867600887 14.56874027928361 24
      vertex 1.9056824064127529 14.475094976057632 24
    endloop
  endfacet
  facet normal 0 0 -1
    outer loop
      vertex 1.9056824064127529 -14.475094976057632 24
      vertex 1.9056824064127529 14.475094976057632 24
      vertex 2.8483187014354723 14.319465093887164 24
    endloop
  endfacet
  facet normal 0 0 1
    outer loop
      vertex 0 5 32
      vertex 0.3270156461507153 4.989294616193018 32
      vertex 0 14.6 32
    endloop
  endfacet
  facet normal 0 0 1
    outer loop
      vertex 0.3270156461507153 4.989294616193018 32
      vertex 0.6526309611002579 4.957224306869052 32
      vertex 0.9548856867600887 14.56874027928361 32
    endloop
  endfacet
  facet normal 0 0 1
    outer loop
      vertex 0.6526309611002579 4.957224306869052 32
      vertex 0.9754516100806412 4.903926402016152 32
      vertex 0.9548856867600887 14.56874027928361 32
    endloop
  endfacet
  facet normal 0 0 1
    outer loop
      vertex 0.9754516100806412 4.903926402016152 32
      vertex 1.2940952255126037 4.8296291314453415 32
      vertex 0.9548856867600887 14.56874027928361 32
    endloop
  endfacet
  facet normal 0 0 1
    outer loop
      vertex 1.2940952255126037 4.8296291314453415 32
      vertex 1.607197326515808 4.7346506474755286 32
      vertex 1.9056824064127529 14.475094976057632 32
    endloop
  endfacet
  facet normal 0 0 1
    outer loop
      vertex 1.607197326515808 4.7346506474755286 32
      vertex 1.913417161825449 4.619397662556434 32
      vertex 1.9056824064127529 14.475094976057632 32
    endloop
  endfacet
  facet normal 0 0 1
    outer loop
      vertex 2.2114434510950067 4.484363707663441 32
      vertex 1.9056824064127529 14.475094976057632 32
      vertex 1.913417161825449 4.619397662556434 32
    endloop
  endfacet
  facet normal 0 0 1
    outer loop
      vertex 2.2114434510950067 4.484363707663441 32
      vertex 2.5 4.330127018922193 32
      vertex 1.9056824064127529 14.475094976057632 32
    endloop
  endfacet
  facet normal 0 0 1
    outer loop
      vertex 4.7346506474755286 1.607197326515808 32
      vertex 4.693016193426159 13.825179890628542 32
      vertex 4.619397662556434 1.913417161825449 32
    endloop
  endfacet
  facet normal 0 0 1
    outer loop
      vertex 3.9667667014561756 3.043807145043603 32
      vertex 3.778758058496803 14.102517063820397 32
      vertex 3.759199037394887 3.296729075500344 32
    endloop
  endfacet
  facet normal 0 0 1
    outer loop
      vertex 3.5355339059327378 3.5355339059327378 32
      vertex 3.759199037394887 3.296729075500344 32
      vertex 3.778758058496803 14.102517063820397 32
    endloop
  endfacet
  facet normal 0 0 1
    outer loop
      vertex 3.9667667014561756 3.043807145043603 32
      vertex 4.157348061512726 2.777851165098011 32
      vertex 3.778758058496803 14.102517063820397 32
    endloop
  endfacet
  facet normal 0 0 1
    outer loop
      vertex 4.330127018922193 2.5 32
      vertex 4.693016193426159 13.825179890628542 32
      vertex 4.157348061512726 2.777851165098011 32
    endloop
  endfacet
  facet normal 0 0 1
    outer loop
      vertex 4.484363707663441 2.2114434510950067 32
      vertex 4.619397662556434 1.913417161825449 32
      vertex 4.693016193426159 13.825179890628542 32
    endloop
  endfacet
  facet normal 0 0 1
    outer loop
      vertex 4.484363707663441 2.2114434510950067 32
      vertex 4.693016193426159 13.825179890628542 32
      vertex 4.330127018922193 2.5 32
    endloop
  endfacet
  facet normal 0 0 1
    outer loop
      vertex 2.5 4.330127018922193 32
      vertex 2.777851165098011 4.157348061512726 32
      vertex 2.8483187014354723 14.319465093887164 32
    endloop
  endfacet
  facet normal 0 0 1
    outer loop
      vertex 3.043807145043603 3.9667667014561756 32
      vertex 2.8483187014354723 14.319465093887164 32
      vertex 2.777851165098011 4.157348061512726 32
    endloop
  endfacet
  facet normal 0 0 1
    outer loop
      vertex 3.043807145043603 3.9667667014561756 32
      vertex 3.296729075500344 3.759199037394887 32
      vertex 2.8483187014354723 14.319465093887164 32
    endloop
  endfacet
  facet normal 0 0 1
    outer loop
      vertex 3.5355339059327378 3.5355339059327378 32
      vertex 3.778758058496803 14.102517063820397 32
      vertex 3.296729075500344 3.759199037394887 32
    endloop
  endfacet
  facet normal 0 0 -1
    outer loop
      vertex 4.693016193426159 -13.825179890628542 24
      vertex 4.693016193426159 13.825179890628542 24
      vertex 5.587178112530311 13.488641174664785 24
    endloop
  endfacet
  facet normal 0 0 -1
    outer loop
      vertex 5.587178112530311 -13.488641174664785 24
      vertex 5.587178112530311 13.488641174664785 24
      vertex 6.457414877197419 13.094342026377248 24
    endloop
  endfacet
  facet normal 0 0 -1
    outer loop
      vertex 6.457414877197419 -13.094342026377248 24
      vertex 6.457414877197419 13.094342026377248 24
      vertex 7.3 12.643970895252803 24
    endloop
  endfacet
  facet normal 0 0 -1
    outer loop
      vertex 7.3 -12.643970895252803 24
      vertex 7.3 12.643970895252803 24
      vertex 8.111325402086191 12.13945633961716 24
    endloop
  endfacet
  facet normal 0 0 -1
    outer loop
      vertex 8.111325402086191 -12.13945633961716 24
      vertex 8.111325402086191 12.13945633961716 24
      vertex 8.887916863527321 11.582958768252032 24
    endloop
  endfacet
  facet normal 0 0 -1
    outer loop
      vertex 8.887916863527321 -11.582958768252032 24
      vertex 8.887916863527321 11.582958768252032 24
      vertex 9.626448900461005 10.97686118919307 24
    endloop
  endfacet
  facet normal 0 0 1
    outer loop
      vertex 5.587178112530311 -13.488641174664785 32
      vertex 4.693016193426159 13.825179890628542 32
      vertex 4.989294616193018 0.3270156461507153 32
    endloop
  endfacet
  facet normal 0 0 1
    outer loop
      vertex 5.587178112530311 -13.488641174664785 32
      vertex 5.587178112530311 13.488641174664785 32
      vertex 4.693016193426159 13.825179890628542 32
    endloop
  endfacet
  facet normal 0 0 1
    outer loop
      vertex 6.457414877197419 -13.094342026377248 32
      vertex 6.457414877197419 13.094342026377248 32
      vertex 5.587178112530311 13.488641174664785 32
    endloop
  endfacet
  facet normal 0 0 1
    outer loop
      vertex 7.3 -12.643970895252803 32
      vertex 7.3 12.643970895252803 32
      vertex 6.457414877197419 13.094342026377248 32
    endloop
  endfacet
  facet normal 0 0 1
    outer loop
      vertex 8.111325402086191 -12.13945633961716 32
      vertex 8.111325402086191 12.13945633961716 32
      vertex 7.3 12.643970895252803 32
    endloop
  endfacet
  facet normal 0 0 1
    outer loop
      vertex 8.887916863527321 -11.582958768252032 32
      vertex 8.887916863527321 11.582958768252032 32
      vertex 8.111325402086191 12.13945633961716 32
    endloop
  endfacet
  facet normal 0 0 1
    outer loop
      vertex 9.626448900461005 -10.97686118919307 32
      vertex 9.626448900461005 10.97686118919307 32
      vertex 8.887916863527321 11.582958768252032 32
    endloop
  endfacet
  facet normal 0 0 1
    outer loop
      vertex 4.989294616193018 0.3270156461507153 32
      vertex 4.693016193426159 13.825179890628542 32
      vertex 4.957224306869052 0.6526309611002579 32
    endloop
  endfacet
  facet normal 0 0 1
    outer loop
      vertex 4.957224306869052 0.6526309611002579 32
      vertex 4.693016193426159 13.825179890628542 32
      vertex 4.903926402016152 0.9754516100806412 32
    endloop
  endfacet
  facet normal 0 0 1
    outer loop
      vertex 4.903926402016152 0.9754516100806412 32
      vertex 4.693016193426159 13.825179890628542 32
      vertex 4.8296291314453415 1.2940952255126037 32
    endloop
  endfacet
  facet normal 0 0 1
    outer loop
      vertex 4.8296291314453415 1.2940952255126037 32
      vertex 4.693016193426159 13.825179890628542 32
      vertex 4.7346506474755286 1.607197326515808 32
    endloop
  endfacet
  facet normal 0.22707626303437284 0.9738769792773337 0
    outer loop
      vertex 2.8483187014354723 14.319465093887164 24
      vertex 2.8483187014354723 14.319465093887164 32
      vertex 3.778758058496803 14.102517063820397 24
    endloop
  endfacet
  facet normal 0.22707626303437284 0.9738769792773337 0
    outer loop
      vertex 2.8483187014354723 14.319465093887164 32
      vertex 3.778758058496803 14.102517063820397 32
      vertex 3.778758058496803 14.102517063820397 24
    endloop
  endfacet
  facet normal 0.2902846772544629 0.9569403357322087 0
    outer loop
      vertex 3.778758058496803 14.102517063820397 24
      vertex 3.778758058496803 14.102517063820397 32
      vertex 4.693016193426159 13.825179890628542 24
    endloop
  endfacet
  facet normal 0.2902846772544629 0.9569403357322087 0
    outer loop
      vertex 4.693016193426159 13.825179890628542 24
      vertex 3.778758058496803 14.102517063820397 32
      vertex 4.693016193426159 13.825179890628542 32
    endloop
  endfacet
  facet normal 0 0 1
    outer loop
      vertex 0.3270156461507153 4.989294616193018 32
      vertex 0.9548856867600887 14.56874027928361 32
      vertex 0 14.6 32
    endloop
  endfacet
  facet normal 0 0 1
    outer loop
      vertex 1.2940952255126037 4.8296291314453415 32
      vertex 1.9056824064127529 14.475094976057632 32
      vertex 0.9548856867600887 14.56874027928361 32
    endloop
  endfacet
  facet normal 0 0 1
    outer loop
      vertex 2.5 4.330127018922193 32
      vertex 2.8483187014354723 14.319465093887164 32
      vertex 1.9056824064127529 14.475094976057632 32
    endloop
  endfacet
  facet normal 0 0 1
    outer loop
      vertex 3.296729075500344 3.759199037394887 32
      vertex 3.778758058496803 14.102517063820397 32
      vertex 2.8483187014354723 14.319465093887164 32
    endloop
  endfacet
  facet normal 0 0 1
    outer loop
      vertex 4.157348061512726 2.777851165098011 32
      vertex 4.693016193426159 13.825179890628542 32
      vertex 3.778758058496803 14.102517063820397 32
    endloop
  endfacet
  facet normal 0.03271908282177745 0.9994645874763656 0
    outer loop
      vertex 0 14.6 24
      vertex 0 14.6 32
      vertex 0.9548856867600887 14.56874027928361 24
    endloop
  endfacet
  facet normal 0.03271908282177745 0.9994645874763656 0
    outer loop
      vertex 0.9548856867600887 14.56874027928361 24
      vertex 0 14.6 32
      vertex 0.9548856867600887 14.56874027928361 32
    endloop
  endfacet
  facet normal 0.09801714032955947 0.995184726672197 0
    outer loop
      vertex 0.9548856867600887 14.56874027928361 24
      vertex 0.9548856867600887 14.56874027928361 32
      vertex 1.9056824064127529 14.475094976057632 24
    endloop
  endfacet
  facet normal 0.16289547339458887 0.986643332084879 0
    outer loop
      vertex 1.9056824064127529 14.475094976057632 24
      vertex 1.9056824064127529 14.475094976057632 32
      vertex 2.8483187014354723 14.319465093887164 24
    endloop
  endfacet
  facet normal 0.09801714032955947 0.995184726672197 0
    outer loop
      vertex 1.9056824064127529 14.475094976057632 24
      vertex 0.9548856867600887 14.56874027928361 32
      vertex 1.9056824064127529 14.475094976057632 32
    endloop
  endfacet
  facet normal 0.16289547339458887 0.986643332084879 0
    outer loop
      vertex 2.8483187014354723 14.319465093887164 24
      vertex 1.9056824064127529 14.475094976057632 32
      vertex 2.8483187014354723 14.319465093887164 32
    endloop
  endfacet
  facet normal 0.3522500479212338 0.9359059267573255 0
    outer loop
      vertex 4.693016193426159 13.825179890628542 24
      vertex 4.693016193426159 13.825179890628542 32
      vertex 5.587178112530311 13.488641174664785 24
    endloop
  endfacet
  facet normal 0.4127070298043946 0.9108638249211758 0
    outer loop
      vertex 5.587178112530311 13.488641174664785 24
      vertex 5.587178112530311 13.488641174664785 32
      vertex 6.457414877197419 13.094342026377248 24
    endloop
  endfacet
  facet normal 0.3522500479212338 0.9359059267573255 0
    outer loop
      vertex 5.587178112530311 13.488641174664785 24
      vertex 4.693016193426159 13.825179890628542 32
      vertex 5.587178112530311 13.488641174664785 32
    endloop
  endfacet
  facet normal 0.4713967368259978 0.8819212643483549 0
    outer loop
      vertex 6.457414877197419 13.094342026377248 24
      vertex 6.457414877197419 13.094342026377248 32
      vertex 7.3 12.643970895252803 24
    endloop
  endfacet
  facet normal 0.4713967368259978 0.8819212643483549 0
    outer loop
      vertex 6.457414877197419 13.094342026377248 32
      vertex 7.3 12.643970895252803 32
      vertex 7.3 12.643970895252803 24
    endloop
  endfacet
  facet normal 0.4127070298043946 0.9108638249211758 0
    outer loop
      vertex 6.457414877197419 13.094342026377248 24
      vertex 5.587178112530311 13.488641174664785 32
      vertex 6.457414877197419 13.094342026377248 32
    endloop
  endfacet
  facet normal 0.6343932841636452 0.7730104533627372 0
    outer loop
      vertex 8.887916863527321 11.582958768252032 24
      vertex 8.887916863527321 11.582958768252032 32
      vertex 9.626448900461005 10.97686118919307 24
    endloop
  endfacet
  facet normal 0.5824776968678019 0.8128466845916154 0
    outer loop
      vertex 8.887916863527321 11.582958768252032 24
      vertex 8.111325402086191 12.13945633961716 32
      vertex 8.887916863527321 11.582958768252032 32
    endloop
  endfacet
  facet normal 0.6343932841636452 0.7730104533627372 0
    outer loop
      vertex 9.626448900461005 10.97686118919307 24
      vertex 8.887916863527321 11.582958768252032 32
      vertex 9.626448900461005 10.97686118919307 32
    endloop
  endfacet
  facet normal 0.5280678506503679 0.849202181526579 0
    outer loop
      vertex 7.3 12.643970895252803 24
      vertex 7.3 12.643970895252803 32
      vertex 8.111325402086191 12.13945633961716 24
    endloop
  endfacet
  facet normal 0.5280678506503679 0.849202181526579 0
    outer loop
      vertex 8.111325402086191 12.13945633961716 24
      vertex 7.3 12.643970895252803 32
      vertex 8.111325402086191 12.13945633961716 32
    endloop
  endfacet
  facet normal 0.5824776968678019 0.8128466845916154 0
    outer loop
      vertex 8.111325402086191 12.13945633961716 24
      vertex 8.111325402086191 12.13945633961716 32
      vertex 8.887916863527321 11.582958768252032 24
    endloop
  endfacet
  facet normal 0 0 -1
    outer loop
      vertex 9.626448900461005 -10.97686118919307 24
      vertex 9.626448900461005 10.97686118919307 24
      vertex 10.323759005323595 10.323759005323595 24
    endloop
  endfacet
  facet normal 0 0 -1
    outer loop
      vertex 10.323759005323595 -10.323759005323595 24
      vertex 10.323759005323595 10.323759005323595 24
      vertex 10.97686118919307 9.626448900461005 24
    endloop
  endfacet
  facet normal 0 0 -1
    outer loop
      vertex 10.97686118919307 -9.626448900461005 24
      vertex 10.97686118919307 9.626448900461005 24
      vertex 11.582958768252032 8.887916863527321 24
    endloop
  endfacet
  facet normal 0 0 -1
    outer loop
      vertex 11.582958768252032 -8.887916863527321 24
      vertex 11.582958768252032 8.887916863527321 24
      vertex 12.13945633961716 8.111325402086191 24
    endloop
  endfacet
  facet normal 0 0 -1
    outer loop
      vertex 12.643970895252803 -7.3 24
      vertex 12.643970895252803 7.3 24
      vertex 13.094342026377248 6.457414877197419 24
    endloop
  endfacet
  facet normal 0 0 -1
    outer loop
      vertex 14.102517063820397 -3.778758058496803 24
      vertex 14.102517063820397 3.778758058496803 24
      vertex 14.319465093887164 2.8483187014354723 24
    endloop
  endfacet
  facet normal 0 0 -1
    outer loop
      vertex 13.488641174664785 -5.587178112530311 24
      vertex 13.488641174664785 5.587178112530311 24
      vertex 13.825179890628542 4.693016193426159 24
    endloop
  endfacet
  facet normal 0 0 -1
    outer loop
      vertex 13.094342026377248 -6.457414877197419 24
      vertex 13.094342026377248 6.457414877197419 24
      vertex 13.488641174664785 5.587178112530311 24
    endloop
  endfacet
  facet normal 0 0 -1
    outer loop
      vertex 13.825179890628542 -4.693016193426159 24
      vertex 13.825179890628542 4.693016193426159 24
      vertex 14.102517063820397 3.778758058496803 24
    endloop
  endfacet
  facet normal 0 0 -1
    outer loop
      vertex 12.13945633961716 -8.111325402086191 24
      vertex 12.13945633961716 8.111325402086191 24
      vertex 12.643970895252803 7.3 24
    endloop
  endfacet
  facet normal 0.9738769792773337 0.22707626303437284 0
    outer loop
      vertex 14.319465093887164 2.8483187014354723 24
      vertex 14.102517063820397 3.778758058496803 24
      vertex 14.319465093887164 2.8483187014354723 32
    endloop
  endfacet
  facet normal 0.9738769792773337 0.22707626303437284 0
    outer loop
      vertex 14.319465093887164 2.8483187014354723 32
      vertex 14.102517063820397 3.778758058496803 24
      vertex 14.102517063820397 3.778758058496803 32
    endloop
  endfacet
  facet normal 0.9569403357322087 0.2902846772544629 0
    outer loop
      vertex 14.102517063820397 3.778758058496803 24
      vertex 13.825179890628542 4.693016193426159 24
      vertex 14.102517063820397 3.778758058496803 32
    endloop
  endfacet
  facet normal 0.9569403357322087 0.2902846772544629 0
    outer loop
      vertex 13.825179890628542 4.693016193426159 24
      vertex 13.825179890628542 4.693016193426159 32
      vertex 14.102517063820397 3.778758058496803 32
    endloop
  endfacet
  facet normal 0 0 1
    outer loop
      vertex 10.323759005323595 -10.323759005323595 32
      vertex 10.323759005323595 10.323759005323595 32
      vertex 9.626448900461005 10.97686118919307 32
    endloop
  endfacet
  facet normal 0 0 1
    outer loop
      vertex 10.97686118919307 -9.626448900461005 32
      vertex 10.97686118919307 9.626448900461005 32
      vertex 10.323759005323595 10.323759005323595 32
    endloop
  endfacet
  facet normal 0 0 1
    outer loop
      vertex 11.582958768252032 -8.887916863527321 32
      vertex 11.582958768252032 8.887916863527321 32
      vertex 10.97686118919307 9.626448900461005 32
    endloop
  endfacet
  facet normal 0 0 1
    outer loop
      vertex 13.488641174664785 -5.587178112530311 32
      vertex 13.488641174664785 5.587178112530311 32
      vertex 13.094342026377248 6.457414877197419 32
    endloop
  endfacet
  facet normal 0 0 1
    outer loop
      vertex 14.319465093887164 -2.8483187014354723 32
      vertex 14.319465093887164 2.8483187014354723 32
      vertex 14.102517063820397 3.778758058496803 32
    endloop
  endfacet
  facet normal 0 0 1
    outer loop
      vertex 14.102517063820397 -3.778758058496803 32
      vertex 14.102517063820397 3.778758058496803 32
      vertex 13.825179890628542 4.693016193426159 32
    endloop
  endfacet
  facet normal 0 0 1
    outer loop
      vertex 13.825179890628542 -4.693016193426159 32
      vertex 13.825179890628542 4.693016193426159 32
      vertex 13.488641174664785 5.587178112530311 32
    endloop
  endfacet
  facet normal 0 0 1
    outer loop
      vertex 12.13945633961716 -8.111325402086191 32
      vertex 12.13945633961716 8.111325402086191 32
      vertex 11.582958768252032 8.887916863527321 32
    endloop
  endfacet
  facet normal 0 0 1
    outer loop
      vertex 12.643970895252803 -7.3 32
      vertex 12.643970895252803 7.3 32
      vertex 12.13945633961716 8.111325402086191 32
    endloop
  endfacet
  facet normal 0 0 1
    outer loop
      vertex 13.094342026377248 -6.457414877197419 32
      vertex 13.094342026377248 6.457414877197419 32
      vertex 12.643970895252803 7.3 32
    endloop
  endfacet
  facet normal 0.7730104533627372 0.6343932841636452 0
    outer loop
      vertex 11.582958768252032 8.887916863527321 24
      vertex 10.97686118919307 9.626448900461005 24
      vertex 11.582958768252032 8.887916863527321 32
    endloop
  endfacet
  facet normal 0.7730104533627372 0.6343932841636452 0
    outer loop
      vertex 10.97686118919307 9.626448900461005 24
      vertex 10.97686118919307 9.626448900461005 32
      vertex 11.582958768252032 8.887916863527321 32
    endloop
  endfacet
  facet normal 0.8128466845916154 0.5824776968678019 0
    outer loop
      vertex 11.582958768252032 8.887916863527321 24
      vertex 11.582958768252032 8.887916863527321 32
      vertex 12.13945633961716 8.111325402086191 32
    endloop
  endfacet
  facet normal 0.8819212643483549 0.4713967368259978 0
    outer loop
      vertex 13.094342026377248 6.457414877197419 24
      vertex 12.643970895252803 7.3 24
      vertex 13.094342026377248 6.457414877197419 32
    endloop
  endfacet
  facet normal 0.8819212643483549 0.4713967368259978 0
    outer loop
      vertex 13.094342026377248 6.457414877197419 32
      vertex 12.643970895252803 7.3 24
      vertex 12.643970895252803 7.3 32
    endloop
  endfacet
  facet normal 0.9108638249211758 0.4127070298043946 0
    outer loop
      vertex 13.488641174664785 5.587178112530311 24
      vertex 13.094342026377248 6.457414877197419 24
      vertex 13.488641174664785 5.587178112530311 32
    endloop
  endfacet
  facet normal 0.9359059267573255 0.3522500479212338 0
    outer loop
      vertex 13.825179890628542 4.693016193426159 24
      vertex 13.488641174664785 5.587178112530311 24
      vertex 13.825179890628542 4.693016193426159 32
    endloop
  endfacet
  facet normal 0.9359059267573255 0.3522500479212338 0
    outer loop
      vertex 13.488641174664785 5.587178112530311 24
      vertex 13.488641174664785 5.587178112530311 32
      vertex 13.825179890628542 4.693016193426159 32
    endloop
  endfacet
  facet normal 0.9108638249211758 0.4127070298043946 0
    outer loop
      vertex 13.094342026377248 6.457414877197419 24
      vertex 13.094342026377248 6.457414877197419 32
      vertex 13.488641174664785 5.587178112530311 32
    endloop
  endfacet
  facet normal 0.849202181526579 0.5280678506503679 0
    outer loop
      vertex 12.13945633961716 8.111325402086191 24
      vertex 12.643970895252803 7.3 32
      vertex 12.643970895252803 7.3 24
    endloop
  endfacet
  facet normal 0.849202181526579 0.5280678506503679 0
    outer loop
      vertex 12.13945633961716 8.111325402086191 24
      vertex 12.13945633961716 8.111325402086191 32
      vertex 12.643970895252803 7.3 32
    endloop
  endfacet
  facet normal 0.8128466845916154 0.5824776968678019 0
    outer loop
      vertex 11.582958768252032 8.887916863527321 24
      vertex 12.13945633961716 8.111325402086191 32
      vertex 12.13945633961716 8.111325402086191 24
    endloop
  endfacet
  facet normal 0 0 -1
    outer loop
      vertex 14.475094976057632 -1.9056824064127529 24
      vertex 14.475094976057632 1.9056824064127529 24
      vertex 14.56874027928361 0.9548856867600887 24
    endloop
  endfacet
  facet normal 0 0 -1
    outer loop
      vertex 14.56874027928361 -0.9548856867600887 24
      vertex 14.56874027928361 0.9548856867600887 24
      vertex 14.6 0 24
    endloop
  endfacet
  facet normal 0 0 -1
    outer loop
      vertex 14.319465093887164 -2.8483187014354723 24
      vertex 14.319465093887164 2.8483187014354723 24
      vertex 14.475094976057632 1.9056824064127529 24
    endloop
  endfacet
  facet normal 0.9994645874763656 0.03271908282177745 0
    outer loop
      vertex 14.6 0 24
      vertex 14.56874027928361 0.9548856867600887 24
      vertex 14.6 0 32
    endloop
  endfacet
  facet normal 0.9994645874763656 0.03271908282177745 0
    outer loop
      vertex 14.56874027928361 0.9548856867600887 24
      vertex 14.56874027928361 0.9548856867600887 32
      vertex 14.6 0 32
    endloop
  endfacet
  facet normal 0.995184726672197 0.09801714032955947 0
    outer loop
      vertex 14.56874027928361 0.9548856867600887 24
      vertex 14.475094976057632 1.9056824064127529 24
      vertex 14.56874027928361 0.9548856867600887 32
    endloop
  endfacet
  facet normal 0.986643332084879 0.16289547339458887 0
    outer loop
      vertex 14.475094976057632 1.9056824064127529 24
      vertex 14.319465093887164 2.8483187014354723 24
      vertex 14.475094976057632 1.9056824064127529 32
    endloop
  endfacet
  facet normal 0.995184726672197 0.09801714032955947 0
    outer loop
      vertex 14.475094976057632 1.9056824064127529 24
      vertex 14.475094976057632 1.9056824064127529 32
      vertex 14.56874027928361 0.9548856867600887 32
    endloop
  endfacet
  facet normal 0.986643332084879 0.16289547339458887 0
    outer loop
      vertex 14.319465093887164 2.8483187014354723 24
      vertex 14.319465093887164 2.8483187014354723 32
      vertex 14.475094976057632 1.9056824064127529 32
    endloop
  endfacet
  facet normal 0 0 1
    outer loop
      vertex 14.56874027928361 -0.9548856867600887 32
      vertex 14.6 0 32
      vertex 14.56874027928361 0.9548856867600887 32
    endloop
  endfacet
  facet normal 0 0 1
    outer loop
      vertex 14.56874027928361 -0.9548856867600887 32
      vertex 14.56874027928361 0.9548856867600887 32
      vertex 14.475094976057632 1.9056824064127529 32
    endloop
  endfacet
  facet normal 0 0 1
    outer loop
      vertex 14.475094976057632 -1.9056824064127529 32
      vertex 14.475094976057632 1.9056824064127529 32
      vertex 14.319465093887164 2.8483187014354723 32
    endloop
  endfacet
  facet normal 0.6835923020228699 0.7298640726978369 0
    outer loop
      vertex 10.323759005323595 10.323759005323595 24
      vertex 9.626448900461005 10.97686118919307 32
      vertex 10.323759005323595 10.323759005323595 32
    endloop
  endfacet
  facet normal 0.7298640726978369 0.6835923020228699 0
    outer loop
      vertex 10.323759005323595 10.323759005323595 24
      vertex 10.323759005323595 10.323759005323595 32
      vertex 10.97686118919307 9.626448900461005 32
    endloop
  endfacet
  facet normal 0.6835923020228699 0.7298640726978369 0
    outer loop
      vertex 10.323759005323595 10.323759005323595 24
      vertex 9.626448900461005 10.97686118919307 24
      vertex 9.626448900461005 10.97686118919307 32
    endloop
  endfacet
  facet normal 0.7298640726978369 0.6835923020228699 0
    outer loop
      vertex 10.323759005323595 10.323759005323595 24
      vertex 10.97686118919307 9.626448900461005 32
      vertex 10.97686118919307 9.626448900461005 24
    endloop
  endfacet
  facet normal -0.9569403357322092 -0.29028467725446166 0
    outer loop
      vertex -4.7346506474755286 -1.607197326515808 32
      vertex -4.7346506474755286 -1.607197326515808 82
      vertex -4.8296291314453415 -1.2940952255126037 32
    endloop
  endfacet
  facet normal -0.9738769792773336 -0.22707626303437284 0
    outer loop
      vertex -4.8296291314453415 -1.2940952255126037 32
      vertex -4.8296291314453415 -1.2940952255126037 82
      vertex -4.903926402016152 -0.9754516100806412 32
    endloop
  endfacet
  facet normal -0.986643332084879 -0.16289547339458896 0
    outer loop
      vertex -4.903926402016152 -0.9754516100806412 32
      vertex -4.903926402016152 -0.9754516100806412 82
      vertex -4.957224306869052 -0.6526309611002579 32
    endloop
  endfacet
  facet normal -0.9951847266721968 -0.09801714032956099 0
    outer loop
      vertex -4.957224306869052 -0.6526309611002579 32
      vertex -4.957224306869052 -0.6526309611002579 82
      vertex -4.989294616193018 -0.3270156461507153 32
    endloop
  endfacet
  facet normal -0.9994645874763657 -0.03271908282177589 0
    outer loop
      vertex -4.989294616193018 -0.3270156461507153 32
      vertex -4.989294616193018 -0.3270156461507153 82
      vertex -5 0 32
    endloop
  endfacet
  facet normal -0.29028467725446166 -0.9569403357322092 0
    outer loop
      vertex -1.607197326515808 -4.7346506474755286 32
      vertex -1.2940952255126037 -4.8296291314453415 32
      vertex -1.2940952255126037 -4.8296291314453415 82
    endloop
  endfacet
  facet normal -0.22707626303437284 -0.9738769792773336 0
    outer loop
      vertex -1.2940952255126037 -4.8296291314453415 32
      vertex -0.9754516100806412 -4.903926402016152 32
      vertex -0.9754516100806412 -4.903926402016152 82
    endloop
  endfacet
  facet normal -0.16289547339458896 -0.986643332084879 0
    outer loop
      vertex -0.9754516100806412 -4.903926402016152 32
      vertex -0.6526309611002579 -4.957224306869052 32
      vertex -0.6526309611002579 -4.957224306869052 82
    endloop
  endfacet
  facet normal -0.09801714032956099 -0.9951847266721968 0
    outer loop
      vertex -0.6526309611002579 -4.957224306869052 32
      vertex -0.3270156461507153 -4.989294616193018 32
      vertex -0.3270156461507153 -4.989294616193018 82
    endloop
  endfacet
  facet normal -0.03271908282177589 -0.9994645874763657 0
    outer loop
      vertex -0.3270156461507153 -4.989294616193018 32
      vertex 0 -5 32
      vertex 0 -5 82
    endloop
  endfacet
  facet normal -0.8492021815265794 -0.5280678506503671 0
    outer loop
      vertex -4.157348061512726 -2.777851165098011 32
      vertex -4.157348061512726 -2.777851165098011 82
      vertex -4.330127018922193 -2.5 32
    endloop
  endfacet
  facet normal -0.881921264348355 -0.47139673682599753 0
    outer loop
      vertex -4.330127018922193 -2.5 32
      vertex -4.330127018922193 -2.5 82
      vertex -4.484363707663441 -2.2114434510950067 32
    endloop
  endfacet
  facet normal -0.7298640726978363 -0.6835923020228706 0
    outer loop
      vertex -3.759199037394887 -3.296729075500344 32
      vertex -3.5355339059327378 -3.5355339059327378 32
      vertex -3.5355339059327378 -3.5355339059327378 82
    endloop
  endfacet
  facet normal -0.7730104533627372 -0.6343932841636452 0
    outer loop
      vertex -3.759199037394887 -3.296729075500344 32
      vertex -3.759199037394887 -3.296729075500344 82
      vertex -3.9667667014561756 -3.043807145043603 32
    endloop
  endfacet
  facet normal -0.8128466845916148 -0.5824776968678027 0
    outer loop
      vertex -4.157348061512726 -2.777851165098011 32
      vertex -3.9667667014561756 -3.043807145043603 32
      vertex -3.9667667014561756 -3.043807145043603 82
    endloop
  endfacet
  facet normal -0.6835923020228706 -0.7298640726978363 0
    outer loop
      vertex -3.296729075500344 -3.759199037394887 32
      vertex -3.296729075500344 -3.759199037394887 82
      vertex -3.5355339059327378 -3.5355339059327378 32
    endloop
  endfacet
  facet normal -0.6343932841636452 -0.7730104533627372 0
    outer loop
      vertex -3.296729075500344 -3.759199037394887 32
      vertex -3.043807145043603 -3.9667667014561756 32
      vertex -3.043807145043603 -3.9667667014561756 82
    endloop
  endfacet
  facet normal -0.5280678506503671 -0.8492021815265794 0
    outer loop
      vertex -2.777851165098011 -4.157348061512726 32
      vertex -2.5 -4.330127018922193 32
      vertex -2.5 -4.330127018922193 82
    endloop
  endfacet
  facet normal -0.5824776968678027 -0.8128466845916148 0
    outer loop
      vertex -2.777851165098011 -4.157348061512726 32
      vertex -2.777851165098011 -4.157348061512726 82
      vertex -3.043807145043603 -3.9667667014561756 32
    endloop
  endfacet
  facet normal -0.9108638249211749 -0.41270702980439655 0
    outer loop
      vertex -4.619397662556434 -1.913417161825449 32
      vertex -4.484363707663441 -2.2114434510950067 32
      vertex -4.484363707663441 -2.2114434510950067 82
    endloop
  endfacet
  facet normal -0.9359059267573258 -0.3522500479212337 0
    outer loop
      vertex -4.619397662556434 -1.913417161825449 32
      vertex -4.619397662556434 -1.913417161825449 82
      vertex -4.7346506474755286 -1.607197326515808 32
    endloop
  endfacet
  facet normal -0.47139673682599753 -0.881921264348355 0
    outer loop
      vertex -2.5 -4.330127018922193 32
      vertex -2.2114434510950067 -4.484363707663441 32
      vertex -2.2114434510950067 -4.484363707663441 82
    endloop
  endfacet
  facet normal -0.41270702980439655 -0.9108638249211749 0
    outer loop
      vertex -1.913417161825449 -4.619397662556434 32
      vertex -1.913417161825449 -4.619397662556434 82
      vertex -2.2114434510950067 -4.484363707663441 32
    endloop
  endfacet
  facet normal -0.3522500479212337 -0.9359059267573258 0
    outer loop
      vertex -1.913417161825449 -4.619397662556434 32
      vertex -1.607197326515808 -4.7346506474755286 32
      vertex -1.607197326515808 -4.7346506474755286 82
    endloop
  endfacet
  facet normal -0.9569403357322092 -0.29028467725446166 0
    outer loop
      vertex -4.8296291314453415 -1.2940952255126037 32
      vertex -4.7346506474755286 -1.607197326515808 82
      vertex -4.8296291314453415 -1.2940952255126037 82
    endloop
  endfacet
  facet normal -0.9738769792773336 -0.22707626303437284 0
    outer loop
      vertex -4.903926402016152 -0.9754516100806412 32
      vertex -4.8296291314453415 -1.2940952255126037 82
      vertex -4.903926402016152 -0.9754516100806412 82
    endloop
  endfacet
  facet normal -0.986643332084879 -0.16289547339458896 0
    outer loop
      vertex -4.957224306869052 -0.6526309611002579 32
      vertex -4.903926402016152 -0.9754516100806412 82
      vertex -4.957224306869052 -0.6526309611002579 82
    endloop
  endfacet
  facet normal -0.9951847266721968 -0.09801714032956099 0
    outer loop
      vertex -4.989294616193018 -0.3270156461507153 32
      vertex -4.957224306869052 -0.6526309611002579 82
      vertex -4.989294616193018 -0.3270156461507153 82
    endloop
  endfacet
  facet normal -0.9994645874763657 -0.03271908282177589 0
    outer loop
      vertex -4.989294616193018 -0.3270156461507153 82
      vertex -5 0 82
      vertex -5 0 32
    endloop
  endfacet
  facet normal 0 0 1
    outer loop
      vertex -4.903926402016152 -0.9754516100806412 82
      vertex -4.957224306869052 0.6526309611002579 82
      vertex -4.957224306869052 -0.6526309611002579 82
    endloop
  endfacet
  facet normal 0 0 1
    outer loop
      vertex -4.7346506474755286 -1.607197326515808 82
      vertex -4.8296291314453415 1.2940952255126037 82
      vertex -4.8296291314453415 -1.2940952255126037 82
    endloop
  endfacet
  facet normal 0 0 1
    outer loop
      vertex -4.8296291314453415 -1.2940952255126037 82
      vertex -4.903926402016152 0.9754516100806412 82
      vertex -4.903926402016152 -0.9754516100806412 82
    endloop
  endfacet
  facet normal 0 0 1
    outer loop
      vertex -4.957224306869052 -0.6526309611002579 82
      vertex -4.989294616193018 0.3270156461507153 82
      vertex -4.989294616193018 -0.3270156461507153 82
    endloop
  endfacet
  facet normal -0.29028467725446166 -0.9569403357322092 0
    outer loop
      vertex -1.607197326515808 -4.7346506474755286 32
      vertex -1.2940952255126037 -4.8296291314453415 82
      vertex -1.607197326515808 -4.7346506474755286 82
    endloop
  endfacet
  facet normal -0.22707626303437284 -0.9738769792773336 0
    outer loop
      vertex -1.2940952255126037 -4.8296291314453415 32
      vertex -0.9754516100806412 -4.903926402016152 82
      vertex -1.2940952255126037 -4.8296291314453415 82
    endloop
  endfacet
  facet normal -0.16289547339458896 -0.986643332084879 0
    outer loop
      vertex -0.9754516100806412 -4.903926402016152 32
      vertex -0.6526309611002579 -4.957224306869052 82
      vertex -0.9754516100806412 -4.903926402016152 82
    endloop
  endfacet
  facet normal -0.09801714032956099 -0.9951847266721968 0
    outer loop
      vertex -0.6526309611002579 -4.957224306869052 32
      vertex -0.3270156461507153 -4.989294616193018 82
      vertex -0.6526309611002579 -4.957224306869052 82
    endloop
  endfacet
  facet normal -0.03271908282177589 -0.9994645874763657 0
    outer loop
      vertex -0.3270156461507153 -4.989294616193018 32
      vertex 0 -5 82
      vertex -0.3270156461507153 -4.989294616193018 82
    endloop
  endfacet
  facet normal -0.8492021815265794 -0.5280678506503671 0
    outer loop
      vertex -4.330127018922193 -2.5 32
      vertex -4.157348061512726 -2.777851165098011 82
      vertex -4.330127018922193 -2.5 82
    endloop
  endfacet
  facet normal -0.7730104533627372 -0.6343932841636452 0
    outer loop
      vertex -3.9667667014561756 -3.043807145043603 32
      vertex -3.759199037394887 -3.296729075500344 82
      vertex -3.9667667014561756 -3.043807145043603 82
    endloop
  endfacet
  facet normal -0.7298640726978363 -0.6835923020228706 0
    outer loop
      vertex -3.759199037394887 -3.296729075500344 32
      vertex -3.5355339059327378 -3.5355339059327378 82
      vertex -3.759199037394887 -3.296729075500344 82
    endloop
  endfacet
  facet normal -0.8128466845916148 -0.5824776968678027 0
    outer loop
      vertex -4.157348061512726 -2.777851165098011 32
      vertex -3.9667667014561756 -3.043807145043603 82
      vertex -4.157348061512726 -2.777851165098011 82
    endloop
  endfacet
  facet normal -0.6835923020228706 -0.7298640726978363 0
    outer loop
      vertex -3.5355339059327378 -3.5355339059327378 32
      vertex -3.296729075500344 -3.759199037394887 82
      vertex -3.5355339059327378 -3.5355339059327378 82
    endloop
  endfacet
  facet normal -0.6343932841636452 -0.7730104533627372 0
    outer loop
      vertex -3.296729075500344 -3.759199037394887 32
      vertex -3.043807145043603 -3.9667667014561756 82
      vertex -3.296729075500344 -3.759199037394887 82
    endloop
  endfacet
  facet normal -0.5280678506503671 -0.8492021815265794 0
    outer loop
      vertex -2.777851165098011 -4.157348061512726 32
      vertex -2.5 -4.330127018922193 82
      vertex -2.777851165098011 -4.157348061512726 82
    endloop
  endfacet
  facet normal -0.47139673682599753 -0.881921264348355 0
    outer loop
      vertex -2.5 -4.330127018922193 32
      vertex -2.2114434510950067 -4.484363707663441 82
      vertex -2.5 -4.330127018922193 82
    endloop
  endfacet
  facet normal -0.5824776968678027 -0.8128466845916148 0
    outer loop
      vertex -3.043807145043603 -3.9667667014561756 32
      vertex -2.777851165098011 -4.157348061512726 82
      vertex -3.043807145043603 -3.9667667014561756 82
    endloop
  endfacet
  facet normal -0.9108638249211749 -0.41270702980439655 0
    outer loop
      vertex -4.619397662556434 -1.913417161825449 32
      vertex -4.484363707663441 -2.2114434510950067 82
      vertex -4.619397662556434 -1.913417161825449 82
    endloop
  endfacet
  facet normal -0.881921264348355 -0.47139673682599753 0
    outer loop
      vertex -4.484363707663441 -2.2114434510950067 32
      vertex -4.330127018922193 -2.5 82
      vertex -4.484363707663441 -2.2114434510950067 82
    endloop
  endfacet
  facet normal -0.9359059267573258 -0.3522500479212337 0
    outer loop
      vertex -4.7346506474755286 -1.607197326515808 32
      vertex -4.619397662556434 -1.913417161825449 82
      vertex -4.7346506474755286 -1.607197326515808 82
    endloop
  endfacet
  facet normal -0.41270702980439655 -0.9108638249211749 0
    outer loop
      vertex -2.2114434510950067 -4.484363707663441 32
      vertex -1.913417161825449 -4.619397662556434 82
      vertex -2.2114434510950067 -4.484363707663441 82
    endloop
  endfacet
  facet normal -0.3522500479212337 -0.9359059267573258 0
    outer loop
      vertex -1.913417161825449 -4.619397662556434 32
      vertex -1.607197326515808 -4.7346506474755286 82
      vertex -1.913417161825449 -4.619397662556434 82
    endloop
  endfacet
  facet normal 0 0 1
    outer loop
      vertex -4.619397662556434 -1.913417161825449 82
      vertex -4.7346506474755286 1.607197326515808 82
      vertex -4.7346506474755286 -1.607197326515808 82
    endloop
  endfacet
  facet normal 0 0 1
    outer loop
      vertex -4.619397662556434 -1.913417161825449 82
      vertex -4.484363707663441 -2.2114434510950067 82
      vertex -4.619397662556434 1.913417161825449 82
    endloop
  endfacet
  facet normal 0 0 1
    outer loop
      vertex -4.157348061512726 -2.777851165098011 82
      vertex -4.330127018922193 2.5 82
      vertex -4.330127018922193 -2.5 82
    endloop
  endfacet
  facet normal 0 0 1
    outer loop
      vertex -4.330127018922193 -2.5 82
      vertex -4.484363707663441 2.2114434510950067 82
      vertex -4.484363707663441 -2.2114434510950067 82
    endloop
  endfacet
  facet normal 0 0 1
    outer loop
      vertex -4.157348061512726 -2.777851165098011 82
      vertex -3.9667667014561756 -3.043807145043603 82
      vertex -4.157348061512726 2.777851165098011 82
    endloop
  endfacet
  facet normal 0 0 1
    outer loop
      vertex -3.759199037394887 -3.296729075500344 82
      vertex -3.9667667014561756 3.043807145043603 82
      vertex -3.9667667014561756 -3.043807145043603 82
    endloop
  endfacet
  facet normal 0 0 1
    outer loop
      vertex -3.759199037394887 -3.296729075500344 82
      vertex -3.5355339059327378 -3.5355339059327378 82
      vertex -3.759199037394887 3.296729075500344 82
    endloop
  endfacet
  facet normal 0 0 1
    outer loop
      vertex -3.296729075500344 -3.759199037394887 82
      vertex -3.5355339059327378 3.5355339059327378 82
      vertex -3.5355339059327378 -3.5355339059327378 82
    endloop
  endfacet
  facet normal 0 0 1
    outer loop
      vertex -3.296729075500344 -3.759199037394887 82
      vertex -3.043807145043603 -3.9667667014561756 82
      vertex -3.296729075500344 3.759199037394887 82
    endloop
  endfacet
  facet normal 0 0 1
    outer loop
      vertex -2.777851165098011 -4.157348061512726 82
      vertex -3.043807145043603 3.9667667014561756 82
      vertex -3.043807145043603 -3.9667667014561756 82
    endloop
  endfacet
  facet normal 0 0 1
    outer loop
      vertex -2.777851165098011 -4.157348061512726 82
      vertex -2.5 -4.330127018922193 82
      vertex -2.777851165098011 4.157348061512726 82
    endloop
  endfacet
  facet normal 0 0 1
    outer loop
      vertex -2.5 -4.330127018922193 82
      vertex -2.2114434510950067 -4.484363707663441 82
      vertex -2.5 4.330127018922193 82
    endloop
  endfacet
  facet normal 0 0 1
    outer loop
      vertex -1.913417161825449 -4.619397662556434 82
      vertex -2.2114434510950067 4.484363707663441 82
      vertex -2.2114434510950067 -4.484363707663441 82
    endloop
  endfacet
  facet normal 0 0 1
    outer loop
      vertex -1.913417161825449 -4.619397662556434 82
      vertex -1.607197326515808 -4.7346506474755286 82
      vertex -1.913417161825449 4.619397662556434 82
    endloop
  endfacet
  facet normal 0 0 1
    outer loop
      vertex -1.607197326515808 -4.7346506474755286 82
      vertex -1.2940952255126037 -4.8296291314453415 82
      vertex -1.607197326515808 4.7346506474755286 82
    endloop
  endfacet
  facet normal 0 0 1
    outer loop
      vertex -1.2940952255126037 -4.8296291314453415 82
      vertex -0.9754516100806412 -4.903926402016152 82
      vertex -1.2940952255126037 4.8296291314453415 82
    endloop
  endfacet
  facet normal 0 0 1
    outer loop
      vertex -0.9754516100806412 -4.903926402016152 82
      vertex -0.6526309611002579 -4.957224306869052 82
      vertex -0.9754516100806412 4.903926402016152 82
    endloop
  endfacet
  facet normal 0 0 1
    outer loop
      vertex -0.6526309611002579 -4.957224306869052 82
      vertex -0.3270156461507153 -4.989294616193018 82
      vertex -0.6526309611002579 4.957224306869052 82
    endloop
  endfacet
  facet normal 0 0 1
    outer loop
      vertex -0.3270156461507153 -4.989294616193018 82
      vertex 0 -5 82
      vertex -0.3270156461507153 4.989294616193018 82
    endloop
  endfacet
  facet normal -0.9994645874763657 0.03271908282177589 0
    outer loop
      vertex -5 0 32
      vertex -5 0 82
      vertex -4.989294616193018 0.3270156461507153 32
    endloop
  endfacet
  facet normal -0.9951847266721968 0.09801714032956099 0
    outer loop
      vertex -4.989294616193018 0.3270156461507153 32
      vertex -4.989294616193018 0.3270156461507153 82
      vertex -4.957224306869052 0.6526309611002579 32
    endloop
  endfacet
  facet normal -0.986643332084879 0.16289547339458896 0
    outer loop
      vertex -4.957224306869052 0.6526309611002579 32
      vertex -4.957224306869052 0.6526309611002579 82
      vertex -4.903926402016152 0.9754516100806412 32
    endloop
  endfacet
  facet normal -0.9738769792773336 0.22707626303437284 0
    outer loop
      vertex -4.903926402016152 0.9754516100806412 32
      vertex -4.903926402016152 0.9754516100806412 82
      vertex -4.8296291314453415 1.2940952255126037 32
    endloop
  endfacet
  facet normal -0.9569403357322092 0.29028467725446166 0
    outer loop
      vertex -4.8296291314453415 1.2940952255126037 32
      vertex -4.8296291314453415 1.2940952255126037 82
      vertex -4.7346506474755286 1.607197326515808 32
    endloop
  endfacet
  facet normal -0.9359059267573258 0.3522500479212337 0
    outer loop
      vertex -4.7346506474755286 1.607197326515808 32
      vertex -4.7346506474755286 1.607197326515808 82
      vertex -4.619397662556434 1.913417161825449 32
    endloop
  endfacet
  facet normal -0.9108638249211749 0.41270702980439655 0
    outer loop
      vertex -4.619397662556434 1.913417161825449 32
      vertex -4.619397662556434 1.913417161825449 82
      vertex -4.484363707663441 2.2114434510950067 32
    endloop
  endfacet
  facet normal -0.881921264348355 0.47139673682599753 0
    outer loop
      vertex -4.484363707663441 2.2114434510950067 32
      vertex -4.484363707663441 2.2114434510950067 82
      vertex -4.330127018922193 2.5 32
    endloop
  endfacet
  facet normal -0.8492021815265794 0.5280678506503671 0
    outer loop
      vertex -4.330127018922193 2.5 32
      vertex -4.330127018922193 2.5 82
      vertex -4.157348061512726 2.777851165098011 32
    endloop
  endfacet
  facet normal -0.8128466845916148 0.5824776968678027 0
    outer loop
      vertex -4.157348061512726 2.777851165098011 32
      vertex -4.157348061512726 2.777851165098011 82
      vertex -3.9667667014561756 3.043807145043603 32
    endloop
  endfacet
  facet normal -0.7730104533627372 0.6343932841636452 0
    outer loop
      vertex -3.9667667014561756 3.043807145043603 32
      vertex -3.9667667014561756 3.043807145043603 82
      vertex -3.759199037394887 3.296729075500344 32
    endloop
  endfacet
  facet normal -0.7298640726978363 0.6835923020228706 0
    outer loop
      vertex -3.759199037394887 3.296729075500344 32
      vertex -3.759199037394887 3.296729075500344 82
      vertex -3.5355339059327378 3.5355339059327378 32
    endloop
  endfacet
  facet normal -0.6835923020228706 0.7298640726978363 0
    outer loop
      vertex -3.5355339059327378 3.5355339059327378 32
      vertex -3.5355339059327378 3.5355339059327378 82
      vertex -3.296729075500344 3.759199037394887 32
    endloop
  endfacet
  facet normal -0.6343932841636452 0.7730104533627372 0
    outer loop
      vertex -3.296729075500344 3.759199037394887 32
      vertex -3.296729075500344 3.759199037394887 82
      vertex -3.043807145043603 3.9667667014561756 32
    endloop
  endfacet
  facet normal -0.5824776968678027 0.8128466845916148 0
    outer loop
      vertex -3.043807145043603 3.9667667014561756 32
      vertex -3.043807145043603 3.9667667014561756 82
      vertex -2.777851165098011 4.157348061512726 32
    endloop
  endfacet
  facet normal -0.5280678506503671 0.8492021815265794 0
    outer loop
      vertex -2.777851165098011 4.157348061512726 32
      vertex -2.777851165098011 4.157348061512726 82
      vertex -2.5 4.330127018922193 32
    endloop
  endfacet
  facet normal -0.47139673682599753 0.881921264348355 0
    outer loop
      vertex -2.5 4.330127018922193 32
      vertex -2.5 4.330127018922193 82
      vertex -2.2114434510950067 4.484363707663441 32
    endloop
  endfacet
  facet normal -0.41270702980439655 0.9108638249211749 0
    outer loop
      vertex -2.2114434510950067 4.484363707663441 32
      vertex -2.2114434510950067 4.484363707663441 82
      vertex -1.913417161825449 4.619397662556434 32
    endloop
  endfacet
  facet normal -0.3522500479212337 0.9359059267573258 0
    outer loop
      vertex -1.913417161825449 4.619397662556434 32
      vertex -1.913417161825449 4.619397662556434 82
      vertex -1.607197326515808 4.7346506474755286 32
    endloop
  endfacet
  facet normal -0.29028467725446166 0.9569403357322092 0
    outer loop
      vertex -1.607197326515808 4.7346506474755286 32
      vertex -1.607197326515808 4.7346506474755286 82
      vertex -1.2940952255126037 4.8296291314453415 32
    endloop
  endfacet
  facet normal -0.22707626303437284 0.9738769792773336 0
    outer loop
      vertex -1.2940952255126037 4.8296291314453415 32
      vertex -1.2940952255126037 4.8296291314453415 82
      vertex -0.9754516100806412 4.903926402016152 32
    endloop
  endfacet
  facet normal -0.16289547339458896 0.986643332084879 0
    outer loop
      vertex -0.9754516100806412 4.903926402016152 32
      vertex -0.9754516100806412 4.903926402016152 82
      vertex -0.6526309611002579 4.957224306869052 32
    endloop
  endfacet
  facet normal -0.09801714032956099 0.9951847266721968 0
    outer loop
      vertex -0.6526309611002579 4.957224306869052 32
      vertex -0.6526309611002579 4.957224306869052 82
      vertex -0.3270156461507153 4.989294616193018 32
    endloop
  endfacet
  facet normal -0.03271908282177589 0.9994645874763657 0
    outer loop
      vertex -0.3270156461507153 4.989294616193018 32
      vertex -0.3270156461507153 4.989294616193018 82
      vertex 0 5 32
    endloop
  endfacet
  facet normal -0.9994645874763657 0.03271908282177589 0
    outer loop
      vertex -4.989294616193018 0.3270156461507153 32
      vertex -5 0 82
      vertex -4.989294616193018 0.3270156461507153 82
    endloop
  endfacet
  facet normal -0.9951847266721968 0.09801714032956099 0
    outer loop
      vertex -4.957224306869052 0.6526309611002579 32
      vertex -4.989294616193018 0.3270156461507153 82
      vertex -4.957224306869052 0.6526309611002579 82
    endloop
  endfacet
  facet normal -0.986643332084879 0.16289547339458896 0
    outer loop
      vertex -4.903926402016152 0.9754516100806412 32
      vertex -4.957224306869052 0.6526309611002579 82
      vertex -4.903926402016152 0.9754516100806412 82
    endloop
  endfacet
  facet normal -0.9738769792773336 0.22707626303437284 0
    outer loop
      vertex -4.8296291314453415 1.2940952255126037 32
      vertex -4.903926402016152 0.9754516100806412 82
      vertex -4.8296291314453415 1.2940952255126037 82
    endloop
  endfacet
  facet normal -0.9569403357322092 0.29028467725446166 0
    outer loop
      vertex -4.7346506474755286 1.607197326515808 32
      vertex -4.8296291314453415 1.2940952255126037 82
      vertex -4.7346506474755286 1.607197326515808 82
    endloop
  endfacet
  facet normal 0 0 1
    outer loop
      vertex -4.989294616193018 -0.3270156461507153 82
      vertex -4.989294616193018 0.3270156461507153 82
      vertex -5 0 82
    endloop
  endfacet
  facet normal 0 0 1
    outer loop
      vertex -4.957224306869052 -0.6526309611002579 82
      vertex -4.957224306869052 0.6526309611002579 82
      vertex -4.989294616193018 0.3270156461507153 82
    endloop
  endfacet
  facet normal 0 0 1
    outer loop
      vertex -4.903926402016152 -0.9754516100806412 82
      vertex -4.903926402016152 0.9754516100806412 82
      vertex -4.957224306869052 0.6526309611002579 82
    endloop
  endfacet
  facet normal 0 0 1
    outer loop
      vertex -4.8296291314453415 -1.2940952255126037 82
      vertex -4.8296291314453415 1.2940952255126037 82
      vertex -4.903926402016152 0.9754516100806412 82
    endloop
  endfacet
  facet normal 0 0 1
    outer loop
      vertex -4.7346506474755286 -1.607197326515808 82
      vertex -4.7346506474755286 1.607197326515808 82
      vertex -4.8296291314453415 1.2940952255126037 82
    endloop
  endfacet
  facet normal -0.9359059267573258 0.3522500479212337 0
    outer loop
      vertex -4.619397662556434 1.913417161825449 32
      vertex -4.7346506474755286 1.607197326515808 82
      vertex -4.619397662556434 1.913417161825449 82
    endloop
  endfacet
  facet normal -0.9108638249211749 0.41270702980439655 0
    outer loop
      vertex -4.484363707663441 2.2114434510950067 32
      vertex -4.619397662556434 1.913417161825449 82
      vertex -4.484363707663441 2.2114434510950067 82
    endloop
  endfacet
  facet normal -0.881921264348355 0.47139673682599753 0
    outer loop
      vertex -4.330127018922193 2.5 32
      vertex -4.484363707663441 2.2114434510950067 82
      vertex -4.330127018922193 2.5 82
    endloop
  endfacet
  facet normal -0.8492021815265794 0.5280678506503671 0
    outer loop
      vertex -4.157348061512726 2.777851165098011 32
      vertex -4.330127018922193 2.5 82
      vertex -4.157348061512726 2.777851165098011 82
    endloop
  endfacet
  facet normal -0.8128466845916148 0.5824776968678027 0
    outer loop
      vertex -3.9667667014561756 3.043807145043603 32
      vertex -4.157348061512726 2.777851165098011 82
      vertex -3.9667667014561756 3.043807145043603 82
    endloop
  endfacet
  facet normal -0.7730104533627372 0.6343932841636452 0
    outer loop
      vertex -3.759199037394887 3.296729075500344 32
      vertex -3.9667667014561756 3.043807145043603 82
      vertex -3.759199037394887 3.296729075500344 82
    endloop
  endfacet
  facet normal -0.7298640726978363 0.6835923020228706 0
    outer loop
      vertex -3.5355339059327378 3.5355339059327378 32
      vertex -3.759199037394887 3.296729075500344 82
      vertex -3.5355339059327378 3.5355339059327378 82
    endloop
  endfacet
  facet normal -0.6835923020228706 0.7298640726978363 0
    outer loop
      vertex -3.296729075500344 3.759199037394887 32
      vertex -3.5355339059327378 3.5355339059327378 82
      vertex -3.296729075500344 3.759199037394887 82
    endloop
  endfacet
  facet normal -0.6343932841636452 0.7730104533627372 0
    outer loop
      vertex -3.043807145043603 3.9667667014561756 32
      vertex -3.296729075500344 3.759199037394887 82
      vertex -3.043807145043603 3.9667667014561756 82
    endloop
  endfacet
  facet normal -0.5824776968678027 0.8128466845916148 0
    outer loop
      vertex -2.777851165098011 4.157348061512726 32
      vertex -3.043807145043603 3.9667667014561756 82
      vertex -2.777851165098011 4.157348061512726 82
    endloop
  endfacet
  facet normal -0.5280678506503671 0.8492021815265794 0
    outer loop
      vertex -2.5 4.330127018922193 32
      vertex -2.777851165098011 4.157348061512726 82
      vertex -2.5 4.330127018922193 82
    endloop
  endfacet
  facet normal -0.47139673682599753 0.881921264348355 0
    outer loop
      vertex -2.2114434510950067 4.484363707663441 32
      vertex -2.5 4.330127018922193 82
      vertex -2.2114434510950067 4.484363707663441 82
    endloop
  endfacet
  facet normal -0.41270702980439655 0.9108638249211749 0
    outer loop
      vertex -1.913417161825449 4.619397662556434 32
      vertex -2.2114434510950067 4.484363707663441 82
      vertex -1.913417161825449 4.619397662556434 82
    endloop
  endfacet
  facet normal -0.3522500479212337 0.9359059267573258 0
    outer loop
      vertex -1.607197326515808 4.7346506474755286 32
      vertex -1.913417161825449 4.619397662556434 82
      vertex -1.607197326515808 4.7346506474755286 82
    endloop
  endfacet
  facet normal 0 0 1
    outer loop
      vertex -4.619397662556434 -1.913417161825449 82
      vertex -4.619397662556434 1.913417161825449 82
      vertex -4.7346506474755286 1.607197326515808 82
    endloop
  endfacet
  facet normal 0 0 1
    outer loop
      vertex -4.484363707663441 -2.2114434510950067 82
      vertex -4.484363707663441 2.2114434510950067 82
      vertex -4.619397662556434 1.913417161825449 82
    endloop
  endfacet
  facet normal 0 0 1
    outer loop
      vertex -4.330127018922193 -2.5 82
      vertex -4.330127018922193 2.5 82
      vertex -4.484363707663441 2.2114434510950067 82
    endloop
  endfacet
  facet normal 0 0 1
    outer loop
      vertex -4.157348061512726 -2.777851165098011 82
      vertex -4.157348061512726 2.777851165098011 82
      vertex -4.330127018922193 2.5 82
    endloop
  endfacet
  facet normal 0 0 1
    outer loop
      vertex -3.9667667014561756 -3.043807145043603 82
      vertex -3.9667667014561756 3.043807145043603 82
      vertex -4.157348061512726 2.777851165098011 82
    endloop
  endfacet
  facet normal 0 0 1
    outer loop
      vertex -3.759199037394887 -3.296729075500344 82
      vertex -3.759199037394887 3.296729075500344 82
      vertex -3.9667667014561756 3.043807145043603 82
    endloop
  endfacet
  facet normal 0 0 1
    outer loop
      vertex -3.5355339059327378 -3.5355339059327378 82
      vertex -3.5355339059327378 3.5355339059327378 82
      vertex -3.759199037394887 3.296729075500344 82
    endloop
  endfacet
  facet normal 0 0 1
    outer loop
      vertex -3.296729075500344 -3.759199037394887 82
      vertex -3.296729075500344 3.759199037394887 82
      vertex -3.5355339059327378 3.5355339059327378 82
    endloop
  endfacet
  facet normal 0 0 1
    outer loop
      vertex -3.043807145043603 -3.9667667014561756 82
      vertex -3.043807145043603 3.9667667014561756 82
      vertex -3.296729075500344 3.759199037394887 82
    endloop
  endfacet
  facet normal 0 0 1
    outer loop
      vertex -2.777851165098011 -4.157348061512726 82
      vertex -2.777851165098011 4.157348061512726 82
      vertex -3.043807145043603 3.9667667014561756 82
    endloop
  endfacet
  facet normal 0 0 1
    outer loop
      vertex -2.5 -4.330127018922193 82
      vertex -2.5 4.330127018922193 82
      vertex -2.777851165098011 4.157348061512726 82
    endloop
  endfacet
  facet normal 0 0 1
    outer loop
      vertex -2.2114434510950067 -4.484363707663441 82
      vertex -2.2114434510950067 4.484363707663441 82
      vertex -2.5 4.330127018922193 82
    endloop
  endfacet
  facet normal 0 0 1
    outer loop
      vertex -1.913417161825449 -4.619397662556434 82
      vertex -1.913417161825449 4.619397662556434 82
      vertex -2.2114434510950067 4.484363707663441 82
    endloop
  endfacet
  facet normal 0 0 1
    outer loop
      vertex -1.607197326515808 -4.7346506474755286 82
      vertex -1.607197326515808 4.7346506474755286 82
      vertex -1.913417161825449 4.619397662556434 82
    endloop
  endfacet
  facet normal 0 0 1
    outer loop
      vertex -1.2940952255126037 -4.8296291314453415 82
      vertex -1.2940952255126037 4.8296291314453415 82
      vertex -1.607197326515808 4.7346506474755286 82
    endloop
  endfacet
  facet normal 0 0 1
    outer loop
      vertex -0.9754516100806412 -4.903926402016152 82
      vertex -0.9754516100806412 4.903926402016152 82
      vertex -1.2940952255126037 4.8296291314453415 82
    endloop
  endfacet
  facet normal 0 0 1
    outer loop
      vertex -0.6526309611002579 -4.957224306869052 82
      vertex -0.6526309611002579 4.957224306869052 82
      vertex -0.9754516100806412 4.903926402016152 82
    endloop
  endfacet
  facet normal 0 0 1
    outer loop
      vertex -0.3270156461507153 -4.989294616193018 82
      vertex -0.3270156461507153 4.989294616193018 82
      vertex -0.6526309611002579 4.957224306869052 82
    endloop
  endfacet
  facet normal 0 0 1
    outer loop
      vertex -0.3270156461507153 4.989294616193018 82
      vertex 0 -5 82
      vertex 0 5 82
    endloop
  endfacet
  facet normal -0.29028467725446166 0.9569403357322092 0
    outer loop
      vertex -1.2940952255126037 4.8296291314453415 32
      vertex -1.607197326515808 4.7346506474755286 82
      vertex -1.2940952255126037 4.8296291314453415 82
    endloop
  endfacet
  facet normal -0.22707626303437284 0.9738769792773336 0
    outer loop
      vertex -0.9754516100806412 4.903926402016152 32
      vertex -1.2940952255126037 4.8296291314453415 82
      vertex -0.9754516100806412 4.903926402016152 82
    endloop
  endfacet
  facet normal -0.16289547339458896 0.986643332084879 0
    outer loop
      vertex -0.6526309611002579 4.957224306869052 32
      vertex -0.9754516100806412 4.903926402016152 82
      vertex -0.6526309611002579 4.957224306869052 82
    endloop
  endfacet
  facet normal -0.09801714032956099 0.9951847266721968 0
    outer loop
      vertex -0.3270156461507153 4.989294616193018 32
      vertex -0.6526309611002579 4.957224306869052 82
      vertex -0.3270156461507153 4.989294616193018 82
    endloop
  endfacet
  facet normal -0.03271908282177589 0.9994645874763657 0
    outer loop
      vertex -0.3270156461507153 4.989294616193018 82
      vertex 0 5 82
      vertex 0 5 32
    endloop
  endfacet
  facet normal 0.03271908282177589 -0.9994645874763657 0
    outer loop
      vertex 0 -5 32
      vertex 0.3270156461507153 -4.989294616193018 32
      vertex 0.3270156461507153 -4.989294616193018 82
    endloop
  endfacet
  facet normal 0.09801714032956099 -0.9951847266721968 0
    outer loop
      vertex 0.3270156461507153 -4.989294616193018 32
      vertex 0.6526309611002579 -4.957224306869052 32
      vertex 0.6526309611002579 -4.957224306869052 82
    endloop
  endfacet
  facet normal 0.16289547339458896 -0.986643332084879 0
    outer loop
      vertex 0.6526309611002579 -4.957224306869052 32
      vertex 0.9754516100806412 -4.903926402016152 32
      vertex 0.9754516100806412 -4.903926402016152 82
    endloop
  endfacet
  facet normal 0.22707626303437284 -0.9738769792773336 0
    outer loop
      vertex 0.9754516100806412 -4.903926402016152 32
      vertex 1.2940952255126037 -4.8296291314453415 32
      vertex 1.2940952255126037 -4.8296291314453415 82
    endloop
  endfacet
  facet normal 0.29028467725446166 -0.9569403357322092 0
    outer loop
      vertex 1.2940952255126037 -4.8296291314453415 32
      vertex 1.607197326515808 -4.7346506474755286 32
      vertex 1.607197326515808 -4.7346506474755286 82
    endloop
  endfacet
  facet normal 0.3522500479212337 -0.9359059267573258 0
    outer loop
      vertex 1.607197326515808 -4.7346506474755286 32
      vertex 1.913417161825449 -4.619397662556434 32
      vertex 1.913417161825449 -4.619397662556434 82
    endloop
  endfacet
  facet normal 0.41270702980439655 -0.9108638249211749 0
    outer loop
      vertex 1.913417161825449 -4.619397662556434 32
      vertex 2.2114434510950067 -4.484363707663441 32
      vertex 2.2114434510950067 -4.484363707663441 82
    endloop
  endfacet
  facet normal 0.47139673682599753 -0.881921264348355 0
    outer loop
      vertex 2.2114434510950067 -4.484363707663441 32
      vertex 2.5 -4.330127018922193 32
      vertex 2.5 -4.330127018922193 82
    endloop
  endfacet
  facet normal 0.5280678506503671 -0.8492021815265794 0
    outer loop
      vertex 2.5 -4.330127018922193 32
      vertex 2.777851165098011 -4.157348061512726 32
      vertex 2.777851165098011 -4.157348061512726 82
    endloop
  endfacet
  facet normal 0.5824776968678027 -0.8128466845916148 0
    outer loop
      vertex 2.777851165098011 -4.157348061512726 32
      vertex 3.043807145043603 -3.9667667014561756 32
      vertex 3.043807145043603 -3.9667667014561756 82
    endloop
  endfacet
  facet normal 0.6343932841636452 -0.7730104533627372 0
    outer loop
      vertex 3.043807145043603 -3.9667667014561756 32
      vertex 3.296729075500344 -3.759199037394887 32
      vertex 3.296729075500344 -3.759199037394887 82
    endloop
  endfacet
  facet normal 0.6835923020228706 -0.7298640726978363 0
    outer loop
      vertex 3.296729075500344 -3.759199037394887 32
      vertex 3.5355339059327378 -3.5355339059327378 32
      vertex 3.5355339059327378 -3.5355339059327378 82
    endloop
  endfacet
  facet normal 0.7298640726978363 -0.6835923020228706 0
    outer loop
      vertex 3.5355339059327378 -3.5355339059327378 32
      vertex 3.759199037394887 -3.296729075500344 32
      vertex 3.759199037394887 -3.296729075500344 82
    endloop
  endfacet
  facet normal 0.7730104533627372 -0.6343932841636452 0
    outer loop
      vertex 3.759199037394887 -3.296729075500344 32
      vertex 3.9667667014561756 -3.043807145043603 32
      vertex 3.9667667014561756 -3.043807145043603 82
    endloop
  endfacet
  facet normal 0.8128466845916148 -0.5824776968678027 0
    outer loop
      vertex 3.9667667014561756 -3.043807145043603 32
      vertex 4.157348061512726 -2.777851165098011 32
      vertex 4.157348061512726 -2.777851165098011 82
    endloop
  endfacet
  facet normal 0.8492021815265794 -0.5280678506503671 0
    outer loop
      vertex 4.157348061512726 -2.777851165098011 32
      vertex 4.330127018922193 -2.5 32
      vertex 4.330127018922193 -2.5 82
    endloop
  endfacet
  facet normal 0.881921264348355 -0.47139673682599753 0
    outer loop
      vertex 4.330127018922193 -2.5 32
      vertex 4.484363707663441 -2.2114434510950067 32
      vertex 4.484363707663441 -2.2114434510950067 82
    endloop
  endfacet
  facet normal 0.9108638249211749 -0.41270702980439655 0
    outer loop
      vertex 4.484363707663441 -2.2114434510950067 32
      vertex 4.619397662556434 -1.913417161825449 32
      vertex 4.619397662556434 -1.913417161825449 82
    endloop
  endfacet
  facet normal 0.9359059267573258 -0.3522500479212337 0
    outer loop
      vertex 4.619397662556434 -1.913417161825449 32
      vertex 4.7346506474755286 -1.607197326515808 32
      vertex 4.7346506474755286 -1.607197326515808 82
    endloop
  endfacet
  facet normal 0.9569403357322092 -0.29028467725446166 0
    outer loop
      vertex 4.7346506474755286 -1.607197326515808 32
      vertex 4.8296291314453415 -1.2940952255126037 32
      vertex 4.8296291314453415 -1.2940952255126037 82
    endloop
  endfacet
  facet normal 0.9738769792773336 -0.22707626303437284 0
    outer loop
      vertex 4.8296291314453415 -1.2940952255126037 32
      vertex 4.903926402016152 -0.9754516100806412 32
      vertex 4.903926402016152 -0.9754516100806412 82
    endloop
  endfacet
  facet normal 0.986643332084879 -0.16289547339458896 0
    outer loop
      vertex 4.903926402016152 -0.9754516100806412 32
      vertex 4.957224306869052 -0.6526309611002579 32
      vertex 4.957224306869052 -0.6526309611002579 82
    endloop
  endfacet
  facet normal 0.9951847266721968 -0.09801714032956099 0
    outer loop
      vertex 4.957224306869052 -0.6526309611002579 32
      vertex 4.989294616193018 -0.3270156461507153 32
      vertex 4.989294616193018 -0.3270156461507153 82
    endloop
  endfacet
  facet normal 0.9994645874763657 -0.03271908282177589 0
    outer loop
      vertex 4.989294616193018 -0.3270156461507153 32
      vertex 5 0 32
      vertex 5 0 82
    endloop
  endfacet
  facet normal 0.03271908282177589 -0.9994645874763657 0
    outer loop
      vertex 0 -5 32
      vertex 0.3270156461507153 -4.989294616193018 82
      vertex 0 -5 82
    endloop
  endfacet
  facet normal 0.09801714032956099 -0.9951847266721968 0
    outer loop
      vertex 0.3270156461507153 -4.989294616193018 32
      vertex 0.6526309611002579 -4.957224306869052 82
      vertex 0.3270156461507153 -4.989294616193018 82
    endloop
  endfacet
  facet normal 0.16289547339458896 -0.986643332084879 0
    outer loop
      vertex 0.6526309611002579 -4.957224306869052 32
      vertex 0.9754516100806412 -4.903926402016152 82
      vertex 0.6526309611002579 -4.957224306869052 82
    endloop
  endfacet
  facet normal 0.22707626303437284 -0.9738769792773336 0
    outer loop
      vertex 0.9754516100806412 -4.903926402016152 32
      vertex 1.2940952255126037 -4.8296291314453415 82
      vertex 0.9754516100806412 -4.903926402016152 82
    endloop
  endfacet
  facet normal 0.29028467725446166 -0.9569403357322092 0
    outer loop
      vertex 1.2940952255126037 -4.8296291314453415 32
      vertex 1.607197326515808 -4.7346506474755286 82
      vertex 1.2940952255126037 -4.8296291314453415 82
    endloop
  endfacet
  facet normal 0.3522500479212337 -0.9359059267573258 0
    outer loop
      vertex 1.607197326515808 -4.7346506474755286 32
      vertex 1.913417161825449 -4.619397662556434 82
      vertex 1.607197326515808 -4.7346506474755286 82
    endloop
  endfacet
  facet normal 0.41270702980439655 -0.9108638249211749 0
    outer loop
      vertex 1.913417161825449 -4.619397662556434 32
      vertex 2.2114434510950067 -4.484363707663441 82
      vertex 1.913417161825449 -4.619397662556434 82
    endloop
  endfacet
  facet normal 0.47139673682599753 -0.881921264348355 0
    outer loop
      vertex 2.2114434510950067 -4.484363707663441 32
      vertex 2.5 -4.330127018922193 82
      vertex 2.2114434510950067 -4.484363707663441 82
    endloop
  endfacet
  facet normal 0.5280678506503671 -0.8492021815265794 0
    outer loop
      vertex 2.5 -4.330127018922193 32
      vertex 2.777851165098011 -4.157348061512726 82
      vertex 2.5 -4.330127018922193 82
    endloop
  endfacet
  facet normal 0.5824776968678027 -0.8128466845916148 0
    outer loop
      vertex 2.777851165098011 -4.157348061512726 32
      vertex 3.043807145043603 -3.9667667014561756 82
      vertex 2.777851165098011 -4.157348061512726 82
    endloop
  endfacet
  facet normal 0.6343932841636452 -0.7730104533627372 0
    outer loop
      vertex 3.043807145043603 -3.9667667014561756 32
      vertex 3.296729075500344 -3.759199037394887 82
      vertex 3.043807145043603 -3.9667667014561756 82
    endloop
  endfacet
  facet normal 0.6835923020228706 -0.7298640726978363 0
    outer loop
      vertex 3.296729075500344 -3.759199037394887 32
      vertex 3.5355339059327378 -3.5355339059327378 82
      vertex 3.296729075500344 -3.759199037394887 82
    endloop
  endfacet
  facet normal 0.7298640726978363 -0.6835923020228706 0
    outer loop
      vertex 3.5355339059327378 -3.5355339059327378 32
      vertex 3.759199037394887 -3.296729075500344 82
      vertex 3.5355339059327378 -3.5355339059327378 82
    endloop
  endfacet
  facet normal 0.7730104533627372 -0.6343932841636452 0
    outer loop
      vertex 3.759199037394887 -3.296729075500344 32
      vertex 3.9667667014561756 -3.043807145043603 82
      vertex 3.759199037394887 -3.296729075500344 82
    endloop
  endfacet
  facet normal 0.8128466845916148 -0.5824776968678027 0
    outer loop
      vertex 3.9667667014561756 -3.043807145043603 32
      vertex 4.157348061512726 -2.777851165098011 82
      vertex 3.9667667014561756 -3.043807145043603 82
    endloop
  endfacet
  facet normal 0.8492021815265794 -0.5280678506503671 0
    outer loop
      vertex 4.157348061512726 -2.777851165098011 32
      vertex 4.330127018922193 -2.5 82
      vertex 4.157348061512726 -2.777851165098011 82
    endloop
  endfacet
  facet normal 0.881921264348355 -0.47139673682599753 0
    outer loop
      vertex 4.330127018922193 -2.5 32
      vertex 4.484363707663441 -2.2114434510950067 82
      vertex 4.330127018922193 -2.5 82
    endloop
  endfacet
  facet normal 0.9108638249211749 -0.41270702980439655 0
    outer loop
      vertex 4.484363707663441 -2.2114434510950067 32
      vertex 4.619397662556434 -1.913417161825449 82
      vertex 4.484363707663441 -2.2114434510950067 82
    endloop
  endfacet
  facet normal 0.9359059267573258 -0.3522500479212337 0
    outer loop
      vertex 4.619397662556434 -1.913417161825449 32
      vertex 4.7346506474755286 -1.607197326515808 82
      vertex 4.619397662556434 -1.913417161825449 82
    endloop
  endfacet
  facet normal 0 0 1
    outer loop
      vertex 0 -5 82
      vertex 0.3270156461507153 -4.989294616193018 82
      vertex 0 5 82
    endloop
  endfacet
  facet normal 0 0 1
    outer loop
      vertex 0.3270156461507153 -4.989294616193018 82
      vertex 0.6526309611002579 -4.957224306869052 82
      vertex 0.3270156461507153 4.989294616193018 82
    endloop
  endfacet
  facet normal 0 0 1
    outer loop
      vertex 0.6526309611002579 -4.957224306869052 82
      vertex 0.9754516100806412 -4.903926402016152 82
      vertex 0.6526309611002579 4.957224306869052 82
    endloop
  endfacet
  facet normal 0 0 1
    outer loop
      vertex 0.9754516100806412 -4.903926402016152 82
      vertex 1.2940952255126037 -4.8296291314453415 82
      vertex 0.9754516100806412 4.903926402016152 82
    endloop
  endfacet
  facet normal 0 0 1
    outer loop
      vertex 1.2940952255126037 -4.8296291314453415 82
      vertex 1.607197326515808 -4.7346506474755286 82
      vertex 1.2940952255126037 4.8296291314453415 82
    endloop
  endfacet
  facet normal 0 0 1
    outer loop
      vertex 1.607197326515808 -4.7346506474755286 82
      vertex 1.913417161825449 -4.619397662556434 82
      vertex 1.607197326515808 4.7346506474755286 82
    endloop
  endfacet
  facet normal 0 0 1
    outer loop
      vertex 1.913417161825449 -4.619397662556434 82
      vertex 2.2114434510950067 -4.484363707663441 82
      vertex 1.913417161825449 4.619397662556434 82
    endloop
  endfacet
  facet normal 0 0 1
    outer loop
      vertex 2.2114434510950067 -4.484363707663441 82
      vertex 2.5 -4.330127018922193 82
      vertex 2.2114434510950067 4.484363707663441 82
    endloop
  endfacet
  facet normal 0 0 1
    outer loop
      vertex 2.5 -4.330127018922193 82
      vertex 2.777851165098011 -4.157348061512726 82
      vertex 2.5 4.330127018922193 82
    endloop
  endfacet
  facet normal 0 0 1
    outer loop
      vertex 2.777851165098011 -4.157348061512726 82
      vertex 3.043807145043603 -3.9667667014561756 82
      vertex 2.777851165098011 4.157348061512726 82
    endloop
  endfacet
  facet normal 0 0 1
    outer loop
      vertex 3.043807145043603 -3.9667667014561756 82
      vertex 3.296729075500344 -3.759199037394887 82
      vertex 3.043807145043603 3.9667667014561756 82
    endloop
  endfacet
  facet normal 0 0 1
    outer loop
      vertex 3.296729075500344 -3.759199037394887 82
      vertex 3.5355339059327378 -3.5355339059327378 82
      vertex 3.296729075500344 3.759199037394887 82
    endloop
  endfacet
  facet normal 0 0 1
    outer loop
      vertex 3.5355339059327378 -3.5355339059327378 82
      vertex 3.759199037394887 -3.296729075500344 82
      vertex 3.5355339059327378 3.5355339059327378 82
    endloop
  endfacet
  facet normal 0 0 1
    outer loop
      vertex 3.759199037394887 -3.296729075500344 82
      vertex 3.9667667014561756 -3.043807145043603 82
      vertex 3.759199037394887 3.296729075500344 82
    endloop
  endfacet
  facet normal 0 0 1
    outer loop
      vertex 3.9667667014561756 -3.043807145043603 82
      vertex 4.157348061512726 -2.777851165098011 82
      vertex 3.9667667014561756 3.043807145043603 82
    endloop
  endfacet
  facet normal 0 0 1
    outer loop
      vertex 4.157348061512726 -2.777851165098011 82
      vertex 4.330127018922193 -2.5 82
      vertex 4.157348061512726 2.777851165098011 82
    endloop
  endfacet
  facet normal 0 0 1
    outer loop
      vertex 4.330127018922193 -2.5 82
      vertex 4.484363707663441 -2.2114434510950067 82
      vertex 4.330127018922193 2.5 82
    endloop
  endfacet
  facet normal 0 0 1
    outer loop
      vertex 4.484363707663441 -2.2114434510950067 82
      vertex 4.619397662556434 -1.913417161825449 82
      vertex 4.484363707663441 2.2114434510950067 82
    endloop
  endfacet
  facet normal 0 0 1
    outer loop
      vertex 4.619397662556434 -1.913417161825449 82
      vertex 4.7346506474755286 -1.607197326515808 82
      vertex 4.619397662556434 1.913417161825449 82
    endloop
  endfacet
  facet normal 0.9569403357322092 -0.29028467725446166 0
    outer loop
      vertex 4.7346506474755286 -1.607197326515808 32
      vertex 4.8296291314453415 -1.2940952255126037 82
      vertex 4.7346506474755286 -1.607197326515808 82
    endloop
  endfacet
  facet normal 0.9738769792773336 -0.22707626303437284 0
    outer loop
      vertex 4.8296291314453415 -1.2940952255126037 32
      vertex 4.903926402016152 -0.9754516100806412 82
      vertex 4.8296291314453415 -1.2940952255126037 82
    endloop
  endfacet
  facet normal 0.986643332084879 -0.16289547339458896 0
    outer loop
      vertex 4.903926402016152 -0.9754516100806412 32
      vertex 4.957224306869052 -0.6526309611002579 82
      vertex 4.903926402016152 -0.9754516100806412 82
    endloop
  endfacet
  facet normal 0.9951847266721968 -0.09801714032956099 0
    outer loop
      vertex 4.957224306869052 -0.6526309611002579 32
      vertex 4.989294616193018 -0.3270156461507153 82
      vertex 4.957224306869052 -0.6526309611002579 82
    endloop
  endfacet
  facet normal 0.9994645874763657 -0.03271908282177589 0
    outer loop
      vertex 4.989294616193018 -0.3270156461507153 32
      vertex 5 0 82
      vertex 4.989294616193018 -0.3270156461507153 82
    endloop
  endfacet
  facet normal 0 0 1
    outer loop
      vertex 4.7346506474755286 -1.607197326515808 82
      vertex 4.8296291314453415 -1.2940952255126037 82
      vertex 4.7346506474755286 1.607197326515808 82
    endloop
  endfacet
  facet normal 0 0 1
    outer loop
      vertex 4.8296291314453415 -1.2940952255126037 82
      vertex 4.903926402016152 -0.9754516100806412 82
      vertex 4.8296291314453415 1.2940952255126037 82
    endloop
  endfacet
  facet normal 0 0 1
    outer loop
      vertex 4.903926402016152 -0.9754516100806412 82
      vertex 4.957224306869052 -0.6526309611002579 82
      vertex 4.903926402016152 0.9754516100806412 82
    endloop
  endfacet
  facet normal 0 0 1
    outer loop
      vertex 4.957224306869052 -0.6526309611002579 82
      vertex 4.989294616193018 -0.3270156461507153 82
      vertex 4.957224306869052 0.6526309611002579 82
    endloop
  endfacet
  facet normal 0.3522500479212337 0.9359059267573258 0
    outer loop
      vertex 1.607197326515808 4.7346506474755286 32
      vertex 1.607197326515808 4.7346506474755286 82
      vertex 1.913417161825449 4.619397662556434 32
    endloop
  endfacet
  facet normal 0.41270702980439655 0.9108638249211749 0
    outer loop
      vertex 2.2114434510950067 4.484363707663441 32
      vertex 1.913417161825449 4.619397662556434 32
      vertex 1.913417161825449 4.619397662556434 82
    endloop
  endfacet
  facet normal 0.47139673682599753 0.881921264348355 0
    outer loop
      vertex 2.2114434510950067 4.484363707663441 32
      vertex 2.2114434510950067 4.484363707663441 82
      vertex 2.5 4.330127018922193 32
    endloop
  endfacet
  facet normal 0.9359059267573258 0.3522500479212337 0
    outer loop
      vertex 4.7346506474755286 1.607197326515808 32
      vertex 4.619397662556434 1.913417161825449 32
      vertex 4.619397662556434 1.913417161825449 82
    endloop
  endfacet
  facet normal 0.9108638249211749 0.41270702980439655 0
    outer loop
      vertex 4.484363707663441 2.2114434510950067 32
      vertex 4.484363707663441 2.2114434510950067 82
      vertex 4.619397662556434 1.913417161825449 32
    endloop
  endfacet
  facet normal 0.5824776968678027 0.8128466845916148 0
    outer loop
      vertex 3.043807145043603 3.9667667014561756 32
      vertex 2.777851165098011 4.157348061512726 32
      vertex 2.777851165098011 4.157348061512726 82
    endloop
  endfacet
  facet normal 0.5280678506503671 0.8492021815265794 0
    outer loop
      vertex 2.5 4.330127018922193 32
      vertex 2.5 4.330127018922193 82
      vertex 2.777851165098011 4.157348061512726 32
    endloop
  endfacet
  facet normal 0.6343932841636452 0.7730104533627372 0
    outer loop
      vertex 3.043807145043603 3.9667667014561756 32
      vertex 3.043807145043603 3.9667667014561756 82
      vertex 3.296729075500344 3.759199037394887 32
    endloop
  endfacet
  facet normal 0.6835923020228706 0.7298640726978363 0
    outer loop
      vertex 3.5355339059327378 3.5355339059327378 32
      vertex 3.296729075500344 3.759199037394887 32
      vertex 3.296729075500344 3.759199037394887 82
    endloop
  endfacet
  facet normal 0.8128466845916148 0.5824776968678027 0
    outer loop
      vertex 3.9667667014561756 3.043807145043603 32
      vertex 3.9667667014561756 3.043807145043603 82
      vertex 4.157348061512726 2.777851165098011 32
    endloop
  endfacet
  facet normal 0.7730104533627372 0.6343932841636452 0
    outer loop
      vertex 3.9667667014561756 3.043807145043603 32
      vertex 3.759199037394887 3.296729075500344 32
      vertex 3.759199037394887 3.296729075500344 82
    endloop
  endfacet
  facet normal 0.7298640726978363 0.6835923020228706 0
    outer loop
      vertex 3.5355339059327378 3.5355339059327378 32
      vertex 3.5355339059327378 3.5355339059327378 82
      vertex 3.759199037394887 3.296729075500344 32
    endloop
  endfacet
  facet normal 0.881921264348355 0.47139673682599753 0
    outer loop
      vertex 4.484363707663441 2.2114434510950067 32
      vertex 4.330127018922193 2.5 32
      vertex 4.330127018922193 2.5 82
    endloop
  endfacet
  facet normal 0.8492021815265794 0.5280678506503671 0
    outer loop
      vertex 4.330127018922193 2.5 32
      vertex 4.157348061512726 2.777851165098011 32
      vertex 4.157348061512726 2.777851165098011 82
    endloop
  endfacet
  facet normal 0.03271908282177589 0.9994645874763657 0
    outer loop
      vertex 0 5 32
      vertex 0 5 82
      vertex 0.3270156461507153 4.989294616193018 32
    endloop
  endfacet
  facet normal 0.09801714032956099 0.9951847266721968 0
    outer loop
      vertex 0.3270156461507153 4.989294616193018 32
      vertex 0.3270156461507153 4.989294616193018 82
      vertex 0.6526309611002579 4.957224306869052 32
    endloop
  endfacet
  facet normal 0.16289547339458896 0.986643332084879 0
    outer loop
      vertex 0.6526309611002579 4.957224306869052 32
      vertex 0.6526309611002579 4.957224306869052 82
      vertex 0.9754516100806412 4.903926402016152 32
    endloop
  endfacet
  facet normal 0.22707626303437284 0.9738769792773336 0
    outer loop
      vertex 0.9754516100806412 4.903926402016152 32
      vertex 0.9754516100806412 4.903926402016152 82
      vertex 1.2940952255126037 4.8296291314453415 32
    endloop
  endfacet
  facet normal 0.29028467725446166 0.9569403357322092 0
    outer loop
      vertex 1.2940952255126037 4.8296291314453415 32
      vertex 1.2940952255126037 4.8296291314453415 82
      vertex 1.607197326515808 4.7346506474755286 32
    endloop
  endfacet
  facet normal 0.9994645874763657 0.03271908282177589 0
    outer loop
      vertex 5 0 32
      vertex 4.989294616193018 0.3270156461507153 32
      vertex 4.989294616193018 0.3270156461507153 82
    endloop
  endfacet
  facet normal 0.9951847266721968 0.09801714032956099 0
    outer loop
      vertex 4.989294616193018 0.3270156461507153 32
      vertex 4.957224306869052 0.6526309611002579 32
      vertex 4.957224306869052 0.6526309611002579 82
    endloop
  endfacet
  facet normal 0.986643332084879 0.16289547339458896 0
    outer loop
      vertex 4.957224306869052 0.6526309611002579 32
      vertex 4.903926402016152 0.9754516100806412 32
      vertex 4.903926402016152 0.9754516100806412 82
    endloop
  endfacet
  facet normal 0.9738769792773336 0.22707626303437284 0
    outer loop
      vertex 4.903926402016152 0.9754516100806412 32
      vertex 4.8296291314453415 1.2940952255126037 32
      vertex 4.8296291314453415 1.2940952255126037 82
    endloop
  endfacet
  facet normal 0.9569403357322092 0.29028467725446166 0
    outer loop
      vertex 4.8296291314453415 1.2940952255126037 32
      vertex 4.7346506474755286 1.607197326515808 32
      vertex 4.7346506474755286 1.607197326515808 82
    endloop
  endfacet
  facet normal 0.3522500479212337 0.9359059267573258 0
    outer loop
      vertex 1.913417161825449 4.619397662556434 32
      vertex 1.607197326515808 4.7346506474755286 82
      vertex 1.913417161825449 4.619397662556434 82
    endloop
  endfacet
  facet normal 0.41270702980439655 0.9108638249211749 0
    outer loop
      vertex 2.2114434510950067 4.484363707663441 32
      vertex 1.913417161825449 4.619397662556434 82
      vertex 2.2114434510950067 4.484363707663441 82
    endloop
  endfacet
  facet normal 0.9359059267573258 0.3522500479212337 0
    outer loop
      vertex 4.7346506474755286 1.607197326515808 32
      vertex 4.619397662556434 1.913417161825449 82
      vertex 4.7346506474755286 1.607197326515808 82
    endloop
  endfacet
  facet normal 0.881921264348355 0.47139673682599753 0
    outer loop
      vertex 4.484363707663441 2.2114434510950067 32
      vertex 4.330127018922193 2.5 82
      vertex 4.484363707663441 2.2114434510950067 82
    endloop
  endfacet
  facet normal 0.9108638249211749 0.41270702980439655 0
    outer loop
      vertex 4.619397662556434 1.913417161825449 32
      vertex 4.484363707663441 2.2114434510950067 82
      vertex 4.619397662556434 1.913417161825449 82
    endloop
  endfacet
  facet normal 0.5824776968678027 0.8128466845916148 0
    outer loop
      vertex 3.043807145043603 3.9667667014561756 32
      vertex 2.777851165098011 4.157348061512726 82
      vertex 3.043807145043603 3.9667667014561756 82
    endloop
  endfacet
  facet normal 0.47139673682599753 0.881921264348355 0
    outer loop
      vertex 2.5 4.330127018922193 32
      vertex 2.2114434510950067 4.484363707663441 82
      vertex 2.5 4.330127018922193 82
    endloop
  endfacet
  facet normal 0.5280678506503671 0.8492021815265794 0
    outer loop
      vertex 2.777851165098011 4.157348061512726 32
      vertex 2.5 4.330127018922193 82
      vertex 2.777851165098011 4.157348061512726 82
    endloop
  endfacet
  facet normal 0.6343932841636452 0.7730104533627372 0
    outer loop
      vertex 3.296729075500344 3.759199037394887 32
      vertex 3.043807145043603 3.9667667014561756 82
      vertex 3.296729075500344 3.759199037394887 82
    endloop
  endfacet
  facet normal 0.6835923020228706 0.7298640726978363 0
    outer loop
      vertex 3.5355339059327378 3.5355339059327378 32
      vertex 3.296729075500344 3.759199037394887 82
      vertex 3.5355339059327378 3.5355339059327378 82
    endloop
  endfacet
  facet normal 0.8128466845916148 0.5824776968678027 0
    outer loop
      vertex 4.157348061512726 2.777851165098011 32
      vertex 3.9667667014561756 3.043807145043603 82
      vertex 4.157348061512726 2.777851165098011 82
    endloop
  endfacet
  facet normal 0.7298640726978363 0.6835923020228706 0
    outer loop
      vertex 3.759199037394887 3.296729075500344 32
      vertex 3.5355339059327378 3.5355339059327378 82
      vertex 3.759199037394887 3.296729075500344 82
    endloop
  endfacet
  facet normal 0.7730104533627372 0.6343932841636452 0
    outer loop
      vertex 3.9667667014561756 3.043807145043603 32
      vertex 3.759199037394887 3.296729075500344 82
      vertex 3.9667667014561756 3.043807145043603 82
    endloop
  endfacet
  facet normal 0.8492021815265794 0.5280678506503671 0
    outer loop
      vertex 4.330127018922193 2.5 32
      vertex 4.157348061512726 2.777851165098011 82
      vertex 4.330127018922193 2.5 82
    endloop
  endfacet
  facet normal 0 0 1
    outer loop
      vertex 0.3270156461507153 -4.989294616193018 82
      vertex 0.3270156461507153 4.989294616193018 82
      vertex 0 5 82
    endloop
  endfacet
  facet normal 0 0 1
    outer loop
      vertex 0.6526309611002579 -4.957224306869052 82
      vertex 0.6526309611002579 4.957224306869052 82
      vertex 0.3270156461507153 4.989294616193018 82
    endloop
  endfacet
  facet normal 0 0 1
    outer loop
      vertex 0.9754516100806412 -4.903926402016152 82
      vertex 0.9754516100806412 4.903926402016152 82
      vertex 0.6526309611002579 4.957224306869052 82
    endloop
  endfacet
  facet normal 0 0 1
    outer loop
      vertex 1.2940952255126037 -4.8296291314453415 82
      vertex 1.2940952255126037 4.8296291314453415 82
      vertex 0.9754516100806412 4.903926402016152 82
    endloop
  endfacet
  facet normal 0 0 1
    outer loop
      vertex 1.607197326515808 -4.7346506474755286 82
      vertex 1.607197326515808 4.7346506474755286 82
      vertex 1.2940952255126037 4.8296291314453415 82
    endloop
  endfacet
  facet normal 0 0 1
    outer loop
      vertex 1.913417161825449 -4.619397662556434 82
      vertex 1.913417161825449 4.619397662556434 82
      vertex 1.607197326515808 4.7346506474755286 82
    endloop
  endfacet
  facet normal 0 0 1
    outer loop
      vertex 2.2114434510950067 -4.484363707663441 82
      vertex 2.2114434510950067 4.484363707663441 82
      vertex 1.913417161825449 4.619397662556434 82
    endloop
  endfacet
  facet normal 0 0 1
    outer loop
      vertex 2.5 -4.330127018922193 82
      vertex 2.5 4.330127018922193 82
      vertex 2.2114434510950067 4.484363707663441 82
    endloop
  endfacet
  facet normal 0 0 1
    outer loop
      vertex 2.777851165098011 -4.157348061512726 82
      vertex 2.777851165098011 4.157348061512726 82
      vertex 2.5 4.330127018922193 82
    endloop
  endfacet
  facet normal 0 0 1
    outer loop
      vertex 3.043807145043603 -3.9667667014561756 82
      vertex 3.043807145043603 3.9667667014561756 82
      vertex 2.777851165098011 4.157348061512726 82
    endloop
  endfacet
  facet normal 0 0 1
    outer loop
      vertex 3.296729075500344 -3.759199037394887 82
      vertex 3.296729075500344 3.759199037394887 82
      vertex 3.043807145043603 3.9667667014561756 82
    endloop
  endfacet
  facet normal 0 0 1
    outer loop
      vertex 3.5355339059327378 -3.5355339059327378 82
      vertex 3.5355339059327378 3.5355339059327378 82
      vertex 3.296729075500344 3.759199037394887 82
    endloop
  endfacet
  facet normal 0 0 1
    outer loop
      vertex 3.759199037394887 -3.296729075500344 82
      vertex 3.759199037394887 3.296729075500344 82
      vertex 3.5355339059327378 3.5355339059327378 82
    endloop
  endfacet
  facet normal 0 0 1
    outer loop
      vertex 3.9667667014561756 -3.043807145043603 82
      vertex 3.9667667014561756 3.043807145043603 82
      vertex 3.759199037394887 3.296729075500344 82
    endloop
  endfacet
  facet normal 0 0 1
    outer loop
      vertex 4.157348061512726 -2.777851165098011 82
      vertex 4.157348061512726 2.777851165098011 82
      vertex 3.9667667014561756 3.043807145043603 82
    endloop
  endfacet
  facet normal 0 0 1
    outer loop
      vertex 4.484363707663441 -2.2114434510950067 82
      vertex 4.484363707663441 2.2114434510950067 82
      vertex 4.330127018922193 2.5 82
    endloop
  endfacet
  facet normal 0 0 1
    outer loop
      vertex 4.330127018922193 -2.5 82
      vertex 4.330127018922193 2.5 82
      vertex 4.157348061512726 2.777851165098011 82
    endloop
  endfacet
  facet normal 0 0 1
    outer loop
      vertex 4.619397662556434 -1.913417161825449 82
      vertex 4.619397662556434 1.913417161825449 82
      vertex 4.484363707663441 2.2114434510950067 82
    endloop
  endfacet
  facet normal 0 0 1
    outer loop
      vertex 4.7346506474755286 -1.607197326515808 82
      vertex 4.7346506474755286 1.607197326515808 82
      vertex 4.619397662556434 1.913417161825449 82
    endloop
  endfacet
  facet normal 0.03271908282177589 0.9994645874763657 0
    outer loop
      vertex 0.3270156461507153 4.989294616193018 32
      vertex 0 5 82
      vertex 0.3270156461507153 4.989294616193018 82
    endloop
  endfacet
  facet normal 0.09801714032956099 0.9951847266721968 0
    outer loop
      vertex 0.6526309611002579 4.957224306869052 32
      vertex 0.3270156461507153 4.989294616193018 82
      vertex 0.6526309611002579 4.957224306869052 82
    endloop
  endfacet
  facet normal 0.16289547339458896 0.986643332084879 0
    outer loop
      vertex 0.9754516100806412 4.903926402016152 32
      vertex 0.6526309611002579 4.957224306869052 82
      vertex 0.9754516100806412 4.903926402016152 82
    endloop
  endfacet
  facet normal 0.22707626303437284 0.9738769792773336 0
    outer loop
      vertex 1.2940952255126037 4.8296291314453415 32
      vertex 0.9754516100806412 4.903926402016152 82
      vertex 1.2940952255126037 4.8296291314453415 82
    endloop
  endfacet
  facet normal 0.29028467725446166 0.9569403357322092 0
    outer loop
      vertex 1.607197326515808 4.7346506474755286 32
      vertex 1.2940952255126037 4.8296291314453415 82
      vertex 1.607197326515808 4.7346506474755286 82
    endloop
  endfacet
  facet normal 0.9994645874763657 0.03271908282177589 0
    outer loop
      vertex 5 0 32
      vertex 4.989294616193018 0.3270156461507153 82
      vertex 5 0 82
    endloop
  endfacet
  facet normal 0.9951847266721968 0.09801714032956099 0
    outer loop
      vertex 4.989294616193018 0.3270156461507153 32
      vertex 4.957224306869052 0.6526309611002579 82
      vertex 4.989294616193018 0.3270156461507153 82
    endloop
  endfacet
  facet normal 0.986643332084879 0.16289547339458896 0
    outer loop
      vertex 4.957224306869052 0.6526309611002579 32
      vertex 4.903926402016152 0.9754516100806412 82
      vertex 4.957224306869052 0.6526309611002579 82
    endloop
  endfacet
  facet normal 0.9738769792773336 0.22707626303437284 0
    outer loop
      vertex 4.903926402016152 0.9754516100806412 32
      vertex 4.8296291314453415 1.2940952255126037 82
      vertex 4.903926402016152 0.9754516100806412 82
    endloop
  endfacet
  facet normal 0.9569403357322092 0.29028467725446166 0
    outer loop
      vertex 4.8296291314453415 1.2940952255126037 32
      vertex 4.7346506474755286 1.607197326515808 82
      vertex 4.8296291314453415 1.2940952255126037 82
    endloop
  endfacet
  facet normal 0 0 1
    outer loop
      vertex 4.989294616193018 -0.3270156461507153 82
      vertex 5 0 82
      vertex 4.989294616193018 0.3270156461507153 82
    endloop
  endfacet
  facet normal 0 0 1
    outer loop
      vertex 4.989294616193018 -0.3270156461507153 82
      vertex 4.989294616193018 0.3270156461507153 82
      vertex 4.957224306869052 0.6526309611002579 82
    endloop
  endfacet
  facet normal 0 0 1
    outer loop
      vertex 4.903926402016152 -0.9754516100806412 82
      vertex 4.903926402016152 0.9754516100806412 82
      vertex 4.8296291314453415 1.2940952255126037 82
    endloop
  endfacet
  facet normal 0 0 1
    outer loop
      vertex 4.8296291314453415 -1.2940952255126037 82
      vertex 4.8296291314453415 1.2940952255126037 82
      vertex 4.7346506474755286 1.607197326515808 82
    endloop
  endfacet
  facet normal 0 0 1
    outer loop
      vertex 4.957224306869052 -0.6526309611002579 82
      vertex 4.957224306869052 0.6526309611002579 82
      vertex 4.903926402016152 0.9754516100806412 82
    endloop
  endfacet
endsolid OpenSCAD_Model
