solid OpenSCAD_Model
  facet normal 0.5372996083468239 0.8433914458128856 0
    outer loop
      vertex 78.8362717540365 -16.031371320260995 4.2
      vertex 78.8362717540365 -16.031371320260995 10.2
      vertex 93.40241252266271 -25.311026418688357 4.2
    endloop
  endfacet
  facet normal -0.5372996083468239 -0.8433914458128856 0
    outer loop
      vertex 82.4899090907949 -10.296309488733373 4.2
      vertex 97.05604985942112 -19.575964587160744 4.2
      vertex 97.05604985942112 -19.575964587160744 10.2
    endloop
  endfacet
  facet normal 0.5372996083468239 0.8433914458128856 0
    outer loop
      vertex 93.40241252266271 -25.311026418688357 4.2
      vertex 78.8362717540365 -16.031371320260995 10.2
      vertex 93.40241252266271 -25.311026418688357 10.2
    endloop
  endfacet
  facet normal -0.5372996083468239 -0.8433914458128856 0
    outer loop
      vertex 82.4899090907949 -10.296309488733373 4.2
      vertex 97.05604985942112 -19.575964587160744 10.2
      vertex 82.4899090907949 -10.296309488733373 10.2
    endloop
  endfacet
  facet normal -0.9990482215818578 0.04361938736533582 0
    outer loop
      vertex 61.57474229364481 -41.87946283574183 4.2
      vertex 61.57474229364481 -41.87946283574183 10.2
      vertex 62.32808896292758 -24.62498734579766 4.2
    endloop
  endfacet
  facet normal 0.9990482215818578 -0.043619387365336236 0
    outer loop
      vertex 54.78121438688817 -41.582851001657545 4.2
      vertex 55.53456105617095 -24.32837551171337 4.2
      vertex 55.53456105617095 -24.32837551171337 10.2
    endloop
  endfacet
  facet normal 0.9990482215818578 -0.043619387365336236 0
    outer loop
      vertex 54.78121438688817 -41.582851001657545 4.2
      vertex 55.53456105617095 -24.32837551171337 10.2
      vertex 54.78121438688817 -41.582851001657545 10.2
    endloop
  endfacet
  facet normal -0.9990482215818578 0.04361938736533582 0
    outer loop
      vertex 62.32808896292758 -24.62498734579766 4.2
      vertex 61.57474229364481 -41.87946283574183 10.2
      vertex 62.32808896292758 -24.62498734579766 10.2
    endloop
  endfacet
  facet normal -0.4617486132350339 0.8870108331782217 0
    outer loop
      vertex 24.518692434223688 -22.3034982485811 4.2
      vertex 24.518692434223688 -22.3034982485811 10.2
      vertex 39.838179872132685 -14.328677857064285 4.2
    endloop
  endfacet
  facet normal 0.4617486132350339 -0.8870108331782217 0
    outer loop
      vertex 21.37880186422545 -16.271824582969195 4.2
      vertex 36.698289302134455 -8.297004191452377 4.2
      vertex 36.698289302134455 -8.297004191452377 10.2
    endloop
  endfacet
  facet normal 0.4617486132350339 -0.8870108331782217 0
    outer loop
      vertex 21.37880186422545 -16.271824582969195 4.2
      vertex 36.698289302134455 -8.297004191452377 10.2
      vertex 21.37880186422545 -16.271824582969195 10.2
    endloop
  endfacet
  facet normal -0.4617486132350339 0.8870108331782217 0
    outer loop
      vertex 39.838179872132685 -14.328677857064285 4.2
      vertex 24.518692434223688 -22.3034982485811 10.2
      vertex 39.838179872132685 -14.328677857064285 10.2
    endloop
  endfacet
  facet normal 0.5372996083468238 0.8433914458128857 0
    outer loop
      vertex 22.943950140578874 19.575964587160744 4.2
      vertex 22.943950140578874 19.575964587160744 10.2
      vertex 37.510090909205104 10.296309488733373 4.2
    endloop
  endfacet
  facet normal -0.537299608346824 -0.8433914458128856 0
    outer loop
      vertex 26.59758747733729 25.311026418688357 4.2
      vertex 41.1637282459635 16.031371320260995 4.2
      vertex 41.1637282459635 16.031371320260995 10.2
    endloop
  endfacet
  facet normal 0.5372996083468238 0.8433914458128857 0
    outer loop
      vertex 37.510090909205104 10.296309488733373 4.2
      vertex 22.943950140578874 19.575964587160744 10.2
      vertex 37.510090909205104 10.296309488733373 10.2
    endloop
  endfacet
  facet normal -0.537299608346824 -0.8433914458128856 0
    outer loop
      vertex 26.59758747733729 25.311026418688357 4.2
      vertex 41.1637282459635 16.031371320260995 10.2
      vertex 26.59758747733729 25.311026418688357 10.2
    endloop
  endfacet
  facet normal -0.46174861323503374 0.8870108331782217 0
    outer loop
      vertex 83.30171069786554 8.297004191452377 4.2
      vertex 83.30171069786554 8.297004191452377 10.2
      vertex 98.62119813577455 16.27182458296919 4.2
    endloop
  endfacet
  facet normal 0.461748613235034 -0.8870108331782215 0
    outer loop
      vertex 80.16182012786732 14.328677857064285 4.2
      vertex 95.4813075657763 22.3034982485811 4.2
      vertex 95.4813075657763 22.3034982485811 10.2
    endloop
  endfacet
  facet normal 0.461748613235034 -0.8870108331782215 0
    outer loop
      vertex 80.16182012786732 14.328677857064285 4.2
      vertex 95.4813075657763 22.3034982485811 10.2
      vertex 80.16182012786732 14.328677857064285 10.2
    endloop
  endfacet
  facet normal -0.46174861323503374 0.8870108331782217 0
    outer loop
      vertex 98.62119813577455 16.27182458296919 4.2
      vertex 83.30171069786554 8.297004191452377 10.2
      vertex 98.62119813577455 16.27182458296919 10.2
    endloop
  endfacet
  facet normal -0.9990482215818578 0.043619387365336194 0
    outer loop
      vertex 64.46543894382904 24.32837551171337 4.2
      vertex 64.46543894382904 24.32837551171337 10.2
      vertex 65.21878561311182 41.58285100165756 4.2
    endloop
  endfacet
  facet normal 0.9990482215818578 -0.04361938736533582 0
    outer loop
      vertex 57.67191103707242 24.62498734579766 4.2
      vertex 58.42525770635519 41.87946283574183 4.2
      vertex 58.42525770635519 41.87946283574183 10.2
    endloop
  endfacet
  facet normal 0.9990482215818578 -0.04361938736533582 0
    outer loop
      vertex 57.67191103707242 24.62498734579766 4.2
      vertex 58.42525770635519 41.87946283574183 10.2
      vertex 57.67191103707242 24.62498734579766 10.2
    endloop
  endfacet
  facet normal -0.9990482215818578 0.043619387365336194 0
    outer loop
      vertex 65.21878561311182 41.58285100165756 4.2
      vertex 64.46543894382904 24.32837551171337 10.2
      vertex 65.21878561311182 41.58285100165756 10.2
    endloop
  endfacet
  facet normal 0.5646069259742944 0.8253599330848679 0
    outer loop
      vertex 78.65263761797952 -15.905752059006625 4.2
      vertex 78.65263761797952 -15.905752059006625 10.2
      vertex 78.8362717540365 -16.031371320260995 4.2
    endloop
  endfacet
  facet normal 0.6173791815706892 0.7866657143686293 0
    outer loop
      vertex 78.47761254948146 -15.768391511101711 4.2
      vertex 78.47761254948146 -15.768391511101711 10.2
      vertex 78.65263761797952 -15.905752059006625 4.2
    endloop
  endfacet
  facet normal 0.9279989121921935 0.37258290214408063 0
    outer loop
      vertex 77.55103139340957 -14.533179150016892 4.2
      vertex 77.46813551174361 -14.32670889180446 4.2
      vertex 77.46813551174361 -14.32670889180446 10.2
    endloop
  endfacet
  facet normal 0.9503800829845662 0.31109114077107497 0
    outer loop
      vertex 77.46813551174361 -14.32670889180446 4.2
      vertex 77.39892091750355 -14.115259052202557 4.2
      vertex 77.39892091750355 -14.115259052202557 10.2
    endloop
  endfacet
  facet normal 0.9686915803565843 0.24826723937375061 0
    outer loop
      vertex 77.39892091750355 -14.115259052202557 4.2
      vertex 77.34368399820792 -13.899735091886736 4.2
      vertex 77.34368399820792 -13.899735091886736 10.2
    endloop
  endfacet
  facet normal 0.982854991665304 0.1843802195426489 0
    outer loop
      vertex 77.34368399820792 -13.899735091886736 4.2
      vertex 77.30266128682531 -13.681059917542903 4.2
      vertex 77.30266128682531 -13.681059917542903 10.2
    endloop
  endfacet
  facet normal 0.9928096670090524 0.11970365530498525 0
    outer loop
      vertex 77.30266128682531 -13.681059917542903 4.2
      vertex 77.27602844890376 -13.460169929839223 4.2
      vertex 77.27602844890376 -13.460169929839223 10.2
    endloop
  endfacet
  facet normal 0.9985129789397672 0.054514501637930146 0
    outer loop
      vertex 77.27602844890376 -13.460169929839223 4.2
      vertex 77.26389953034402 -13.238011013614694 4.2
      vertex 77.26389953034402 -13.238011013614694 10.2
    endloop
  endfacet
  facet normal 0.9999405050001504 -0.010908091494122002 0
    outer loop
      vertex 77.26389953034402 -13.238011013614694 4.2
      vertex 77.26632646903738 -13.015534487455044 4.2
      vertex 77.26632646903738 -13.015534487455044 10.2
    endloop
  endfacet
  facet normal 0.799946565100141 0.600071239924466 0
    outer loop
      vertex 77.87797347183313 -15.114000288090741 4.2
      vertex 77.87797347183313 -15.114000288090741 10.2
      vertex 78.0114831798999 -15.291980209922984 4.2
    endloop
  endfacet
  facet normal 0.7147778973340452 0.6993515264033683 0
    outer loop
      vertex 78.15634747726128 -15.46084711039043 4.2
      vertex 78.15634747726128 -15.46084711039043 10.2
      vertex 78.31194603275598 -15.619877875500354 4.2
    endloop
  endfacet
  facet normal 0.6675077247298554 0.744602872292319 0
    outer loop
      vertex 78.47761254948146 -15.768391511101711 4.2
      vertex 78.31194603275598 -15.619877875500354 4.2
      vertex 78.31194603275598 -15.619877875500354 10.2
    endloop
  endfacet
  facet normal 0.7589872812471572 0.6511054499119545 0
    outer loop
      vertex 78.0114831798999 -15.291980209922984 4.2
      vertex 78.0114831798999 -15.291980209922984 10.2
      vertex 78.15634747726128 -15.46084711039043 4.2
    endloop
  endfacet
  facet normal 0.8714279253502678 0.49052356815929643 0
    outer loop
      vertex 77.64725358960975 -14.733785689496301 4.2
      vertex 77.64725358960975 -14.733785689496301 10.2
      vertex 77.75639006212768 -14.927669482242958 4.2
    endloop
  endfacet
  facet normal 0.837480354951297 0.5464674327630601 0
    outer loop
      vertex 77.87797347183313 -15.114000288090741 4.2
      vertex 77.75639006212768 -14.927669482242958 4.2
      vertex 77.75639006212768 -14.927669482242958 10.2
    endloop
  endfacet
  facet normal 0.9016439075888043 0.43247920633019094 0
    outer loop
      vertex 77.64725358960975 -14.733785689496301 4.2
      vertex 77.55103139340957 -14.533179150016892 4.2
      vertex 77.55103139340957 -14.533179150016892 10.2
    endloop
  endfacet
  facet normal 0.997086132304467 -0.07628397450394796 0
    outer loop
      vertex 77.26632646903738 -13.015534487455044 4.2
      vertex 77.28329887245981 -12.793693030000506 4.2
      vertex 77.28329887245981 -12.793693030000506 10.2
    endloop
  endfacet
  facet normal 0.9899620837148102 -0.14133319782355128 0
    outer loop
      vertex 77.28329887245981 -12.793693030000506 4.2
      vertex 77.31474406217419 -12.573436600429623 4.2
      vertex 77.31474406217419 -12.573436600429623 10.2
    endloop
  endfacet
  facet normal 0.9785988655009269 -0.20577721069228927 0
    outer loop
      vertex 77.31474406217419 -12.573436600429623 4.2
      vertex 77.36052738505062 -12.355708370588196 4.2
      vertex 77.36052738505062 -12.355708370588196 10.2
    endloop
  endfacet
  facet normal 0.9630451367077817 -0.2693400539531577 0
    outer loop
      vertex 77.36052738505062 -12.355708370588196 4.2
      vertex 77.42045278987172 -12.141440686182657 4.2
      vertex 77.42045278987172 -12.141440686182657 10.2
    endloop
  endfacet
  facet normal 0.9433675007898166 -0.33174954175337656 0
    outer loop
      vertex 77.42045278987172 -12.141440686182657 4.2
      vertex 77.49426366685418 -11.931551074332598 4.2
      vertex 77.49426366685418 -11.931551074332598 10.2
    endloop
  endfacet
  facet normal 0.919650220405094 -0.39273842708456963 0
    outer loop
      vertex 77.49426366685418 -11.931551074332598 4.2
      vertex 77.58164394649108 -11.726938314578806 4.2
      vertex 77.58164394649108 -11.726938314578806 10.2
    endloop
  endfacet
  facet normal 0.8919948565892964 -0.45204554617675474 0
    outer loop
      vertex 77.58164394649108 -11.726938314578806 4.2
      vertex 77.68221945301018 -11.528478590171268 4.2
      vertex 77.68221945301018 -11.528478590171268 10.2
    endloop
  endfacet
  facet normal 0.8605198338560671 -0.5094169368408619 0
    outer loop
      vertex 77.68221945301018 -11.528478590171268 4.2
      vertex 77.7955595066519 -11.337021736117984 4.2
      vertex 77.7955595066519 -11.337021736117984 10.2
    endloop
  endfacet
  facet normal 0.8253599330848914 -0.56460692597426 0
    outer loop
      vertex 77.7955595066519 -11.337021736117984 4.2
      vertex 77.92117876790626 -11.153387600061006 4.2
      vertex 77.92117876790626 -11.153387600061006 10.2
    endloop
  endfacet
  facet normal 0.7866657143686117 -0.6173791815707118 0
    outer loop
      vertex 77.92117876790626 -11.153387600061006 4.2
      vertex 78.05853931581117 -10.97836253156295 4.2
      vertex 78.05853931581117 -10.97836253156295 10.2
    endloop
  endfacet
  facet normal 0.7446028722923146 -0.6675077247298603 0
    outer loop
      vertex 78.05853931581117 -10.97836253156295 4.2
      vertex 78.20705295141254 -10.812696014837469 4.2
      vertex 78.20705295141254 -10.812696014837469 10.2
    endloop
  endfacet
  facet normal 0.6993515264033803 -0.7147778973340334 0
    outer loop
      vertex 78.20705295141254 -10.812696014837469 4.2
      vertex 78.36608371652245 -10.657097459342763 4.2
      vertex 78.36608371652245 -10.657097459342763 10.2
    endloop
  endfacet
  facet normal 0.6511054499119328 -0.7589872812471758 0
    outer loop
      vertex 78.36608371652245 -10.657097459342763 4.2
      vertex 78.5349506169899 -10.512233161981388 4.2
      vertex 78.5349506169899 -10.512233161981388 10.2
    endloop
  endfacet
  facet normal 0.6000712399244787 -0.7999465651001314 0
    outer loop
      vertex 78.5349506169899 -10.512233161981388 4.2
      vertex 78.71293053882215 -10.378723453914613 4.2
      vertex 78.71293053882215 -10.378723453914613 10.2
    endloop
  endfacet
  facet normal 0.5464674327630615 -0.8374803549512961 0
    outer loop
      vertex 78.71293053882215 -10.378723453914613 4.2
      vertex 78.89926134466992 -10.257140044209168 4.2
      vertex 78.89926134466992 -10.257140044209168 10.2
    endloop
  endfacet
  facet normal 0.49052356815930176 -0.8714279253502649 0
    outer loop
      vertex 78.89926134466992 -10.257140044209168 4.2
      vertex 79.09314513741658 -10.148003571691232 4.2
      vertex 79.09314513741658 -10.148003571691232 10.2
    endloop
  endfacet
  facet normal 0.43247920633016496 -0.9016439075888167 0
    outer loop
      vertex 79.09314513741658 -10.148003571691232 4.2
      vertex 79.293751676896 -10.051781375491066 4.2
      vertex 79.293751676896 -10.051781375491066 10.2
    endloop
  endfacet
  facet normal 0.3725829021441054 -0.9279989121921837 0
    outer loop
      vertex 79.293751676896 -10.051781375491066 4.2
      vertex 79.50022193510843 -9.968885493825097 4.2
      vertex 79.50022193510843 -9.968885493825097 10.2
    endloop
  endfacet
  facet normal 0.31109114077108935 -0.9503800829845618 0
    outer loop
      vertex 79.50022193510843 -9.968885493825097 4.2
      vertex 79.71167177471033 -9.899670899585029 4.2
      vertex 79.71167177471033 -9.899670899585029 10.2
    endloop
  endfacet
  facet normal 0.2482672393737206 -0.968691580356592 0
    outer loop
      vertex 79.71167177471033 -9.899670899585029 4.2
      vertex 79.92719573502615 -9.844433980289413 4.2
      vertex 79.92719573502615 -9.844433980289413 10.2
    endloop
  endfacet
  facet normal 0.18438021954265563 -0.9828549916653027 0
    outer loop
      vertex 79.92719573502615 -9.844433980289413 4.2
      vertex 80.14587090936999 -9.8034112689068 4.2
      vertex 80.14587090936999 -9.8034112689068 10.2
    endloop
  endfacet
  facet normal 0.11970365530496638 -0.9928096670090545 0
    outer loop
      vertex 80.14587090936999 -9.8034112689068 4.2
      vertex 80.36676089707366 -9.776778430985251 4.2
      vertex 80.36676089707366 -9.776778430985251 10.2
    endloop
  endfacet
  facet normal 0.0545145016380018 -0.9985129789397634 0
    outer loop
      vertex 80.36676089707366 -9.776778430985251 4.2
      vertex 80.58891981329819 -9.764649512425496 4.2
      vertex 80.58891981329819 -9.764649512425496 10.2
    endloop
  endfacet
  facet normal -0.010908091494169726 -0.99994050500015 0
    outer loop
      vertex 80.58891981329819 -9.764649512425496 4.2
      vertex 80.81139633945784 -9.767076451118868 4.2
      vertex 80.81139633945784 -9.767076451118868 10.2
    endloop
  endfacet
  facet normal -0.0762839745039504 -0.9970861323044669 0
    outer loop
      vertex 80.81139633945784 -9.767076451118868 4.2
      vertex 81.03323779691237 -9.784048854541297 4.2
      vertex 81.03323779691237 -9.784048854541297 10.2
    endloop
  endfacet
  facet normal -0.14133319782356693 -0.989962083714808 0
    outer loop
      vertex 81.03323779691237 -9.784048854541297 4.2
      vertex 81.25349422648327 -9.815494044255678 4.2
      vertex 81.25349422648327 -9.815494044255678 10.2
    endloop
  endfacet
  facet normal -0.20577721069224097 -0.978598865500937 0
    outer loop
      vertex 81.47122245632468 -9.861277367132095 4.2
      vertex 81.47122245632468 -9.861277367132095 10.2
      vertex 81.25349422648327 -9.815494044255678 4.2
    endloop
  endfacet
  facet normal -0.2693400539532297 -0.9630451367077616 0
    outer loop
      vertex 81.47122245632468 -9.861277367132095 4.2
      vertex 81.68549014073022 -9.921202771953213 4.2
      vertex 81.68549014073022 -9.921202771953213 10.2
    endloop
  endfacet
  facet normal -0.33174954175335525 -0.9433675007898241 0
    outer loop
      vertex 81.68549014073022 -9.921202771953213 4.2
      vertex 81.89537975258028 -9.995013648935672 4.2
      vertex 81.89537975258028 -9.995013648935672 10.2
    endloop
  endfacet
  facet normal -0.45204554617674225 -0.8919948565893027 0
    outer loop
      vertex 82.29845223674161 -10.182969435091659 4.2
      vertex 82.29845223674161 -10.182969435091659 10.2
      vertex 82.09999251233408 -10.082393928572575 4.2
    endloop
  endfacet
  facet normal -0.39273842708455525 -0.9196502204051004 0
    outer loop
      vertex 81.89537975258028 -9.995013648935672 4.2
      vertex 82.09999251233408 -10.082393928572575 4.2
      vertex 82.09999251233408 -10.082393928572575 10.2
    endloop
  endfacet
  facet normal -0.5094169368408347 -0.8605198338560832 0
    outer loop
      vertex 82.29845223674161 -10.182969435091659 4.2
      vertex 82.4899090907949 -10.296309488733373 4.2
      vertex 82.4899090907949 -10.296309488733373 10.2
    endloop
  endfacet
  facet normal 0.6675077247298554 0.744602872292319 0
    outer loop
      vertex 78.47761254948146 -15.768391511101711 4.2
      vertex 78.31194603275598 -15.619877875500354 10.2
      vertex 78.47761254948146 -15.768391511101711 10.2
    endloop
  endfacet
  facet normal 0.6173791815706892 0.7866657143686293 0
    outer loop
      vertex 78.65263761797952 -15.905752059006625 4.2
      vertex 78.47761254948146 -15.768391511101711 10.2
      vertex 78.65263761797952 -15.905752059006625 10.2
    endloop
  endfacet
  facet normal 0.5646069259742944 0.8253599330848679 0
    outer loop
      vertex 78.8362717540365 -16.031371320260995 4.2
      vertex 78.65263761797952 -15.905752059006625 10.2
      vertex 78.8362717540365 -16.031371320260995 10.2
    endloop
  endfacet
  facet normal 0.9279989121921935 0.37258290214408063 0
    outer loop
      vertex 77.55103139340957 -14.533179150016892 4.2
      vertex 77.46813551174361 -14.32670889180446 10.2
      vertex 77.55103139340957 -14.533179150016892 10.2
    endloop
  endfacet
  facet normal 0.9503800829845662 0.31109114077107497 0
    outer loop
      vertex 77.46813551174361 -14.32670889180446 4.2
      vertex 77.39892091750355 -14.115259052202557 10.2
      vertex 77.46813551174361 -14.32670889180446 10.2
    endloop
  endfacet
  facet normal 0.9686915803565843 0.24826723937375061 0
    outer loop
      vertex 77.39892091750355 -14.115259052202557 4.2
      vertex 77.34368399820792 -13.899735091886736 10.2
      vertex 77.39892091750355 -14.115259052202557 10.2
    endloop
  endfacet
  facet normal 0.982854991665304 0.1843802195426489 0
    outer loop
      vertex 77.34368399820792 -13.899735091886736 4.2
      vertex 77.30266128682531 -13.681059917542903 10.2
      vertex 77.34368399820792 -13.899735091886736 10.2
    endloop
  endfacet
  facet normal 0.9928096670090524 0.11970365530498525 0
    outer loop
      vertex 77.30266128682531 -13.681059917542903 4.2
      vertex 77.27602844890376 -13.460169929839223 10.2
      vertex 77.30266128682531 -13.681059917542903 10.2
    endloop
  endfacet
  facet normal 0.9985129789397672 0.054514501637930146 0
    outer loop
      vertex 77.27602844890376 -13.460169929839223 4.2
      vertex 77.26389953034402 -13.238011013614694 10.2
      vertex 77.27602844890376 -13.460169929839223 10.2
    endloop
  endfacet
  facet normal 0.9999405050001504 -0.010908091494122002 0
    outer loop
      vertex 77.26389953034402 -13.238011013614694 4.2
      vertex 77.26632646903738 -13.015534487455044 10.2
      vertex 77.26389953034402 -13.238011013614694 10.2
    endloop
  endfacet
  facet normal 0.799946565100141 0.600071239924466 0
    outer loop
      vertex 78.0114831798999 -15.291980209922984 4.2
      vertex 77.87797347183313 -15.114000288090741 10.2
      vertex 78.0114831798999 -15.291980209922984 10.2
    endloop
  endfacet
  facet normal 0.837480354951297 0.5464674327630601 0
    outer loop
      vertex 77.87797347183313 -15.114000288090741 4.2
      vertex 77.75639006212768 -14.927669482242958 10.2
      vertex 77.87797347183313 -15.114000288090741 10.2
    endloop
  endfacet
  facet normal 0.7147778973340452 0.6993515264033683 0
    outer loop
      vertex 78.31194603275598 -15.619877875500354 4.2
      vertex 78.15634747726128 -15.46084711039043 10.2
      vertex 78.31194603275598 -15.619877875500354 10.2
    endloop
  endfacet
  facet normal 0.7589872812471572 0.6511054499119545 0
    outer loop
      vertex 78.15634747726128 -15.46084711039043 4.2
      vertex 78.0114831798999 -15.291980209922984 10.2
      vertex 78.15634747726128 -15.46084711039043 10.2
    endloop
  endfacet
  facet normal 0.8714279253502678 0.49052356815929643 0
    outer loop
      vertex 77.75639006212768 -14.927669482242958 4.2
      vertex 77.64725358960975 -14.733785689496301 10.2
      vertex 77.75639006212768 -14.927669482242958 10.2
    endloop
  endfacet
  facet normal 0.9016439075888043 0.43247920633019094 0
    outer loop
      vertex 77.64725358960975 -14.733785689496301 4.2
      vertex 77.55103139340957 -14.533179150016892 10.2
      vertex 77.64725358960975 -14.733785689496301 10.2
    endloop
  endfacet
  facet normal 0.997086132304467 -0.07628397450394796 0
    outer loop
      vertex 77.26632646903738 -13.015534487455044 4.2
      vertex 77.28329887245981 -12.793693030000506 10.2
      vertex 77.26632646903738 -13.015534487455044 10.2
    endloop
  endfacet
  facet normal 0.9899620837148102 -0.14133319782355128 0
    outer loop
      vertex 77.28329887245981 -12.793693030000506 4.2
      vertex 77.31474406217419 -12.573436600429623 10.2
      vertex 77.28329887245981 -12.793693030000506 10.2
    endloop
  endfacet
  facet normal 0.9785988655009269 -0.20577721069228927 0
    outer loop
      vertex 77.31474406217419 -12.573436600429623 4.2
      vertex 77.36052738505062 -12.355708370588196 10.2
      vertex 77.31474406217419 -12.573436600429623 10.2
    endloop
  endfacet
  facet normal 0.9630451367077817 -0.2693400539531577 0
    outer loop
      vertex 77.36052738505062 -12.355708370588196 4.2
      vertex 77.42045278987172 -12.141440686182657 10.2
      vertex 77.36052738505062 -12.355708370588196 10.2
    endloop
  endfacet
  facet normal 0.9433675007898166 -0.33174954175337656 0
    outer loop
      vertex 77.42045278987172 -12.141440686182657 4.2
      vertex 77.49426366685418 -11.931551074332598 10.2
      vertex 77.42045278987172 -12.141440686182657 10.2
    endloop
  endfacet
  facet normal 0.919650220405094 -0.39273842708456963 0
    outer loop
      vertex 77.49426366685418 -11.931551074332598 4.2
      vertex 77.58164394649108 -11.726938314578806 10.2
      vertex 77.49426366685418 -11.931551074332598 10.2
    endloop
  endfacet
  facet normal 0.8919948565892964 -0.45204554617675474 0
    outer loop
      vertex 77.58164394649108 -11.726938314578806 4.2
      vertex 77.68221945301018 -11.528478590171268 10.2
      vertex 77.58164394649108 -11.726938314578806 10.2
    endloop
  endfacet
  facet normal 0.8605198338560671 -0.5094169368408619 0
    outer loop
      vertex 77.68221945301018 -11.528478590171268 4.2
      vertex 77.7955595066519 -11.337021736117984 10.2
      vertex 77.68221945301018 -11.528478590171268 10.2
    endloop
  endfacet
  facet normal 0.8253599330848914 -0.56460692597426 0
    outer loop
      vertex 77.7955595066519 -11.337021736117984 4.2
      vertex 77.92117876790626 -11.153387600061006 10.2
      vertex 77.7955595066519 -11.337021736117984 10.2
    endloop
  endfacet
  facet normal 0.7866657143686117 -0.6173791815707118 0
    outer loop
      vertex 77.92117876790626 -11.153387600061006 4.2
      vertex 78.05853931581117 -10.97836253156295 10.2
      vertex 77.92117876790626 -11.153387600061006 10.2
    endloop
  endfacet
  facet normal 0.7446028722923146 -0.6675077247298603 0
    outer loop
      vertex 78.05853931581117 -10.97836253156295 4.2
      vertex 78.20705295141254 -10.812696014837469 10.2
      vertex 78.05853931581117 -10.97836253156295 10.2
    endloop
  endfacet
  facet normal 0.6993515264033803 -0.7147778973340334 0
    outer loop
      vertex 78.20705295141254 -10.812696014837469 4.2
      vertex 78.36608371652245 -10.657097459342763 10.2
      vertex 78.20705295141254 -10.812696014837469 10.2
    endloop
  endfacet
  facet normal 0.6511054499119328 -0.7589872812471758 0
    outer loop
      vertex 78.36608371652245 -10.657097459342763 4.2
      vertex 78.5349506169899 -10.512233161981388 10.2
      vertex 78.36608371652245 -10.657097459342763 10.2
    endloop
  endfacet
  facet normal 0.6000712399244787 -0.7999465651001314 0
    outer loop
      vertex 78.5349506169899 -10.512233161981388 4.2
      vertex 78.71293053882215 -10.378723453914613 10.2
      vertex 78.5349506169899 -10.512233161981388 10.2
    endloop
  endfacet
  facet normal 0.5464674327630615 -0.8374803549512961 0
    outer loop
      vertex 78.71293053882215 -10.378723453914613 4.2
      vertex 78.89926134466992 -10.257140044209168 10.2
      vertex 78.71293053882215 -10.378723453914613 10.2
    endloop
  endfacet
  facet normal 0.49052356815930176 -0.8714279253502649 0
    outer loop
      vertex 78.89926134466992 -10.257140044209168 4.2
      vertex 79.09314513741658 -10.148003571691232 10.2
      vertex 78.89926134466992 -10.257140044209168 10.2
    endloop
  endfacet
  facet normal 0.43247920633016496 -0.9016439075888167 0
    outer loop
      vertex 79.09314513741658 -10.148003571691232 4.2
      vertex 79.293751676896 -10.051781375491066 10.2
      vertex 79.09314513741658 -10.148003571691232 10.2
    endloop
  endfacet
  facet normal 0.3725829021441054 -0.9279989121921837 0
    outer loop
      vertex 79.293751676896 -10.051781375491066 4.2
      vertex 79.50022193510843 -9.968885493825097 10.2
      vertex 79.293751676896 -10.051781375491066 10.2
    endloop
  endfacet
  facet normal 0.31109114077108935 -0.9503800829845618 0
    outer loop
      vertex 79.50022193510843 -9.968885493825097 4.2
      vertex 79.71167177471033 -9.899670899585029 10.2
      vertex 79.50022193510843 -9.968885493825097 10.2
    endloop
  endfacet
  facet normal 0.2482672393737206 -0.968691580356592 0
    outer loop
      vertex 79.71167177471033 -9.899670899585029 4.2
      vertex 79.92719573502615 -9.844433980289413 10.2
      vertex 79.71167177471033 -9.899670899585029 10.2
    endloop
  endfacet
  facet normal 0.18438021954265563 -0.9828549916653027 0
    outer loop
      vertex 79.92719573502615 -9.844433980289413 4.2
      vertex 80.14587090936999 -9.8034112689068 10.2
      vertex 79.92719573502615 -9.844433980289413 10.2
    endloop
  endfacet
  facet normal 0.11970365530496638 -0.9928096670090545 0
    outer loop
      vertex 80.14587090936999 -9.8034112689068 4.2
      vertex 80.36676089707366 -9.776778430985251 10.2
      vertex 80.14587090936999 -9.8034112689068 10.2
    endloop
  endfacet
  facet normal -0.20577721069224097 -0.978598865500937 0
    outer loop
      vertex 81.25349422648327 -9.815494044255678 4.2
      vertex 81.47122245632468 -9.861277367132095 10.2
      vertex 81.25349422648327 -9.815494044255678 10.2
    endloop
  endfacet
  facet normal 0.0545145016380018 -0.9985129789397634 0
    outer loop
      vertex 80.36676089707366 -9.776778430985251 4.2
      vertex 80.58891981329819 -9.764649512425496 10.2
      vertex 80.36676089707366 -9.776778430985251 10.2
    endloop
  endfacet
  facet normal -0.010908091494169726 -0.99994050500015 0
    outer loop
      vertex 80.58891981329819 -9.764649512425496 4.2
      vertex 80.81139633945784 -9.767076451118868 10.2
      vertex 80.58891981329819 -9.764649512425496 10.2
    endloop
  endfacet
  facet normal -0.0762839745039504 -0.9970861323044669 0
    outer loop
      vertex 80.81139633945784 -9.767076451118868 4.2
      vertex 81.03323779691237 -9.784048854541297 10.2
      vertex 80.81139633945784 -9.767076451118868 10.2
    endloop
  endfacet
  facet normal -0.14133319782356693 -0.989962083714808 0
    outer loop
      vertex 81.03323779691237 -9.784048854541297 4.2
      vertex 81.25349422648327 -9.815494044255678 10.2
      vertex 81.03323779691237 -9.784048854541297 10.2
    endloop
  endfacet
  facet normal -0.2693400539532297 -0.9630451367077616 0
    outer loop
      vertex 81.47122245632468 -9.861277367132095 4.2
      vertex 81.68549014073022 -9.921202771953213 10.2
      vertex 81.47122245632468 -9.861277367132095 10.2
    endloop
  endfacet
  facet normal -0.33174954175335525 -0.9433675007898241 0
    outer loop
      vertex 81.68549014073022 -9.921202771953213 4.2
      vertex 81.89537975258028 -9.995013648935672 10.2
      vertex 81.68549014073022 -9.921202771953213 10.2
    endloop
  endfacet
  facet normal -0.39273842708455525 -0.9196502204051004 0
    outer loop
      vertex 81.89537975258028 -9.995013648935672 4.2
      vertex 82.09999251233408 -10.082393928572575 10.2
      vertex 81.89537975258028 -9.995013648935672 10.2
    endloop
  endfacet
  facet normal -0.45204554617674225 -0.8919948565893027 0
    outer loop
      vertex 82.09999251233408 -10.082393928572575 4.2
      vertex 82.29845223674161 -10.182969435091659 10.2
      vertex 82.09999251233408 -10.082393928572575 10.2
    endloop
  endfacet
  facet normal -0.5094169368408347 -0.8605198338560832 0
    outer loop
      vertex 82.29845223674161 -10.182969435091659 4.2
      vertex 82.4899090907949 -10.296309488733373 10.2
      vertex 82.29845223674161 -10.182969435091659 10.2
    endloop
  endfacet
  facet normal 0.9970861323044669 -0.07628397450394918 0
    outer loop
      vertex 55.53456105617095 -24.32837551171337 4.2
      vertex 55.55153345959338 -24.106534054258837 4.2
      vertex 55.55153345959338 -24.106534054258837 10.2
    endloop
  endfacet
  facet normal 0.9899620837148059 -0.14133319782358145 0
    outer loop
      vertex 55.55153345959338 -24.106534054258837 4.2
      vertex 55.58297864930776 -23.886277624687953 4.2
      vertex 55.58297864930776 -23.886277624687953 10.2
    endloop
  endfacet
  facet normal 0.9785988655009397 -0.2057772106922281 0
    outer loop
      vertex 55.58297864930776 -23.886277624687953 4.2
      vertex 55.62876197218418 -23.668549394846526 4.2
      vertex 55.62876197218418 -23.668549394846526 10.2
    endloop
  endfacet
  facet normal 0.9630451367077646 -0.269340053953219 0
    outer loop
      vertex 55.62876197218418 -23.668549394846526 4.2
      vertex 55.688687377005294 -23.454281710440988 4.2
      vertex 55.688687377005294 -23.454281710440988 10.2
    endloop
  endfacet
  facet normal 0.9433675007898248 -0.33174954175335314 0
    outer loop
      vertex 55.688687377005294 -23.454281710440988 4.2
      vertex 55.76249825398775 -23.244392098590932 4.2
      vertex 55.76249825398775 -23.244392098590932 10.2
    endloop
  endfacet
  facet normal 0.9196502204050864 -0.392738427084588 0
    outer loop
      vertex 55.76249825398775 -23.244392098590932 4.2
      vertex 55.84987853362466 -23.039779338837135 4.2
      vertex 55.84987853362466 -23.039779338837135 10.2
    endloop
  endfacet
  facet normal 0.8919948565893222 -0.45204554617670395 0
    outer loop
      vertex 55.84987853362466 -23.039779338837135 4.2
      vertex 55.95045404014374 -22.841319614429597 4.2
      vertex 55.95045404014374 -22.841319614429597 10.2
    endloop
  endfacet
  facet normal 0.8605198338560791 -0.5094169368408418 0
    outer loop
      vertex 55.95045404014374 -22.841319614429597 4.2
      vertex 56.063794093785454 -22.649862760376315 4.2
      vertex 56.063794093785454 -22.649862760376315 10.2
    endloop
  endfacet
  facet normal 0.8253599330848642 -0.5646069259742998 0
    outer loop
      vertex 56.063794093785454 -22.649862760376315 4.2
      vertex 56.189413355039825 -22.466228624319335 4.2
      vertex 56.189413355039825 -22.466228624319335 10.2
    endloop
  endfacet
  facet normal 0.7866657143686117 -0.6173791815707118 0
    outer loop
      vertex 56.189413355039825 -22.466228624319335 4.2
      vertex 56.326773902944744 -22.29120355582128 4.2
      vertex 56.326773902944744 -22.29120355582128 10.2
    endloop
  endfacet
  facet normal 0.7446028722923199 -0.6675077247298545 0
    outer loop
      vertex 56.326773902944744 -22.29120355582128 4.2
      vertex 56.4752875385461 -22.125537039095803 4.2
      vertex 56.4752875385461 -22.125537039095803 10.2
    endloop
  endfacet
  facet normal 0.6993515264033644 -0.7147778973340491 0
    outer loop
      vertex 56.4752875385461 -22.125537039095803 4.2
      vertex 56.63431830365602 -21.969938483601098 4.2
      vertex 56.63431830365602 -21.969938483601098 10.2
    endloop
  endfacet
  facet normal 0.6511054499119624 -0.7589872812471504 0
    outer loop
      vertex 56.63431830365602 -21.969938483601098 4.2
      vertex 56.803185204123466 -21.825074186239718 4.2
      vertex 56.803185204123466 -21.825074186239718 10.2
    endloop
  endfacet
  facet normal 0.6000712399244684 -0.799946565100139 0
    outer loop
      vertex 56.803185204123466 -21.825074186239718 4.2
      vertex 56.98116512595571 -21.691564478172946 4.2
      vertex 56.98116512595571 -21.691564478172946 10.2
    endloop
  endfacet
  facet normal 0.5464674327630524 -0.8374803549513019 0
    outer loop
      vertex 56.98116512595571 -21.691564478172946 4.2
      vertex 57.167495931803494 -21.5699810684675 4.2
      vertex 57.167495931803494 -21.5699810684675 10.2
    endloop
  endfacet
  facet normal 0.49052356815930176 -0.8714279253502649 0
    outer loop
      vertex 57.167495931803494 -21.5699810684675 4.2
      vertex 57.361379724550154 -21.460844595949563 4.2
      vertex 57.361379724550154 -21.460844595949563 10.2
    endloop
  endfacet
  facet normal 0.43247920633017795 -0.9016439075888105 0
    outer loop
      vertex 57.361379724550154 -21.460844595949563 4.2
      vertex 57.561986264029564 -21.364622399749393 4.2
      vertex 57.561986264029564 -21.364622399749393 10.2
    endloop
  endfacet
  facet normal 0.3725829021441026 -0.9279989121921846 0
    outer loop
      vertex 57.561986264029564 -21.364622399749393 4.2
      vertex 57.76845652224199 -21.281726518083428 4.2
      vertex 57.76845652224199 -21.281726518083428 10.2
    endloop
  endfacet
  facet normal 0.31109114077108707 -0.9503800829845623 0
    outer loop
      vertex 57.76845652224199 -21.281726518083428 4.2
      vertex 57.979906361843895 -21.21251192384336 4.2
      vertex 57.979906361843895 -21.21251192384336 10.2
    endloop
  endfacet
  facet normal 0.2482672393737206 -0.968691580356592 0
    outer loop
      vertex 57.979906361843895 -21.21251192384336 4.2
      vertex 58.195430322159716 -21.157275004547742 4.2
      vertex 58.195430322159716 -21.157275004547742 10.2
    endloop
  endfacet
  facet normal 0.18438021954266143 -0.9828549916653017 0
    outer loop
      vertex 58.195430322159716 -21.157275004547742 4.2
      vertex 58.41410549650355 -21.11625229316513 4.2
      vertex 58.41410549650355 -21.11625229316513 10.2
    endloop
  endfacet
  facet normal 0.11970365530495472 -0.9928096670090559 0
    outer loop
      vertex 58.41410549650355 -21.11625229316513 4.2
      vertex 58.63499548420723 -21.089619455243582 4.2
      vertex 58.63499548420723 -21.089619455243582 10.2
    endloop
  endfacet
  facet normal 0.054514501638009756 -0.9985129789397629 0
    outer loop
      vertex 58.63499548420723 -21.089619455243582 4.2
      vertex 58.85715440043176 -21.077490536683825 4.2
      vertex 58.85715440043176 -21.077490536683825 10.2
    endloop
  endfacet
  facet normal -0.010908091494185692 -0.9999405050001497 0
    outer loop
      vertex 58.85715440043176 -21.077490536683825 4.2
      vertex 59.07963092659141 -21.0799174753772 4.2
      vertex 59.07963092659141 -21.0799174753772 10.2
    endloop
  endfacet
  facet normal -0.07628397450394796 -0.997086132304467 0
    outer loop
      vertex 59.07963092659141 -21.0799174753772 4.2
      vertex 59.30147238404595 -21.09688987879963 4.2
      vertex 59.30147238404595 -21.09688987879963 10.2
    endloop
  endfacet
  facet normal -0.14133319782356804 -0.9899620837148078 0
    outer loop
      vertex 59.30147238404595 -21.09688987879963 4.2
      vertex 59.52172881361683 -21.12833506851401 4.2
      vertex 59.52172881361683 -21.12833506851401 10.2
    endloop
  endfacet
  facet normal -0.2057772106922281 -0.9785988655009397 0
    outer loop
      vertex 59.52172881361683 -21.12833506851401 4.2
      vertex 59.73945704345826 -21.174118391390426 4.2
      vertex 59.73945704345826 -21.174118391390426 10.2
    endloop
  endfacet
  facet normal -0.33174954175334814 -0.9433675007898267 0
    outer loop
      vertex 59.95372472786379 -21.234043796211544 4.2
      vertex 60.16361433971385 -21.307854673194 4.2
      vertex 60.16361433971385 -21.307854673194 10.2
    endloop
  endfacet
  facet normal -0.39273842708458023 -0.9196502204050895 0
    outer loop
      vertex 60.16361433971385 -21.307854673194 4.2
      vertex 60.368227099467646 -21.395234952830908 4.2
      vertex 60.368227099467646 -21.395234952830908 10.2
    endloop
  endfacet
  facet normal -0.26934005395323796 -0.9630451367077594 0
    outer loop
      vertex 59.73945704345826 -21.174118391390426 4.2
      vertex 59.95372472786379 -21.234043796211544 4.2
      vertex 59.95372472786379 -21.234043796211544 10.2
    endloop
  endfacet
  facet normal -0.9999405050001497 0.010908091494185866 0
    outer loop
      vertex 62.32808896292758 -24.62498734579766 4.2
      vertex 62.32808896292758 -24.62498734579766 10.2
      vertex 62.330515901620956 -24.40251081963801 4.2
    endloop
  endfacet
  facet normal -0.998512978939764 -0.05451450163799297 0
    outer loop
      vertex 62.330515901620956 -24.40251081963801 4.2
      vertex 62.330515901620956 -24.40251081963801 10.2
      vertex 62.3183869830612 -24.180351903413477 4.2
    endloop
  endfacet
  facet normal -0.9928096670090559 -0.11970365530495472 0
    outer loop
      vertex 62.3183869830612 -24.180351903413477 4.2
      vertex 62.3183869830612 -24.180351903413477 10.2
      vertex 62.291754145139656 -23.9594619157098 4.2
    endloop
  endfacet
  facet normal -0.9828549916652981 -0.18438021954267975 0
    outer loop
      vertex 62.291754145139656 -23.9594619157098 4.2
      vertex 62.291754145139656 -23.9594619157098 10.2
      vertex 62.25073143375704 -23.740786741365966 4.2
    endloop
  endfacet
  facet normal -0.9686915803565929 -0.24826723937371678 0
    outer loop
      vertex 62.25073143375704 -23.740786741365966 4.2
      vertex 62.25073143375704 -23.740786741365966 10.2
      vertex 62.19549451446142 -23.52526278105014 4.2
    endloop
  endfacet
  facet normal -0.9503800829845656 -0.31109114077107736 0
    outer loop
      vertex 62.19549451446142 -23.52526278105014 4.2
      vertex 62.19549451446142 -23.52526278105014 10.2
      vertex 62.12627992022136 -23.31381294144824 4.2
    endloop
  endfacet
  facet normal -0.9279989121921814 -0.3725829021441109 0
    outer loop
      vertex 62.04338403855539 -23.10734268323581 4.2
      vertex 62.12627992022136 -23.31381294144824 4.2
      vertex 62.12627992022136 -23.31381294144824 10.2
    endloop
  endfacet
  facet normal -0.9016439075888137 -0.4324792063301712 0
    outer loop
      vertex 61.94716184235522 -22.906736143756405 4.2
      vertex 62.04338403855539 -23.10734268323581 4.2
      vertex 62.04338403855539 -23.10734268323581 10.2
    endloop
  endfacet
  facet normal -0.7999465651001256 -0.6000712399244864 0
    outer loop
      vertex 61.58293225206506 -22.348541623329716 4.2
      vertex 61.71644196013184 -22.52652154516196 4.2
      vertex 61.71644196013184 -22.52652154516196 10.2
    endloop
  endfacet
  facet normal -0.7589872812471663 -0.651105449911944 0
    outer loop
      vertex 61.58293225206506 -22.348541623329716 4.2
      vertex 61.58293225206506 -22.348541623329716 10.2
      vertex 61.43806795470369 -22.179674722862273 4.2
    endloop
  endfacet
  facet normal -0.8714279253502717 -0.49052356815928966 0
    outer loop
      vertex 61.94716184235522 -22.906736143756405 4.2
      vertex 61.94716184235522 -22.906736143756405 10.2
      vertex 61.83802536983729 -22.712852351009744 4.2
    endloop
  endfacet
  facet normal -0.8374803549512995 -0.5464674327630564 0
    outer loop
      vertex 61.71644196013184 -22.52652154516196 4.2
      vertex 61.83802536983729 -22.712852351009744 4.2
      vertex 61.83802536983729 -22.712852351009744 10.2
    endloop
  endfacet
  facet normal -0.6675077247298554 -0.744602872292319 0
    outer loop
      vertex 61.116802882483505 -21.87213032215099 4.2
      vertex 61.282469399208985 -22.02064395775235 4.2
      vertex 61.282469399208985 -22.02064395775235 10.2
    endloop
  endfacet
  facet normal -0.564606925974289 -0.8253599330848717 0
    outer loop
      vertex 60.758143677928466 -21.609150512991707 4.2
      vertex 60.941777813985446 -21.734769774246075 4.2
      vertex 60.941777813985446 -21.734769774246075 10.2
    endloop
  endfacet
  facet normal -0.6173791815706942 -0.7866657143686255 0
    outer loop
      vertex 60.941777813985446 -21.734769774246075 4.2
      vertex 61.116802882483505 -21.87213032215099 4.2
      vertex 61.116802882483505 -21.87213032215099 10.2
    endloop
  endfacet
  facet normal -0.4520455461767101 -0.891994856589319 0
    outer loop
      vertex 60.368227099467646 -21.395234952830908 4.2
      vertex 60.56668682387519 -21.49581045934999 4.2
      vertex 60.56668682387519 -21.49581045934999 10.2
    endloop
  endfacet
  facet normal -0.5094169368408605 -0.8605198338560679 0
    outer loop
      vertex 60.56668682387519 -21.49581045934999 4.2
      vertex 60.758143677928466 -21.609150512991707 4.2
      vertex 60.758143677928466 -21.609150512991707 10.2
    endloop
  endfacet
  facet normal -0.7147778973340491 -0.6993515264033644 0
    outer loop
      vertex 61.282469399208985 -22.02064395775235 4.2
      vertex 61.43806795470369 -22.179674722862273 4.2
      vertex 61.43806795470369 -22.179674722862273 10.2
    endloop
  endfacet
  facet normal 0.9970861323044669 -0.07628397450394918 0
    outer loop
      vertex 55.53456105617095 -24.32837551171337 4.2
      vertex 55.55153345959338 -24.106534054258837 10.2
      vertex 55.53456105617095 -24.32837551171337 10.2
    endloop
  endfacet
  facet normal 0.9899620837148059 -0.14133319782358145 0
    outer loop
      vertex 55.55153345959338 -24.106534054258837 4.2
      vertex 55.58297864930776 -23.886277624687953 10.2
      vertex 55.55153345959338 -24.106534054258837 10.2
    endloop
  endfacet
  facet normal 0.9785988655009397 -0.2057772106922281 0
    outer loop
      vertex 55.58297864930776 -23.886277624687953 4.2
      vertex 55.62876197218418 -23.668549394846526 10.2
      vertex 55.58297864930776 -23.886277624687953 10.2
    endloop
  endfacet
  facet normal 0.9630451367077646 -0.269340053953219 0
    outer loop
      vertex 55.62876197218418 -23.668549394846526 4.2
      vertex 55.688687377005294 -23.454281710440988 10.2
      vertex 55.62876197218418 -23.668549394846526 10.2
    endloop
  endfacet
  facet normal 0.9433675007898248 -0.33174954175335314 0
    outer loop
      vertex 55.688687377005294 -23.454281710440988 4.2
      vertex 55.76249825398775 -23.244392098590932 10.2
      vertex 55.688687377005294 -23.454281710440988 10.2
    endloop
  endfacet
  facet normal 0.9196502204050864 -0.392738427084588 0
    outer loop
      vertex 55.76249825398775 -23.244392098590932 4.2
      vertex 55.84987853362466 -23.039779338837135 10.2
      vertex 55.76249825398775 -23.244392098590932 10.2
    endloop
  endfacet
  facet normal 0.8919948565893222 -0.45204554617670395 0
    outer loop
      vertex 55.84987853362466 -23.039779338837135 4.2
      vertex 55.95045404014374 -22.841319614429597 10.2
      vertex 55.84987853362466 -23.039779338837135 10.2
    endloop
  endfacet
  facet normal 0.8605198338560791 -0.5094169368408418 0
    outer loop
      vertex 55.95045404014374 -22.841319614429597 4.2
      vertex 56.063794093785454 -22.649862760376315 10.2
      vertex 55.95045404014374 -22.841319614429597 10.2
    endloop
  endfacet
  facet normal 0.8253599330848642 -0.5646069259742998 0
    outer loop
      vertex 56.063794093785454 -22.649862760376315 4.2
      vertex 56.189413355039825 -22.466228624319335 10.2
      vertex 56.063794093785454 -22.649862760376315 10.2
    endloop
  endfacet
  facet normal 0.7866657143686117 -0.6173791815707118 0
    outer loop
      vertex 56.189413355039825 -22.466228624319335 4.2
      vertex 56.326773902944744 -22.29120355582128 10.2
      vertex 56.189413355039825 -22.466228624319335 10.2
    endloop
  endfacet
  facet normal 0.7446028722923199 -0.6675077247298545 0
    outer loop
      vertex 56.326773902944744 -22.29120355582128 4.2
      vertex 56.4752875385461 -22.125537039095803 10.2
      vertex 56.326773902944744 -22.29120355582128 10.2
    endloop
  endfacet
  facet normal 0.6993515264033644 -0.7147778973340491 0
    outer loop
      vertex 56.4752875385461 -22.125537039095803 4.2
      vertex 56.63431830365602 -21.969938483601098 10.2
      vertex 56.4752875385461 -22.125537039095803 10.2
    endloop
  endfacet
  facet normal 0.6511054499119624 -0.7589872812471504 0
    outer loop
      vertex 56.63431830365602 -21.969938483601098 4.2
      vertex 56.803185204123466 -21.825074186239718 10.2
      vertex 56.63431830365602 -21.969938483601098 10.2
    endloop
  endfacet
  facet normal 0.6000712399244684 -0.799946565100139 0
    outer loop
      vertex 56.803185204123466 -21.825074186239718 4.2
      vertex 56.98116512595571 -21.691564478172946 10.2
      vertex 56.803185204123466 -21.825074186239718 10.2
    endloop
  endfacet
  facet normal 0.5464674327630524 -0.8374803549513019 0
    outer loop
      vertex 56.98116512595571 -21.691564478172946 4.2
      vertex 57.167495931803494 -21.5699810684675 10.2
      vertex 56.98116512595571 -21.691564478172946 10.2
    endloop
  endfacet
  facet normal 0.49052356815930176 -0.8714279253502649 0
    outer loop
      vertex 57.167495931803494 -21.5699810684675 4.2
      vertex 57.361379724550154 -21.460844595949563 10.2
      vertex 57.167495931803494 -21.5699810684675 10.2
    endloop
  endfacet
  facet normal 0.43247920633017795 -0.9016439075888105 0
    outer loop
      vertex 57.361379724550154 -21.460844595949563 4.2
      vertex 57.561986264029564 -21.364622399749393 10.2
      vertex 57.361379724550154 -21.460844595949563 10.2
    endloop
  endfacet
  facet normal 0.3725829021441026 -0.9279989121921846 0
    outer loop
      vertex 57.561986264029564 -21.364622399749393 4.2
      vertex 57.76845652224199 -21.281726518083428 10.2
      vertex 57.561986264029564 -21.364622399749393 10.2
    endloop
  endfacet
  facet normal 0.31109114077108707 -0.9503800829845623 0
    outer loop
      vertex 57.76845652224199 -21.281726518083428 4.2
      vertex 57.979906361843895 -21.21251192384336 10.2
      vertex 57.76845652224199 -21.281726518083428 10.2
    endloop
  endfacet
  facet normal 0.2482672393737206 -0.968691580356592 0
    outer loop
      vertex 57.979906361843895 -21.21251192384336 4.2
      vertex 58.195430322159716 -21.157275004547742 10.2
      vertex 57.979906361843895 -21.21251192384336 10.2
    endloop
  endfacet
  facet normal 0.18438021954266143 -0.9828549916653017 0
    outer loop
      vertex 58.195430322159716 -21.157275004547742 4.2
      vertex 58.41410549650355 -21.11625229316513 10.2
      vertex 58.195430322159716 -21.157275004547742 10.2
    endloop
  endfacet
  facet normal 0.11970365530495472 -0.9928096670090559 0
    outer loop
      vertex 58.41410549650355 -21.11625229316513 4.2
      vertex 58.63499548420723 -21.089619455243582 10.2
      vertex 58.41410549650355 -21.11625229316513 10.2
    endloop
  endfacet
  facet normal 0.054514501638009756 -0.9985129789397629 0
    outer loop
      vertex 58.63499548420723 -21.089619455243582 4.2
      vertex 58.85715440043176 -21.077490536683825 10.2
      vertex 58.63499548420723 -21.089619455243582 10.2
    endloop
  endfacet
  facet normal -0.010908091494185692 -0.9999405050001497 0
    outer loop
      vertex 58.85715440043176 -21.077490536683825 4.2
      vertex 59.07963092659141 -21.0799174753772 10.2
      vertex 58.85715440043176 -21.077490536683825 10.2
    endloop
  endfacet
  facet normal -0.07628397450394796 -0.997086132304467 0
    outer loop
      vertex 59.07963092659141 -21.0799174753772 4.2
      vertex 59.30147238404595 -21.09688987879963 10.2
      vertex 59.07963092659141 -21.0799174753772 10.2
    endloop
  endfacet
  facet normal -0.14133319782356804 -0.9899620837148078 0
    outer loop
      vertex 59.30147238404595 -21.09688987879963 4.2
      vertex 59.52172881361683 -21.12833506851401 10.2
      vertex 59.30147238404595 -21.09688987879963 10.2
    endloop
  endfacet
  facet normal -0.2057772106922281 -0.9785988655009397 0
    outer loop
      vertex 59.52172881361683 -21.12833506851401 4.2
      vertex 59.73945704345826 -21.174118391390426 10.2
      vertex 59.52172881361683 -21.12833506851401 10.2
    endloop
  endfacet
  facet normal -0.26934005395323796 -0.9630451367077594 0
    outer loop
      vertex 59.73945704345826 -21.174118391390426 4.2
      vertex 59.95372472786379 -21.234043796211544 10.2
      vertex 59.73945704345826 -21.174118391390426 10.2
    endloop
  endfacet
  facet normal -0.39273842708458023 -0.9196502204050895 0
    outer loop
      vertex 60.16361433971385 -21.307854673194 4.2
      vertex 60.368227099467646 -21.395234952830908 10.2
      vertex 60.16361433971385 -21.307854673194 10.2
    endloop
  endfacet
  facet normal -0.33174954175334814 -0.9433675007898267 0
    outer loop
      vertex 59.95372472786379 -21.234043796211544 4.2
      vertex 60.16361433971385 -21.307854673194 10.2
      vertex 59.95372472786379 -21.234043796211544 10.2
    endloop
  endfacet
  facet normal -0.9686915803565929 -0.24826723937371678 0
    outer loop
      vertex 62.19549451446142 -23.52526278105014 4.2
      vertex 62.25073143375704 -23.740786741365966 10.2
      vertex 62.19549451446142 -23.52526278105014 10.2
    endloop
  endfacet
  facet normal -0.9999405050001497 0.010908091494185866 0
    outer loop
      vertex 62.330515901620956 -24.40251081963801 4.2
      vertex 62.32808896292758 -24.62498734579766 10.2
      vertex 62.330515901620956 -24.40251081963801 10.2
    endloop
  endfacet
  facet normal -0.998512978939764 -0.05451450163799297 0
    outer loop
      vertex 62.3183869830612 -24.180351903413477 4.2
      vertex 62.330515901620956 -24.40251081963801 10.2
      vertex 62.3183869830612 -24.180351903413477 10.2
    endloop
  endfacet
  facet normal -0.9928096670090559 -0.11970365530495472 0
    outer loop
      vertex 62.291754145139656 -23.9594619157098 4.2
      vertex 62.3183869830612 -24.180351903413477 10.2
      vertex 62.291754145139656 -23.9594619157098 10.2
    endloop
  endfacet
  facet normal -0.9828549916652981 -0.18438021954267975 0
    outer loop
      vertex 62.25073143375704 -23.740786741365966 4.2
      vertex 62.291754145139656 -23.9594619157098 10.2
      vertex 62.25073143375704 -23.740786741365966 10.2
    endloop
  endfacet
  facet normal -0.9503800829845656 -0.31109114077107736 0
    outer loop
      vertex 62.12627992022136 -23.31381294144824 4.2
      vertex 62.19549451446142 -23.52526278105014 10.2
      vertex 62.12627992022136 -23.31381294144824 10.2
    endloop
  endfacet
  facet normal -0.9279989121921814 -0.3725829021441109 0
    outer loop
      vertex 62.04338403855539 -23.10734268323581 4.2
      vertex 62.12627992022136 -23.31381294144824 10.2
      vertex 62.04338403855539 -23.10734268323581 10.2
    endloop
  endfacet
  facet normal -0.9016439075888137 -0.4324792063301712 0
    outer loop
      vertex 61.94716184235522 -22.906736143756405 4.2
      vertex 62.04338403855539 -23.10734268323581 10.2
      vertex 61.94716184235522 -22.906736143756405 10.2
    endloop
  endfacet
  facet normal -0.7999465651001256 -0.6000712399244864 0
    outer loop
      vertex 61.58293225206506 -22.348541623329716 4.2
      vertex 61.71644196013184 -22.52652154516196 10.2
      vertex 61.58293225206506 -22.348541623329716 10.2
    endloop
  endfacet
  facet normal -0.8714279253502717 -0.49052356815928966 0
    outer loop
      vertex 61.83802536983729 -22.712852351009744 4.2
      vertex 61.94716184235522 -22.906736143756405 10.2
      vertex 61.83802536983729 -22.712852351009744 10.2
    endloop
  endfacet
  facet normal -0.8374803549512995 -0.5464674327630564 0
    outer loop
      vertex 61.71644196013184 -22.52652154516196 4.2
      vertex 61.83802536983729 -22.712852351009744 10.2
      vertex 61.71644196013184 -22.52652154516196 10.2
    endloop
  endfacet
  facet normal -0.6675077247298554 -0.744602872292319 0
    outer loop
      vertex 61.116802882483505 -21.87213032215099 4.2
      vertex 61.282469399208985 -22.02064395775235 10.2
      vertex 61.116802882483505 -21.87213032215099 10.2
    endloop
  endfacet
  facet normal -0.6173791815706942 -0.7866657143686255 0
    outer loop
      vertex 60.941777813985446 -21.734769774246075 4.2
      vertex 61.116802882483505 -21.87213032215099 10.2
      vertex 60.941777813985446 -21.734769774246075 10.2
    endloop
  endfacet
  facet normal -0.564606925974289 -0.8253599330848717 0
    outer loop
      vertex 60.758143677928466 -21.609150512991707 4.2
      vertex 60.941777813985446 -21.734769774246075 10.2
      vertex 60.758143677928466 -21.609150512991707 10.2
    endloop
  endfacet
  facet normal -0.4520455461767101 -0.891994856589319 0
    outer loop
      vertex 60.368227099467646 -21.395234952830908 4.2
      vertex 60.56668682387519 -21.49581045934999 10.2
      vertex 60.368227099467646 -21.395234952830908 10.2
    endloop
  endfacet
  facet normal -0.5094169368408605 -0.8605198338560679 0
    outer loop
      vertex 60.56668682387519 -21.49581045934999 4.2
      vertex 60.758143677928466 -21.609150512991707 10.2
      vertex 60.56668682387519 -21.49581045934999 10.2
    endloop
  endfacet
  facet normal -0.7589872812471663 -0.651105449911944 0
    outer loop
      vertex 61.43806795470369 -22.179674722862273 4.2
      vertex 61.58293225206506 -22.348541623329716 10.2
      vertex 61.43806795470369 -22.179674722862273 10.2
    endloop
  endfacet
  facet normal -0.7147778973340491 -0.6993515264033644 0
    outer loop
      vertex 61.282469399208985 -22.02064395775235 4.2
      vertex 61.43806795470369 -22.179674722862273 10.2
      vertex 61.282469399208985 -22.02064395775235 10.2
    endloop
  endfacet
  facet normal 0.43247920633016496 -0.9016439075888167 0
    outer loop
      vertex 36.698289302134455 -8.297004191452377 4.2
      vertex 36.898895841613864 -8.20078199525221 4.2
      vertex 36.898895841613864 -8.20078199525221 10.2
    endloop
  endfacet
  facet normal 0.3725829021441054 -0.9279989121921837 0
    outer loop
      vertex 36.898895841613864 -8.20078199525221 4.2
      vertex 37.1053660998263 -8.117886113586241 4.2
      vertex 37.1053660998263 -8.117886113586241 10.2
    endloop
  endfacet
  facet normal 0.31109114077108935 -0.9503800829845618 0
    outer loop
      vertex 37.1053660998263 -8.117886113586241 4.2
      vertex 37.316815939428196 -8.048671519346174 4.2
      vertex 37.316815939428196 -8.048671519346174 10.2
    endloop
  endfacet
  facet normal 0.43247920633016496 -0.9016439075888167 0
    outer loop
      vertex 36.698289302134455 -8.297004191452377 4.2
      vertex 36.898895841613864 -8.20078199525221 10.2
      vertex 36.698289302134455 -8.297004191452377 10.2
    endloop
  endfacet
  facet normal 0.3725829021441054 -0.9279989121921837 0
    outer loop
      vertex 36.898895841613864 -8.20078199525221 4.2
      vertex 37.1053660998263 -8.117886113586241 10.2
      vertex 36.898895841613864 -8.20078199525221 10.2
    endloop
  endfacet
  facet normal 0.31109114077108935 -0.9503800829845618 0
    outer loop
      vertex 37.1053660998263 -8.117886113586241 4.2
      vertex 37.316815939428196 -8.048671519346174 10.2
      vertex 37.1053660998263 -8.117886113586241 10.2
    endloop
  endfacet
  facet normal -0.49052356815930176 0.8714279253502649 0
    outer loop
      vertex 39.838179872132685 -14.328677857064285 4.2
      vertex 39.838179872132685 -14.328677857064285 10.2
      vertex 40.032063664879345 -14.21954138454635 4.2
    endloop
  endfacet
  facet normal -0.5464674327630671 0.8374803549512924 0
    outer loop
      vertex 40.032063664879345 -14.21954138454635 4.2
      vertex 40.032063664879345 -14.21954138454635 10.2
      vertex 40.21839447072712 -14.097957974840902 4.2
    endloop
  endfacet
  facet normal -0.6000712399244736 0.7999465651001353 0
    outer loop
      vertex 40.21839447072712 -14.097957974840902 4.2
      vertex 40.21839447072712 -14.097957974840902 10.2
      vertex 40.396374392559366 -13.964448266774129 4.2
    endloop
  endfacet
  facet normal -0.6511054499119374 0.758987281247172 0
    outer loop
      vertex 40.396374392559366 -13.964448266774129 4.2
      vertex 40.396374392559366 -13.964448266774129 10.2
      vertex 40.565241293026816 -13.819583969412752 4.2
    endloop
  endfacet
  facet normal -0.6993515264033644 0.7147778973340491 0
    outer loop
      vertex 40.565241293026816 -13.819583969412752 4.2
      vertex 40.565241293026816 -13.819583969412752 10.2
      vertex 40.72427205813674 -13.663985413918047 4.2
    endloop
  endfacet
  facet normal -0.7446028722923306 0.6675077247298427 0
    outer loop
      vertex 40.72427205813674 -13.663985413918047 4.2
      vertex 40.72427205813674 -13.663985413918047 10.2
      vertex 40.872785693738095 -13.498318897192565 4.2
    endloop
  endfacet
  facet normal -0.7866657143686271 0.6173791815706919 0
    outer loop
      vertex 40.872785693738095 -13.498318897192565 4.2
      vertex 40.872785693738095 -13.498318897192565 10.2
      vertex 41.01014624164301 -13.32329382869451 4.2
    endloop
  endfacet
  facet normal -0.8253599330848442 0.564606925974329 0
    outer loop
      vertex 41.01014624164301 -13.32329382869451 4.2
      vertex 41.01014624164301 -13.32329382869451 10.2
      vertex 41.135765502897385 -13.139659692637533 4.2
    endloop
  endfacet
  facet normal -0.8605198338560951 0.5094169368408146 0
    outer loop
      vertex 41.135765502897385 -13.139659692637533 4.2
      vertex 41.135765502897385 -13.139659692637533 10.2
      vertex 41.24910555653909 -12.94820283858425 4.2
    endloop
  endfacet
  facet normal -0.891994856589311 0.4520455461767261 0
    outer loop
      vertex 41.24910555653909 -12.94820283858425 4.2
      vertex 41.24910555653909 -12.94820283858425 10.2
      vertex 41.34968106305818 -12.74974311417671 4.2
    endloop
  endfacet
  facet normal -0.9196502204050838 0.3927384270845938 0
    outer loop
      vertex 41.34968106305818 -12.74974311417671 4.2
      vertex 41.34968106305818 -12.74974311417671 10.2
      vertex 41.43706134269509 -12.545130354422916 4.2
    endloop
  endfacet
  facet normal -0.9433675007898348 0.3317495417533247 0
    outer loop
      vertex 41.43706134269509 -12.545130354422916 4.2
      vertex 41.43706134269509 -12.545130354422916 10.2
      vertex 41.51087221967754 -12.33524074257286 4.2
    endloop
  endfacet
  facet normal -0.9630451367077658 0.26934005395321486 0
    outer loop
      vertex 41.51087221967754 -12.33524074257286 4.2
      vertex 41.51087221967754 -12.33524074257286 10.2
      vertex 41.57079762449865 -12.12097305816732 4.2
    endloop
  endfacet
  facet normal -0.978598865500939 0.20577721069223132 0
    outer loop
      vertex 41.57079762449865 -12.12097305816732 4.2
      vertex 41.57079762449865 -12.12097305816732 10.2
      vertex 41.61658094737507 -11.903244828325896 4.2
    endloop
  endfacet
  facet normal -0.9899620837148017 0.14133319782361164 0
    outer loop
      vertex 41.61658094737507 -11.903244828325896 4.2
      vertex 41.61658094737507 -11.903244828325896 10.2
      vertex 41.64802613708946 -11.68298839875501 4.2
    endloop
  endfacet
  facet normal -0.9970861323044694 0.07628397450391682 0
    outer loop
      vertex 41.64802613708946 -11.68298839875501 4.2
      vertex 41.64802613708946 -11.68298839875501 10.2
      vertex 41.66499854051188 -11.461146941300473 4.2
    endloop
  endfacet
  facet normal -0.9999405050001497 0.010908091494185779 0
    outer loop
      vertex 41.66499854051188 -11.461146941300473 4.2
      vertex 41.66499854051188 -11.461146941300473 10.2
      vertex 41.66742547920526 -11.238670415140822 4.2
    endloop
  endfacet
  facet normal -0.9985129789397621 -0.054514501638025674 0
    outer loop
      vertex 41.66742547920526 -11.238670415140822 4.2
      vertex 41.66742547920526 -11.238670415140822 10.2
      vertex 41.655296560645496 -11.016511498916293 4.2
    endloop
  endfacet
  facet normal -0.9828549916652983 -0.1843802195426783 0
    outer loop
      vertex 41.58764101134134 -10.576946336868781 4.2
      vertex 41.62866372272396 -10.795621511212616 4.2
      vertex 41.62866372272396 -10.795621511212616 10.2
    endloop
  endfacet
  facet normal -0.9686915803565925 -0.24826723937371872 0
    outer loop
      vertex 41.58764101134134 -10.576946336868781 4.2
      vertex 41.58764101134134 -10.576946336868781 10.2
      vertex 41.532404092045724 -10.361422376552959 4.2
    endloop
  endfacet
  facet normal -0.9928096670090597 -0.11970365530492419 0
    outer loop
      vertex 41.655296560645496 -11.016511498916293 4.2
      vertex 41.655296560645496 -11.016511498916293 10.2
      vertex 41.62866372272396 -10.795621511212616 4.2
    endloop
  endfacet
  facet normal 0.2482672393737206 -0.968691580356592 0
    outer loop
      vertex 37.316815939428196 -8.048671519346174 4.2
      vertex 37.53233989974402 -7.993434600050557 4.2
      vertex 37.53233989974402 -7.993434600050557 10.2
    endloop
  endfacet
  facet normal 0.18438021954266143 -0.9828549916653017 0
    outer loop
      vertex 37.53233989974402 -7.993434600050557 4.2
      vertex 37.75101507408785 -7.952411888667944 4.2
      vertex 37.75101507408785 -7.952411888667944 10.2
    endloop
  endfacet
  facet normal 0.11970365530496258 -0.9928096670090549 0
    outer loop
      vertex 37.75101507408785 -7.952411888667944 4.2
      vertex 37.97190506179153 -7.925779050746396 4.2
      vertex 37.97190506179153 -7.925779050746396 10.2
    endloop
  endfacet
  facet normal 0.054514501638009756 -0.9985129789397629 0
    outer loop
      vertex 37.97190506179153 -7.925779050746396 4.2
      vertex 38.19406397801606 -7.913650132186639 4.2
      vertex 38.19406397801606 -7.913650132186639 10.2
    endloop
  endfacet
  facet normal -0.010908091494185692 -0.9999405050001497 0
    outer loop
      vertex 38.19406397801606 -7.913650132186639 4.2
      vertex 38.416540504175714 -7.916077070880014 4.2
      vertex 38.416540504175714 -7.916077070880014 10.2
    endloop
  endfacet
  facet normal -0.07628397450395832 -0.9970861323044662 0
    outer loop
      vertex 38.416540504175714 -7.916077070880014 4.2
      vertex 38.638381961630245 -7.933049474302445 4.2
      vertex 38.638381961630245 -7.933049474302445 10.2
    endloop
  endfacet
  facet normal -0.14133319782355966 -0.989962083714809 0
    outer loop
      vertex 38.638381961630245 -7.933049474302445 4.2
      vertex 38.85863839120113 -7.964494664016823 4.2
      vertex 38.85863839120113 -7.964494664016823 10.2
    endloop
  endfacet
  facet normal -0.26934005395321486 -0.9630451367077658 0
    outer loop
      vertex 39.07636662104255 -8.010277986893243 4.2
      vertex 39.290634305448094 -8.070203391714358 4.2
      vertex 39.290634305448094 -8.070203391714358 10.2
    endloop
  endfacet
  facet normal -0.20577721069224603 -0.9785988655009361 0
    outer loop
      vertex 38.85863839120113 -7.964494664016823 4.2
      vertex 39.07636662104255 -8.010277986893243 4.2
      vertex 39.07636662104255 -8.010277986893243 10.2
    endloop
  endfacet
  facet normal -0.8374803549513117 -0.5464674327630377 0
    outer loop
      vertex 41.17493494742158 -9.549011946512557 4.2
      vertex 41.17493494742158 -9.549011946512557 10.2
      vertex 41.05335153771614 -9.362681140664774 4.2
    endloop
  endfacet
  facet normal -0.7999465651001438 -0.6000712399244621 0
    outer loop
      vertex 40.91984182964937 -9.18470121883253 4.2
      vertex 41.05335153771614 -9.362681140664774 4.2
      vertex 41.05335153771614 -9.362681140664774 10.2
    endloop
  endfacet
  facet normal -0.3927384270845783 -0.9196502204050905 0
    outer loop
      vertex 39.70513667705194 -8.231394548333721 4.2
      vertex 39.70513667705194 -8.231394548333721 10.2
      vertex 39.50052391729815 -8.144014268696818 4.2
    endloop
  endfacet
  facet normal -0.33174954175336235 -0.9433675007898216 0
    outer loop
      vertex 39.290634305448094 -8.070203391714358 4.2
      vertex 39.50052391729815 -8.144014268696818 4.2
      vertex 39.50052391729815 -8.144014268696818 10.2
    endloop
  endfacet
  facet normal -0.45204554617671655 -0.8919948565893159 0
    outer loop
      vertex 39.70513667705194 -8.231394548333721 4.2
      vertex 39.90359640145948 -8.331970054852805 4.2
      vertex 39.90359640145948 -8.331970054852805 10.2
    endloop
  endfacet
  facet normal -0.5094169368408406 -0.8605198338560797 0
    outer loop
      vertex 39.90359640145948 -8.331970054852805 4.2
      vertex 40.09505325551277 -8.445310108494521 4.2
      vertex 40.09505325551277 -8.445310108494521 10.2
    endloop
  endfacet
  facet normal -0.5646069259742944 -0.8253599330848679 0
    outer loop
      vertex 40.27868739156975 -8.57092936974889 4.2
      vertex 40.27868739156975 -8.57092936974889 10.2
      vertex 40.09505325551277 -8.445310108494521 4.2
    endloop
  endfacet
  facet normal -0.6173791815706942 -0.7866657143686255 0
    outer loop
      vertex 40.27868739156975 -8.57092936974889 4.2
      vertex 40.453712460067806 -8.708289917653806 4.2
      vertex 40.453712460067806 -8.708289917653806 10.2
    endloop
  endfacet
  facet normal -0.667507724729851 -0.744602872292323 0
    outer loop
      vertex 40.619378976793286 -8.856803553255162 4.2
      vertex 40.619378976793286 -8.856803553255162 10.2
      vertex 40.453712460067806 -8.708289917653806 4.2
    endloop
  endfacet
  facet normal -0.7589872812471539 -0.6511054499119585 0
    outer loop
      vertex 40.91984182964937 -9.18470121883253 4.2
      vertex 40.91984182964937 -9.18470121883253 10.2
      vertex 40.77497753228799 -9.015834318365085 4.2
    endloop
  endfacet
  facet normal -0.7147778973340452 -0.6993515264033683 0
    outer loop
      vertex 40.619378976793286 -8.856803553255162 4.2
      vertex 40.77497753228799 -9.015834318365085 4.2
      vertex 40.77497753228799 -9.015834318365085 10.2
    endloop
  endfacet
  facet normal -0.9503800829845662 -0.31109114077107497 0
    outer loop
      vertex 41.532404092045724 -10.361422376552959 4.2
      vertex 41.532404092045724 -10.361422376552959 10.2
      vertex 41.46318949780566 -10.149972536951056 4.2
    endloop
  endfacet
  facet normal -0.9016439075888151 -0.432479206330168 0
    outer loop
      vertex 41.28407141993952 -9.742895739259216 4.2
      vertex 41.38029361613969 -9.943502278738624 4.2
      vertex 41.38029361613969 -9.943502278738624 10.2
    endloop
  endfacet
  facet normal -0.9279989121921824 -0.3725829021441081 0
    outer loop
      vertex 41.46318949780566 -10.149972536951056 4.2
      vertex 41.46318949780566 -10.149972536951056 10.2
      vertex 41.38029361613969 -9.943502278738624 4.2
    endloop
  endfacet
  facet normal -0.871427925350256 -0.49052356815931725 0
    outer loop
      vertex 41.28407141993952 -9.742895739259216 4.2
      vertex 41.28407141993952 -9.742895739259216 10.2
      vertex 41.17493494742158 -9.549011946512557 4.2
    endloop
  endfacet
  facet normal -0.49052356815930176 0.8714279253502649 0
    outer loop
      vertex 40.032063664879345 -14.21954138454635 4.2
      vertex 39.838179872132685 -14.328677857064285 10.2
      vertex 40.032063664879345 -14.21954138454635 10.2
    endloop
  endfacet
  facet normal -0.5464674327630671 0.8374803549512924 0
    outer loop
      vertex 40.21839447072712 -14.097957974840902 4.2
      vertex 40.032063664879345 -14.21954138454635 10.2
      vertex 40.21839447072712 -14.097957974840902 10.2
    endloop
  endfacet
  facet normal -0.6000712399244736 0.7999465651001353 0
    outer loop
      vertex 40.396374392559366 -13.964448266774129 4.2
      vertex 40.21839447072712 -14.097957974840902 10.2
      vertex 40.396374392559366 -13.964448266774129 10.2
    endloop
  endfacet
  facet normal -0.6511054499119374 0.758987281247172 0
    outer loop
      vertex 40.565241293026816 -13.819583969412752 4.2
      vertex 40.396374392559366 -13.964448266774129 10.2
      vertex 40.565241293026816 -13.819583969412752 10.2
    endloop
  endfacet
  facet normal -0.6993515264033644 0.7147778973340491 0
    outer loop
      vertex 40.72427205813674 -13.663985413918047 4.2
      vertex 40.565241293026816 -13.819583969412752 10.2
      vertex 40.72427205813674 -13.663985413918047 10.2
    endloop
  endfacet
  facet normal -0.7446028722923306 0.6675077247298427 0
    outer loop
      vertex 40.872785693738095 -13.498318897192565 4.2
      vertex 40.72427205813674 -13.663985413918047 10.2
      vertex 40.872785693738095 -13.498318897192565 10.2
    endloop
  endfacet
  facet normal -0.7866657143686271 0.6173791815706919 0
    outer loop
      vertex 41.01014624164301 -13.32329382869451 4.2
      vertex 40.872785693738095 -13.498318897192565 10.2
      vertex 41.01014624164301 -13.32329382869451 10.2
    endloop
  endfacet
  facet normal -0.8253599330848442 0.564606925974329 0
    outer loop
      vertex 41.135765502897385 -13.139659692637533 4.2
      vertex 41.01014624164301 -13.32329382869451 10.2
      vertex 41.135765502897385 -13.139659692637533 10.2
    endloop
  endfacet
  facet normal -0.8605198338560951 0.5094169368408146 0
    outer loop
      vertex 41.24910555653909 -12.94820283858425 4.2
      vertex 41.135765502897385 -13.139659692637533 10.2
      vertex 41.24910555653909 -12.94820283858425 10.2
    endloop
  endfacet
  facet normal -0.891994856589311 0.4520455461767261 0
    outer loop
      vertex 41.34968106305818 -12.74974311417671 4.2
      vertex 41.24910555653909 -12.94820283858425 10.2
      vertex 41.34968106305818 -12.74974311417671 10.2
    endloop
  endfacet
  facet normal -0.9196502204050838 0.3927384270845938 0
    outer loop
      vertex 41.43706134269509 -12.545130354422916 4.2
      vertex 41.34968106305818 -12.74974311417671 10.2
      vertex 41.43706134269509 -12.545130354422916 10.2
    endloop
  endfacet
  facet normal -0.9433675007898348 0.3317495417533247 0
    outer loop
      vertex 41.51087221967754 -12.33524074257286 4.2
      vertex 41.43706134269509 -12.545130354422916 10.2
      vertex 41.51087221967754 -12.33524074257286 10.2
    endloop
  endfacet
  facet normal -0.9630451367077658 0.26934005395321486 0
    outer loop
      vertex 41.57079762449865 -12.12097305816732 4.2
      vertex 41.51087221967754 -12.33524074257286 10.2
      vertex 41.57079762449865 -12.12097305816732 10.2
    endloop
  endfacet
  facet normal -0.978598865500939 0.20577721069223132 0
    outer loop
      vertex 41.61658094737507 -11.903244828325896 4.2
      vertex 41.57079762449865 -12.12097305816732 10.2
      vertex 41.61658094737507 -11.903244828325896 10.2
    endloop
  endfacet
  facet normal -0.9899620837148017 0.14133319782361164 0
    outer loop
      vertex 41.64802613708946 -11.68298839875501 4.2
      vertex 41.61658094737507 -11.903244828325896 10.2
      vertex 41.64802613708946 -11.68298839875501 10.2
    endloop
  endfacet
  facet normal -0.9970861323044694 0.07628397450391682 0
    outer loop
      vertex 41.66499854051188 -11.461146941300473 4.2
      vertex 41.64802613708946 -11.68298839875501 10.2
      vertex 41.66499854051188 -11.461146941300473 10.2
    endloop
  endfacet
  facet normal -0.9999405050001497 0.010908091494185779 0
    outer loop
      vertex 41.66742547920526 -11.238670415140822 4.2
      vertex 41.66499854051188 -11.461146941300473 10.2
      vertex 41.66742547920526 -11.238670415140822 10.2
    endloop
  endfacet
  facet normal -0.9828549916652983 -0.1843802195426783 0
    outer loop
      vertex 41.58764101134134 -10.576946336868781 4.2
      vertex 41.62866372272396 -10.795621511212616 10.2
      vertex 41.58764101134134 -10.576946336868781 10.2
    endloop
  endfacet
  facet normal -0.9985129789397621 -0.054514501638025674 0
    outer loop
      vertex 41.655296560645496 -11.016511498916293 4.2
      vertex 41.66742547920526 -11.238670415140822 10.2
      vertex 41.655296560645496 -11.016511498916293 10.2
    endloop
  endfacet
  facet normal -0.9928096670090597 -0.11970365530492419 0
    outer loop
      vertex 41.62866372272396 -10.795621511212616 4.2
      vertex 41.655296560645496 -11.016511498916293 10.2
      vertex 41.62866372272396 -10.795621511212616 10.2
    endloop
  endfacet
  facet normal 0.2482672393737206 -0.968691580356592 0
    outer loop
      vertex 37.316815939428196 -8.048671519346174 4.2
      vertex 37.53233989974402 -7.993434600050557 10.2
      vertex 37.316815939428196 -8.048671519346174 10.2
    endloop
  endfacet
  facet normal 0.18438021954266143 -0.9828549916653017 0
    outer loop
      vertex 37.53233989974402 -7.993434600050557 4.2
      vertex 37.75101507408785 -7.952411888667944 10.2
      vertex 37.53233989974402 -7.993434600050557 10.2
    endloop
  endfacet
  facet normal 0.11970365530496258 -0.9928096670090549 0
    outer loop
      vertex 37.75101507408785 -7.952411888667944 4.2
      vertex 37.97190506179153 -7.925779050746396 10.2
      vertex 37.75101507408785 -7.952411888667944 10.2
    endloop
  endfacet
  facet normal 0.054514501638009756 -0.9985129789397629 0
    outer loop
      vertex 37.97190506179153 -7.925779050746396 4.2
      vertex 38.19406397801606 -7.913650132186639 10.2
      vertex 37.97190506179153 -7.925779050746396 10.2
    endloop
  endfacet
  facet normal -0.010908091494185692 -0.9999405050001497 0
    outer loop
      vertex 38.19406397801606 -7.913650132186639 4.2
      vertex 38.416540504175714 -7.916077070880014 10.2
      vertex 38.19406397801606 -7.913650132186639 10.2
    endloop
  endfacet
  facet normal -0.07628397450395832 -0.9970861323044662 0
    outer loop
      vertex 38.416540504175714 -7.916077070880014 4.2
      vertex 38.638381961630245 -7.933049474302445 10.2
      vertex 38.416540504175714 -7.916077070880014 10.2
    endloop
  endfacet
  facet normal -0.14133319782355966 -0.989962083714809 0
    outer loop
      vertex 38.638381961630245 -7.933049474302445 4.2
      vertex 38.85863839120113 -7.964494664016823 10.2
      vertex 38.638381961630245 -7.933049474302445 10.2
    endloop
  endfacet
  facet normal -0.20577721069224603 -0.9785988655009361 0
    outer loop
      vertex 38.85863839120113 -7.964494664016823 4.2
      vertex 39.07636662104255 -8.010277986893243 10.2
      vertex 38.85863839120113 -7.964494664016823 10.2
    endloop
  endfacet
  facet normal -0.26934005395321486 -0.9630451367077658 0
    outer loop
      vertex 39.07636662104255 -8.010277986893243 4.2
      vertex 39.290634305448094 -8.070203391714358 10.2
      vertex 39.07636662104255 -8.010277986893243 10.2
    endloop
  endfacet
  facet normal -0.8374803549513117 -0.5464674327630377 0
    outer loop
      vertex 41.05335153771614 -9.362681140664774 4.2
      vertex 41.17493494742158 -9.549011946512557 10.2
      vertex 41.05335153771614 -9.362681140664774 10.2
    endloop
  endfacet
  facet normal -0.7999465651001438 -0.6000712399244621 0
    outer loop
      vertex 40.91984182964937 -9.18470121883253 4.2
      vertex 41.05335153771614 -9.362681140664774 10.2
      vertex 40.91984182964937 -9.18470121883253 10.2
    endloop
  endfacet
  facet normal -0.33174954175336235 -0.9433675007898216 0
    outer loop
      vertex 39.290634305448094 -8.070203391714358 4.2
      vertex 39.50052391729815 -8.144014268696818 10.2
      vertex 39.290634305448094 -8.070203391714358 10.2
    endloop
  endfacet
  facet normal -0.3927384270845783 -0.9196502204050905 0
    outer loop
      vertex 39.50052391729815 -8.144014268696818 4.2
      vertex 39.70513667705194 -8.231394548333721 10.2
      vertex 39.50052391729815 -8.144014268696818 10.2
    endloop
  endfacet
  facet normal -0.45204554617671655 -0.8919948565893159 0
    outer loop
      vertex 39.70513667705194 -8.231394548333721 4.2
      vertex 39.90359640145948 -8.331970054852805 10.2
      vertex 39.70513667705194 -8.231394548333721 10.2
    endloop
  endfacet
  facet normal -0.5094169368408406 -0.8605198338560797 0
    outer loop
      vertex 39.90359640145948 -8.331970054852805 4.2
      vertex 40.09505325551277 -8.445310108494521 10.2
      vertex 39.90359640145948 -8.331970054852805 10.2
    endloop
  endfacet
  facet normal -0.5646069259742944 -0.8253599330848679 0
    outer loop
      vertex 40.09505325551277 -8.445310108494521 4.2
      vertex 40.27868739156975 -8.57092936974889 10.2
      vertex 40.09505325551277 -8.445310108494521 10.2
    endloop
  endfacet
  facet normal -0.6173791815706942 -0.7866657143686255 0
    outer loop
      vertex 40.27868739156975 -8.57092936974889 4.2
      vertex 40.453712460067806 -8.708289917653806 10.2
      vertex 40.27868739156975 -8.57092936974889 10.2
    endloop
  endfacet
  facet normal -0.667507724729851 -0.744602872292323 0
    outer loop
      vertex 40.453712460067806 -8.708289917653806 4.2
      vertex 40.619378976793286 -8.856803553255162 10.2
      vertex 40.453712460067806 -8.708289917653806 10.2
    endloop
  endfacet
  facet normal -0.7589872812471539 -0.6511054499119585 0
    outer loop
      vertex 40.77497753228799 -9.015834318365085 4.2
      vertex 40.91984182964937 -9.18470121883253 10.2
      vertex 40.77497753228799 -9.015834318365085 10.2
    endloop
  endfacet
  facet normal -0.7147778973340452 -0.6993515264033683 0
    outer loop
      vertex 40.619378976793286 -8.856803553255162 4.2
      vertex 40.77497753228799 -9.015834318365085 10.2
      vertex 40.619378976793286 -8.856803553255162 10.2
    endloop
  endfacet
  facet normal -0.9686915803565925 -0.24826723937371872 0
    outer loop
      vertex 41.532404092045724 -10.361422376552959 4.2
      vertex 41.58764101134134 -10.576946336868781 10.2
      vertex 41.532404092045724 -10.361422376552959 10.2
    endloop
  endfacet
  facet normal -0.9503800829845662 -0.31109114077107497 0
    outer loop
      vertex 41.46318949780566 -10.149972536951056 4.2
      vertex 41.532404092045724 -10.361422376552959 10.2
      vertex 41.46318949780566 -10.149972536951056 10.2
    endloop
  endfacet
  facet normal -0.9279989121921824 -0.3725829021441081 0
    outer loop
      vertex 41.38029361613969 -9.943502278738624 4.2
      vertex 41.46318949780566 -10.149972536951056 10.2
      vertex 41.38029361613969 -9.943502278738624 10.2
    endloop
  endfacet
  facet normal -0.9016439075888151 -0.432479206330168 0
    outer loop
      vertex 41.28407141993952 -9.742895739259216 4.2
      vertex 41.38029361613969 -9.943502278738624 10.2
      vertex 41.28407141993952 -9.742895739259216 10.2
    endloop
  endfacet
  facet normal -0.871427925350256 -0.49052356815931725 0
    outer loop
      vertex 41.17493494742158 -9.549011946512557 4.2
      vertex 41.28407141993952 -9.742895739259216 10.2
      vertex 41.17493494742158 -9.549011946512557 10.2
    endloop
  endfacet
  facet normal 0.5094169368408487 0.8605198338560749 0
    outer loop
      vertex 37.510090909205104 10.296309488733373 4.2
      vertex 37.510090909205104 10.296309488733373 10.2
      vertex 37.70154776325838 10.182969435091659 4.2
    endloop
  endfacet
  facet normal 0.4520455461767294 0.8919948565893092 0
    outer loop
      vertex 37.90000748766592 10.082393928572575 4.2
      vertex 37.70154776325838 10.182969435091659 4.2
      vertex 37.70154776325838 10.182969435091659 10.2
    endloop
  endfacet
  facet normal 0.39273842708455525 0.9196502204051004 0
    outer loop
      vertex 37.90000748766592 10.082393928572575 4.2
      vertex 37.90000748766592 10.082393928572575 10.2
      vertex 38.10462024741972 9.995013648935672 4.2
    endloop
  endfacet
  facet normal 0.33174954175336524 0.9433675007898206 0
    outer loop
      vertex 38.10462024741972 9.995013648935672 4.2
      vertex 38.10462024741972 9.995013648935672 10.2
      vertex 38.31450985926977 9.921202771953213 4.2
    endloop
  endfacet
  facet normal 0.1413331978235714 0.9899620837148073 0
    outer loop
      vertex 38.74650577351674 9.815494044255678 4.2
      vertex 38.74650577351674 9.815494044255678 10.2
      vertex 38.966762203087626 9.784048854541297 4.2
    endloop
  endfacet
  facet normal 0.0762839745039504 0.9970861323044669 0
    outer loop
      vertex 38.966762203087626 9.784048854541297 4.2
      vertex 38.966762203087626 9.784048854541297 10.2
      vertex 39.18860366054216 9.767076451118868 4.2
    endloop
  endfacet
  facet normal 0.2693400539532214 0.9630451367077639 0
    outer loop
      vertex 38.31450985926977 9.921202771953213 4.2
      vertex 38.31450985926977 9.921202771953213 10.2
      vertex 38.52877754367532 9.861277367132095 4.2
    endloop
  endfacet
  facet normal 0.20577721069223454 0.9785988655009383 0
    outer loop
      vertex 38.74650577351674 9.815494044255678 4.2
      vertex 38.52877754367532 9.861277367132095 4.2
      vertex 38.52877754367532 9.861277367132095 10.2
    endloop
  endfacet
  facet normal 0.010908091494169726 0.99994050500015 0
    outer loop
      vertex 39.18860366054216 9.767076451118868 4.2
      vertex 39.18860366054216 9.767076451118868 10.2
      vertex 39.41108018670181 9.764649512425496 4.2
    endloop
  endfacet
  facet normal -0.0545145016380018 0.9985129789397634 0
    outer loop
      vertex 39.41108018670181 9.764649512425496 4.2
      vertex 39.41108018670181 9.764649512425496 10.2
      vertex 39.63323910292634 9.776778430985251 4.2
    endloop
  endfacet
  facet normal -0.11970365530496638 0.9928096670090545 0
    outer loop
      vertex 39.63323910292634 9.776778430985251 4.2
      vertex 39.63323910292634 9.776778430985251 10.2
      vertex 39.85412909063001 9.8034112689068 4.2
    endloop
  endfacet
  facet normal -0.18438021954266143 0.9828549916653017 0
    outer loop
      vertex 39.85412909063001 9.8034112689068 4.2
      vertex 39.85412909063001 9.8034112689068 10.2
      vertex 40.07280426497385 9.844433980289413 4.2
    endloop
  endfacet
  facet normal -0.24826723937371295 0.9686915803565939 0
    outer loop
      vertex 40.07280426497385 9.844433980289413 4.2
      vertex 40.07280426497385 9.844433980289413 10.2
      vertex 40.288328225289675 9.899670899585029 4.2
    endloop
  endfacet
  facet normal -0.31109114077108935 0.9503800829845618 0
    outer loop
      vertex 40.288328225289675 9.899670899585029 4.2
      vertex 40.288328225289675 9.899670899585029 10.2
      vertex 40.49977806489157 9.968885493825097 4.2
    endloop
  endfacet
  facet normal -0.3725829021441054 0.9279989121921837 0
    outer loop
      vertex 40.49977806489157 9.968885493825097 4.2
      vertex 40.49977806489157 9.968885493825097 10.2
      vertex 40.706248323104006 10.051781375491066 4.2
    endloop
  endfacet
  facet normal -0.43247920633016496 0.9016439075888167 0
    outer loop
      vertex 40.706248323104006 10.051781375491066 4.2
      vertex 40.706248323104006 10.051781375491066 10.2
      vertex 40.906854862583415 10.148003571691232 4.2
    endloop
  endfacet
  facet normal -0.49052356815930176 0.8714279253502649 0
    outer loop
      vertex 40.906854862583415 10.148003571691232 4.2
      vertex 40.906854862583415 10.148003571691232 10.2
      vertex 41.100738655330076 10.257140044209168 4.2
    endloop
  endfacet
  facet normal -0.5464674327630469 0.8374803549513057 0
    outer loop
      vertex 41.100738655330076 10.257140044209168 4.2
      vertex 41.100738655330076 10.257140044209168 10.2
      vertex 41.28706946117786 10.378723453914613 4.2
    endloop
  endfacet
  facet normal -0.600071239924494 0.7999465651001197 0
    outer loop
      vertex 41.28706946117786 10.378723453914613 4.2
      vertex 41.28706946117786 10.378723453914613 10.2
      vertex 41.4650493830101 10.512233161981388 4.2
    endloop
  endfacet
  facet normal -0.6511054499119328 0.7589872812471758 0
    outer loop
      vertex 41.4650493830101 10.512233161981388 4.2
      vertex 41.4650493830101 10.512233161981388 10.2
      vertex 41.63391628347755 10.657097459342763 4.2
    endloop
  endfacet
  facet normal -0.6993515264033803 0.7147778973340334 0
    outer loop
      vertex 41.63391628347755 10.657097459342763 4.2
      vertex 41.63391628347755 10.657097459342763 10.2
      vertex 41.792947048587465 10.812696014837469 4.2
    endloop
  endfacet
  facet normal -0.7446028722923146 0.6675077247298603 0
    outer loop
      vertex 41.792947048587465 10.812696014837469 4.2
      vertex 41.792947048587465 10.812696014837469 10.2
      vertex 41.941460684188826 10.97836253156295 4.2
    endloop
  endfacet
  facet normal -0.7866657143686117 0.6173791815707118 0
    outer loop
      vertex 41.941460684188826 10.97836253156295 4.2
      vertex 41.941460684188826 10.97836253156295 10.2
      vertex 42.078821232093745 11.153387600061006 4.2
    endloop
  endfacet
  facet normal -0.8253599330848765 0.5646069259742819 0
    outer loop
      vertex 42.078821232093745 11.153387600061006 4.2
      vertex 42.078821232093745 11.153387600061006 10.2
      vertex 42.20444049334811 11.337021736117984 4.2
    endloop
  endfacet
  facet normal -0.8605198338560811 0.5094169368408382 0
    outer loop
      vertex 42.20444049334811 11.337021736117984 4.2
      vertex 42.20444049334811 11.337021736117984 10.2
      vertex 42.31778054698982 11.528478590171268 4.2
    endloop
  endfacet
  facet normal -0.8919948565893093 0.4520455461767293 0
    outer loop
      vertex 42.31778054698982 11.528478590171268 4.2
      vertex 42.31778054698982 11.528478590171268 10.2
      vertex 42.41835605350891 11.726938314578806 4.2
    endloop
  endfacet
  facet normal -0.9196502204050826 0.39273842708459666 0
    outer loop
      vertex 42.41835605350891 11.726938314578806 4.2
      vertex 42.41835605350891 11.726938314578806 10.2
      vertex 42.50573633314582 11.931551074332598 4.2
    endloop
  endfacet
  facet normal -0.9433675007898267 0.33174954175334814 0
    outer loop
      vertex 42.50573633314582 11.931551074332598 4.2
      vertex 42.50573633314582 11.931551074332598 10.2
      vertex 42.579547210128275 12.141440686182657 4.2
    endloop
  endfacet
  facet normal -0.9630451367077735 0.26934005395318733 0
    outer loop
      vertex 42.579547210128275 12.141440686182657 4.2
      vertex 42.579547210128275 12.141440686182657 10.2
      vertex 42.63947261494938 12.355708370588196 4.2
    endloop
  endfacet
  facet normal -0.9785988655009333 0.2057772106922587 0
    outer loop
      vertex 42.63947261494938 12.355708370588196 4.2
      vertex 42.63947261494938 12.355708370588196 10.2
      vertex 42.68525593782581 12.573436600429623 4.2
    endloop
  endfacet
  facet normal -0.9899620837148058 0.14133319782358256 0
    outer loop
      vertex 42.68525593782581 12.573436600429623 4.2
      vertex 42.68525593782581 12.573436600429623 10.2
      vertex 42.71670112754019 12.793693030000506 4.2
    endloop
  endfacet
  facet normal -0.997086132304467 0.07628397450394796 0
    outer loop
      vertex 42.71670112754019 12.793693030000506 4.2
      vertex 42.71670112754019 12.793693030000506 10.2
      vertex 42.73367353096262 13.015534487455044 4.2
    endloop
  endfacet
  facet normal -0.9999405050001501 0.010908091494153935 0
    outer loop
      vertex 42.73367353096262 13.015534487455044 4.2
      vertex 42.73367353096262 13.015534487455044 10.2
      vertex 42.73610046965599 13.238011013614694 4.2
    endloop
  endfacet
  facet normal -0.9985129789397638 -0.05451450163799383 0
    outer loop
      vertex 42.73610046965599 13.238011013614694 4.2
      vertex 42.73610046965599 13.238011013614694 10.2
      vertex 42.723971551096234 13.460169929839223 4.2
    endloop
  endfacet
  facet normal -0.9928096670090559 -0.11970365530495376 0
    outer loop
      vertex 42.723971551096234 13.460169929839223 4.2
      vertex 42.723971551096234 13.460169929839223 10.2
      vertex 42.69733871317469 13.681059917542903 4.2
    endloop
  endfacet
  facet normal -0.9503800829845662 -0.31109114077107497 0
    outer loop
      vertex 42.601079082496454 14.115259052202557 4.2
      vertex 42.601079082496454 14.115259052202557 10.2
      vertex 42.53186448825639 14.32670889180446 4.2
    endloop
  endfacet
  facet normal -0.9279989121921824 -0.3725829021441081 0
    outer loop
      vertex 42.53186448825639 14.32670889180446 4.2
      vertex 42.53186448825639 14.32670889180446 10.2
      vertex 42.44896860659042 14.533179150016892 4.2
    endloop
  endfacet
  facet normal -0.9828549916652981 -0.18438021954267975 0
    outer loop
      vertex 42.69733871317469 13.681059917542903 4.2
      vertex 42.69733871317469 13.681059917542903 10.2
      vertex 42.65631600179207 13.899735091886736 4.2
    endloop
  endfacet
  facet normal -0.968691580356592 -0.2482672393737206 0
    outer loop
      vertex 42.65631600179207 13.899735091886736 4.2
      vertex 42.65631600179207 13.899735091886736 10.2
      vertex 42.601079082496454 14.115259052202557 4.2
    endloop
  endfacet
  facet normal -0.799946565100141 -0.600071239924466 0
    outer loop
      vertex 41.9885168201001 15.291980209922984 4.2
      vertex 42.12202652816687 15.114000288090741 4.2
      vertex 42.12202652816687 15.114000288090741 10.2
    endloop
  endfacet
  facet normal -0.7589872812471572 -0.6511054499119545 0
    outer loop
      vertex 41.84365252273872 15.46084711039043 4.2
      vertex 41.9885168201001 15.291980209922984 4.2
      vertex 41.9885168201001 15.291980209922984 10.2
    endloop
  endfacet
  facet normal -0.7147778973340452 -0.6993515264033683 0
    outer loop
      vertex 41.68805396724402 15.619877875500354 4.2
      vertex 41.84365252273872 15.46084711039043 4.2
      vertex 41.84365252273872 15.46084711039043 10.2
    endloop
  endfacet
  facet normal -0.6675077247298554 -0.744602872292319 0
    outer loop
      vertex 41.68805396724402 15.619877875500354 4.2
      vertex 41.68805396724402 15.619877875500354 10.2
      vertex 41.522387450518536 15.768391511101711 4.2
    endloop
  endfacet
  facet normal -0.9016439075888167 -0.43247920633016496 0
    outer loop
      vertex 42.44896860659042 14.533179150016892 4.2
      vertex 42.44896860659042 14.533179150016892 10.2
      vertex 42.35274641039025 14.733785689496301 4.2
    endloop
  endfacet
  facet normal -0.8714279253502678 -0.49052356815929643 0
    outer loop
      vertex 42.24360993787232 14.927669482242958 4.2
      vertex 42.35274641039025 14.733785689496301 4.2
      vertex 42.35274641039025 14.733785689496301 10.2
    endloop
  endfacet
  facet normal -0.837480354951297 -0.5464674327630601 0
    outer loop
      vertex 42.24360993787232 14.927669482242958 4.2
      vertex 42.24360993787232 14.927669482242958 10.2
      vertex 42.12202652816687 15.114000288090741 4.2
    endloop
  endfacet
  facet normal -0.5646069259742944 -0.8253599330848679 0
    outer loop
      vertex 41.1637282459635 16.031371320260995 4.2
      vertex 41.34736238202048 15.905752059006625 4.2
      vertex 41.34736238202048 15.905752059006625 10.2
    endloop
  endfacet
  facet normal -0.6173791815706892 -0.7866657143686293 0
    outer loop
      vertex 41.34736238202048 15.905752059006625 4.2
      vertex 41.522387450518536 15.768391511101711 4.2
      vertex 41.522387450518536 15.768391511101711 10.2
    endloop
  endfacet
  facet normal 0.5094169368408487 0.8605198338560749 0
    outer loop
      vertex 37.70154776325838 10.182969435091659 4.2
      vertex 37.510090909205104 10.296309488733373 10.2
      vertex 37.70154776325838 10.182969435091659 10.2
    endloop
  endfacet
  facet normal 0.4520455461767294 0.8919948565893092 0
    outer loop
      vertex 37.90000748766592 10.082393928572575 4.2
      vertex 37.70154776325838 10.182969435091659 10.2
      vertex 37.90000748766592 10.082393928572575 10.2
    endloop
  endfacet
  facet normal 0.33174954175336524 0.9433675007898206 0
    outer loop
      vertex 38.31450985926977 9.921202771953213 4.2
      vertex 38.10462024741972 9.995013648935672 10.2
      vertex 38.31450985926977 9.921202771953213 10.2
    endloop
  endfacet
  facet normal 0.39273842708455525 0.9196502204051004 0
    outer loop
      vertex 38.10462024741972 9.995013648935672 4.2
      vertex 37.90000748766592 10.082393928572575 10.2
      vertex 38.10462024741972 9.995013648935672 10.2
    endloop
  endfacet
  facet normal 0.1413331978235714 0.9899620837148073 0
    outer loop
      vertex 38.966762203087626 9.784048854541297 4.2
      vertex 38.74650577351674 9.815494044255678 10.2
      vertex 38.966762203087626 9.784048854541297 10.2
    endloop
  endfacet
  facet normal 0.0762839745039504 0.9970861323044669 0
    outer loop
      vertex 39.18860366054216 9.767076451118868 4.2
      vertex 38.966762203087626 9.784048854541297 10.2
      vertex 39.18860366054216 9.767076451118868 10.2
    endloop
  endfacet
  facet normal 0.2693400539532214 0.9630451367077639 0
    outer loop
      vertex 38.52877754367532 9.861277367132095 4.2
      vertex 38.31450985926977 9.921202771953213 10.2
      vertex 38.52877754367532 9.861277367132095 10.2
    endloop
  endfacet
  facet normal 0.20577721069223454 0.9785988655009383 0
    outer loop
      vertex 38.74650577351674 9.815494044255678 4.2
      vertex 38.52877754367532 9.861277367132095 10.2
      vertex 38.74650577351674 9.815494044255678 10.2
    endloop
  endfacet
  facet normal 0.010908091494169726 0.99994050500015 0
    outer loop
      vertex 39.41108018670181 9.764649512425496 4.2
      vertex 39.18860366054216 9.767076451118868 10.2
      vertex 39.41108018670181 9.764649512425496 10.2
    endloop
  endfacet
  facet normal -0.0545145016380018 0.9985129789397634 0
    outer loop
      vertex 39.63323910292634 9.776778430985251 4.2
      vertex 39.41108018670181 9.764649512425496 10.2
      vertex 39.63323910292634 9.776778430985251 10.2
    endloop
  endfacet
  facet normal -0.11970365530496638 0.9928096670090545 0
    outer loop
      vertex 39.85412909063001 9.8034112689068 4.2
      vertex 39.63323910292634 9.776778430985251 10.2
      vertex 39.85412909063001 9.8034112689068 10.2
    endloop
  endfacet
  facet normal -0.18438021954266143 0.9828549916653017 0
    outer loop
      vertex 40.07280426497385 9.844433980289413 4.2
      vertex 39.85412909063001 9.8034112689068 10.2
      vertex 40.07280426497385 9.844433980289413 10.2
    endloop
  endfacet
  facet normal -0.24826723937371295 0.9686915803565939 0
    outer loop
      vertex 40.288328225289675 9.899670899585029 4.2
      vertex 40.07280426497385 9.844433980289413 10.2
      vertex 40.288328225289675 9.899670899585029 10.2
    endloop
  endfacet
  facet normal -0.31109114077108935 0.9503800829845618 0
    outer loop
      vertex 40.49977806489157 9.968885493825097 4.2
      vertex 40.288328225289675 9.899670899585029 10.2
      vertex 40.49977806489157 9.968885493825097 10.2
    endloop
  endfacet
  facet normal -0.3725829021441054 0.9279989121921837 0
    outer loop
      vertex 40.706248323104006 10.051781375491066 4.2
      vertex 40.49977806489157 9.968885493825097 10.2
      vertex 40.706248323104006 10.051781375491066 10.2
    endloop
  endfacet
  facet normal -0.43247920633016496 0.9016439075888167 0
    outer loop
      vertex 40.906854862583415 10.148003571691232 4.2
      vertex 40.706248323104006 10.051781375491066 10.2
      vertex 40.906854862583415 10.148003571691232 10.2
    endloop
  endfacet
  facet normal -0.49052356815930176 0.8714279253502649 0
    outer loop
      vertex 41.100738655330076 10.257140044209168 4.2
      vertex 40.906854862583415 10.148003571691232 10.2
      vertex 41.100738655330076 10.257140044209168 10.2
    endloop
  endfacet
  facet normal -0.5464674327630469 0.8374803549513057 0
    outer loop
      vertex 41.28706946117786 10.378723453914613 4.2
      vertex 41.100738655330076 10.257140044209168 10.2
      vertex 41.28706946117786 10.378723453914613 10.2
    endloop
  endfacet
  facet normal -0.600071239924494 0.7999465651001197 0
    outer loop
      vertex 41.4650493830101 10.512233161981388 4.2
      vertex 41.28706946117786 10.378723453914613 10.2
      vertex 41.4650493830101 10.512233161981388 10.2
    endloop
  endfacet
  facet normal -0.6511054499119328 0.7589872812471758 0
    outer loop
      vertex 41.63391628347755 10.657097459342763 4.2
      vertex 41.4650493830101 10.512233161981388 10.2
      vertex 41.63391628347755 10.657097459342763 10.2
    endloop
  endfacet
  facet normal -0.6993515264033803 0.7147778973340334 0
    outer loop
      vertex 41.792947048587465 10.812696014837469 4.2
      vertex 41.63391628347755 10.657097459342763 10.2
      vertex 41.792947048587465 10.812696014837469 10.2
    endloop
  endfacet
  facet normal -0.7446028722923146 0.6675077247298603 0
    outer loop
      vertex 41.941460684188826 10.97836253156295 4.2
      vertex 41.792947048587465 10.812696014837469 10.2
      vertex 41.941460684188826 10.97836253156295 10.2
    endloop
  endfacet
  facet normal -0.7866657143686117 0.6173791815707118 0
    outer loop
      vertex 42.078821232093745 11.153387600061006 4.2
      vertex 41.941460684188826 10.97836253156295 10.2
      vertex 42.078821232093745 11.153387600061006 10.2
    endloop
  endfacet
  facet normal -0.8253599330848765 0.5646069259742819 0
    outer loop
      vertex 42.20444049334811 11.337021736117984 4.2
      vertex 42.078821232093745 11.153387600061006 10.2
      vertex 42.20444049334811 11.337021736117984 10.2
    endloop
  endfacet
  facet normal -0.8605198338560811 0.5094169368408382 0
    outer loop
      vertex 42.31778054698982 11.528478590171268 4.2
      vertex 42.20444049334811 11.337021736117984 10.2
      vertex 42.31778054698982 11.528478590171268 10.2
    endloop
  endfacet
  facet normal -0.8919948565893093 0.4520455461767293 0
    outer loop
      vertex 42.41835605350891 11.726938314578806 4.2
      vertex 42.31778054698982 11.528478590171268 10.2
      vertex 42.41835605350891 11.726938314578806 10.2
    endloop
  endfacet
  facet normal -0.9196502204050826 0.39273842708459666 0
    outer loop
      vertex 42.50573633314582 11.931551074332598 4.2
      vertex 42.41835605350891 11.726938314578806 10.2
      vertex 42.50573633314582 11.931551074332598 10.2
    endloop
  endfacet
  facet normal -0.9433675007898267 0.33174954175334814 0
    outer loop
      vertex 42.579547210128275 12.141440686182657 4.2
      vertex 42.50573633314582 11.931551074332598 10.2
      vertex 42.579547210128275 12.141440686182657 10.2
    endloop
  endfacet
  facet normal -0.9630451367077735 0.26934005395318733 0
    outer loop
      vertex 42.63947261494938 12.355708370588196 4.2
      vertex 42.579547210128275 12.141440686182657 10.2
      vertex 42.63947261494938 12.355708370588196 10.2
    endloop
  endfacet
  facet normal -0.9785988655009333 0.2057772106922587 0
    outer loop
      vertex 42.68525593782581 12.573436600429623 4.2
      vertex 42.63947261494938 12.355708370588196 10.2
      vertex 42.68525593782581 12.573436600429623 10.2
    endloop
  endfacet
  facet normal -0.9899620837148058 0.14133319782358256 0
    outer loop
      vertex 42.71670112754019 12.793693030000506 4.2
      vertex 42.68525593782581 12.573436600429623 10.2
      vertex 42.71670112754019 12.793693030000506 10.2
    endloop
  endfacet
  facet normal -0.997086132304467 0.07628397450394796 0
    outer loop
      vertex 42.73367353096262 13.015534487455044 4.2
      vertex 42.71670112754019 12.793693030000506 10.2
      vertex 42.73367353096262 13.015534487455044 10.2
    endloop
  endfacet
  facet normal -0.9999405050001501 0.010908091494153935 0
    outer loop
      vertex 42.73610046965599 13.238011013614694 4.2
      vertex 42.73367353096262 13.015534487455044 10.2
      vertex 42.73610046965599 13.238011013614694 10.2
    endloop
  endfacet
  facet normal -0.9985129789397638 -0.05451450163799383 0
    outer loop
      vertex 42.723971551096234 13.460169929839223 4.2
      vertex 42.73610046965599 13.238011013614694 10.2
      vertex 42.723971551096234 13.460169929839223 10.2
    endloop
  endfacet
  facet normal -0.9928096670090559 -0.11970365530495376 0
    outer loop
      vertex 42.69733871317469 13.681059917542903 4.2
      vertex 42.723971551096234 13.460169929839223 10.2
      vertex 42.69733871317469 13.681059917542903 10.2
    endloop
  endfacet
  facet normal -0.9503800829845662 -0.31109114077107497 0
    outer loop
      vertex 42.53186448825639 14.32670889180446 4.2
      vertex 42.601079082496454 14.115259052202557 10.2
      vertex 42.53186448825639 14.32670889180446 10.2
    endloop
  endfacet
  facet normal -0.9828549916652981 -0.18438021954267975 0
    outer loop
      vertex 42.65631600179207 13.899735091886736 4.2
      vertex 42.69733871317469 13.681059917542903 10.2
      vertex 42.65631600179207 13.899735091886736 10.2
    endloop
  endfacet
  facet normal -0.968691580356592 -0.2482672393737206 0
    outer loop
      vertex 42.601079082496454 14.115259052202557 4.2
      vertex 42.65631600179207 13.899735091886736 10.2
      vertex 42.601079082496454 14.115259052202557 10.2
    endloop
  endfacet
  facet normal -0.799946565100141 -0.600071239924466 0
    outer loop
      vertex 41.9885168201001 15.291980209922984 4.2
      vertex 42.12202652816687 15.114000288090741 10.2
      vertex 41.9885168201001 15.291980209922984 10.2
    endloop
  endfacet
  facet normal -0.7147778973340452 -0.6993515264033683 0
    outer loop
      vertex 41.68805396724402 15.619877875500354 4.2
      vertex 41.84365252273872 15.46084711039043 10.2
      vertex 41.68805396724402 15.619877875500354 10.2
    endloop
  endfacet
  facet normal -0.7589872812471572 -0.6511054499119545 0
    outer loop
      vertex 41.84365252273872 15.46084711039043 4.2
      vertex 41.9885168201001 15.291980209922984 10.2
      vertex 41.84365252273872 15.46084711039043 10.2
    endloop
  endfacet
  facet normal -0.9279989121921824 -0.3725829021441081 0
    outer loop
      vertex 42.44896860659042 14.533179150016892 4.2
      vertex 42.53186448825639 14.32670889180446 10.2
      vertex 42.44896860659042 14.533179150016892 10.2
    endloop
  endfacet
  facet normal -0.9016439075888167 -0.43247920633016496 0
    outer loop
      vertex 42.35274641039025 14.733785689496301 4.2
      vertex 42.44896860659042 14.533179150016892 10.2
      vertex 42.35274641039025 14.733785689496301 10.2
    endloop
  endfacet
  facet normal -0.8714279253502678 -0.49052356815929643 0
    outer loop
      vertex 42.24360993787232 14.927669482242958 4.2
      vertex 42.35274641039025 14.733785689496301 10.2
      vertex 42.24360993787232 14.927669482242958 10.2
    endloop
  endfacet
  facet normal -0.837480354951297 -0.5464674327630601 0
    outer loop
      vertex 42.12202652816687 15.114000288090741 4.2
      vertex 42.24360993787232 14.927669482242958 10.2
      vertex 42.12202652816687 15.114000288090741 10.2
    endloop
  endfacet
  facet normal -0.5646069259742944 -0.8253599330848679 0
    outer loop
      vertex 41.1637282459635 16.031371320260995 4.2
      vertex 41.34736238202048 15.905752059006625 10.2
      vertex 41.1637282459635 16.031371320260995 10.2
    endloop
  endfacet
  facet normal -0.6173791815706892 -0.7866657143686293 0
    outer loop
      vertex 41.34736238202048 15.905752059006625 4.2
      vertex 41.522387450518536 15.768391511101711 10.2
      vertex 41.34736238202048 15.905752059006625 10.2
    endloop
  endfacet
  facet normal -0.6675077247298554 -0.744602872292319 0
    outer loop
      vertex 41.522387450518536 15.768391511101711 4.2
      vertex 41.68805396724402 15.619877875500354 10.2
      vertex 41.522387450518536 15.768391511101711 10.2
    endloop
  endfacet
  facet normal 0.667507724729851 0.744602872292323 0
    outer loop
      vertex 79.5462875399322 8.708289917653806 4.2
      vertex 79.38062102320671 8.856803553255162 4.2
      vertex 79.38062102320671 8.856803553255162 10.2
    endloop
  endfacet
  facet normal 0.7589872812471539 0.6511054499119585 0
    outer loop
      vertex 79.22502246771201 9.015834318365085 4.2
      vertex 79.08015817035063 9.18470121883253 4.2
      vertex 79.08015817035063 9.18470121883253 10.2
    endloop
  endfacet
  facet normal 0.7147778973340452 0.6993515264033683 0
    outer loop
      vertex 79.22502246771201 9.015834318365085 4.2
      vertex 79.22502246771201 9.015834318365085 10.2
      vertex 79.38062102320671 8.856803553255162 4.2
    endloop
  endfacet
  facet normal 0.9503800829845662 0.31109114077107497 0
    outer loop
      vertex 78.53681050219434 10.149972536951056 4.2
      vertex 78.46759590795428 10.361422376552959 4.2
      vertex 78.46759590795428 10.361422376552959 10.2
    endloop
  endfacet
  facet normal 0.8374803549513263 0.5464674327630152 0
    outer loop
      vertex 78.94664846228386 9.362681140664774 4.2
      vertex 78.82506505257842 9.549011946512557 4.2
      vertex 78.82506505257842 9.549011946512557 10.2
    endloop
  endfacet
  facet normal 0.8714279253502424 0.4905235681593415 0
    outer loop
      vertex 78.82506505257842 9.549011946512557 4.2
      vertex 78.71592858006048 9.742895739259216 4.2
      vertex 78.71592858006048 9.742895739259216 10.2
    endloop
  endfacet
  facet normal 0.7999465651001438 0.6000712399244621 0
    outer loop
      vertex 78.94664846228386 9.362681140664774 4.2
      vertex 78.94664846228386 9.362681140664774 10.2
      vertex 79.08015817035063 9.18470121883253 4.2
    endloop
  endfacet
  facet normal 0.9016439075888277 0.4324792063301421 0
    outer loop
      vertex 78.61970638386032 9.943502278738624 4.2
      vertex 78.61970638386032 9.943502278738624 10.2
      vertex 78.71592858006048 9.742895739259216 4.2
    endloop
  endfacet
  facet normal 0.9279989121921715 0.37258290214413564 0
    outer loop
      vertex 78.61970638386032 9.943502278738624 4.2
      vertex 78.53681050219434 10.149972536951056 4.2
      vertex 78.53681050219434 10.149972536951056 10.2
    endloop
  endfacet
  facet normal 0.45204554617671655 0.8919948565893159 0
    outer loop
      vertex 80.09640359854052 8.331970054852805 4.2
      vertex 80.09640359854052 8.331970054852805 10.2
      vertex 80.29486332294806 8.231394548333721 4.2
    endloop
  endfacet
  facet normal 0.5094169368408406 0.8605198338560797 0
    outer loop
      vertex 79.90494674448723 8.445310108494521 4.2
      vertex 79.90494674448723 8.445310108494521 10.2
      vertex 80.09640359854052 8.331970054852805 4.2
    endloop
  endfacet
  facet normal 0.3927384270845783 0.9196502204050905 0
    outer loop
      vertex 80.49947608270185 8.144014268696818 4.2
      vertex 80.29486332294806 8.231394548333721 4.2
      vertex 80.29486332294806 8.231394548333721 10.2
    endloop
  endfacet
  facet normal 0.6173791815706942 0.7866657143686255 0
    outer loop
      vertex 79.5462875399322 8.708289917653806 4.2
      vertex 79.5462875399322 8.708289917653806 10.2
      vertex 79.72131260843025 8.57092936974889 4.2
    endloop
  endfacet
  facet normal 0.5646069259742944 0.8253599330848679 0
    outer loop
      vertex 79.90494674448723 8.445310108494521 4.2
      vertex 79.72131260843025 8.57092936974889 4.2
      vertex 79.72131260843025 8.57092936974889 10.2
    endloop
  endfacet
  facet normal 0.33174954175336235 0.9433675007898216 0
    outer loop
      vertex 80.49947608270185 8.144014268696818 4.2
      vertex 80.49947608270185 8.144014268696818 10.2
      vertex 80.7093656945519 8.070203391714358 4.2
    endloop
  endfacet
  facet normal 0.26934005395321486 0.9630451367077658 0
    outer loop
      vertex 80.7093656945519 8.070203391714358 4.2
      vertex 80.7093656945519 8.070203391714358 10.2
      vertex 80.92363337895745 8.010277986893243 4.2
    endloop
  endfacet
  facet normal 0.20577721069225244 0.9785988655009346 0
    outer loop
      vertex 80.92363337895745 8.010277986893243 4.2
      vertex 80.92363337895745 8.010277986893243 10.2
      vertex 81.14136160879886 7.964494664016823 4.2
    endloop
  endfacet
  facet normal 0.1413331978235552 0.9899620837148096 0
    outer loop
      vertex 81.14136160879886 7.964494664016823 4.2
      vertex 81.14136160879886 7.964494664016823 10.2
      vertex 81.36161803836976 7.933049474302445 4.2
    endloop
  endfacet
  facet normal 0.07628397450395832 0.9970861323044662 0
    outer loop
      vertex 81.36161803836976 7.933049474302445 4.2
      vertex 81.36161803836976 7.933049474302445 10.2
      vertex 81.58345949582429 7.916077070880014 4.2
    endloop
  endfacet
  facet normal 0.010908091494185692 0.9999405050001497 0
    outer loop
      vertex 81.58345949582429 7.916077070880014 4.2
      vertex 81.58345949582429 7.916077070880014 10.2
      vertex 81.80593602198394 7.913650132186639 4.2
    endloop
  endfacet
  facet normal -0.054514501638009756 0.9985129789397629 0
    outer loop
      vertex 81.80593602198394 7.913650132186639 4.2
      vertex 81.80593602198394 7.913650132186639 10.2
      vertex 82.02809493820847 7.925779050746396 4.2
    endloop
  endfacet
  facet normal -0.11970365530496638 0.9928096670090545 0
    outer loop
      vertex 82.02809493820847 7.925779050746396 4.2
      vertex 82.02809493820847 7.925779050746396 10.2
      vertex 82.24898492591214 7.952411888667944 4.2
    endloop
  endfacet
  facet normal -0.18438021954265563 0.9828549916653027 0
    outer loop
      vertex 82.24898492591214 7.952411888667944 4.2
      vertex 82.24898492591214 7.952411888667944 10.2
      vertex 82.46766010025598 7.993434600050557 4.2
    endloop
  endfacet
  facet normal -0.2482672393737206 0.968691580356592 0
    outer loop
      vertex 82.46766010025598 7.993434600050557 4.2
      vertex 82.46766010025598 7.993434600050557 10.2
      vertex 82.6831840605718 8.048671519346174 4.2
    endloop
  endfacet
  facet normal -0.31109114077108935 0.9503800829845618 0
    outer loop
      vertex 82.6831840605718 8.048671519346174 4.2
      vertex 82.6831840605718 8.048671519346174 10.2
      vertex 82.8946339001737 8.117886113586241 4.2
    endloop
  endfacet
  facet normal -0.3725829021441054 0.9279989121921837 0
    outer loop
      vertex 82.8946339001737 8.117886113586241 4.2
      vertex 82.8946339001737 8.117886113586241 10.2
      vertex 83.10110415838614 8.20078199525221 4.2
    endloop
  endfacet
  facet normal -0.43247920633016496 0.9016439075888167 0
    outer loop
      vertex 83.10110415838614 8.20078199525221 4.2
      vertex 83.10110415838614 8.20078199525221 10.2
      vertex 83.30171069786554 8.297004191452377 4.2
    endloop
  endfacet
  facet normal 0.9686915803566002 0.24826723937368878 0
    outer loop
      vertex 78.46759590795428 10.361422376552959 4.2
      vertex 78.41235898865867 10.576946336868781 4.2
      vertex 78.41235898865867 10.576946336868781 10.2
    endloop
  endfacet
  facet normal 0.9828549916652927 0.18438021954270917 0
    outer loop
      vertex 78.37133627727604 10.795621511212616 4.2
      vertex 78.37133627727604 10.795621511212616 10.2
      vertex 78.41235898865867 10.576946336868781 4.2
    endloop
  endfacet
  facet normal 0.9928096670090597 0.11970365530492419 0
    outer loop
      vertex 78.37133627727604 10.795621511212616 4.2
      vertex 78.3447034393545 11.016511498916293 4.2
      vertex 78.3447034393545 11.016511498916293 10.2
    endloop
  endfacet
  facet normal 0.9985129789397603 0.05451450163805751 0
    outer loop
      vertex 78.3447034393545 11.016511498916293 4.2
      vertex 78.33257452079474 11.238670415140822 4.2
      vertex 78.33257452079474 11.238670415140822 10.2
    endloop
  endfacet
  facet normal 0.9999405050001491 -0.010908091494249645 0
    outer loop
      vertex 78.33257452079474 11.238670415140822 4.2
      vertex 78.33500145948813 11.461146941300473 4.2
      vertex 78.33500145948813 11.461146941300473 10.2
    endloop
  endfacet
  facet normal 0.9970861323044717 -0.07628397450388506 0
    outer loop
      vertex 78.33500145948813 11.461146941300473 4.2
      vertex 78.35197386291054 11.68298839875501 4.2
      vertex 78.35197386291054 11.68298839875501 10.2
    endloop
  endfacet
  facet normal 0.9899620837148017 -0.14133319782361164 0
    outer loop
      vertex 78.35197386291054 11.68298839875501 4.2
      vertex 78.38341905262493 11.903244828325896 4.2
      vertex 78.38341905262493 11.903244828325896 10.2
    endloop
  endfacet
  facet normal 0.978598865500939 -0.20577721069223132 0
    outer loop
      vertex 78.38341905262493 11.903244828325896 4.2
      vertex 78.42920237550135 12.12097305816732 4.2
      vertex 78.42920237550135 12.12097305816732 10.2
    endloop
  endfacet
  facet normal 0.9630451367077658 -0.26934005395321486 0
    outer loop
      vertex 78.42920237550135 12.12097305816732 4.2
      vertex 78.48912778032246 12.33524074257286 4.2
      vertex 78.48912778032246 12.33524074257286 10.2
    endloop
  endfacet
  facet normal 0.9433675007898348 -0.3317495417533247 0
    outer loop
      vertex 78.48912778032246 12.33524074257286 4.2
      vertex 78.56293865730491 12.545130354422916 4.2
      vertex 78.56293865730491 12.545130354422916 10.2
    endloop
  endfacet
  facet normal 0.9196502204050722 -0.39273842708462076 0
    outer loop
      vertex 78.56293865730491 12.545130354422916 4.2
      vertex 78.65031893694183 12.74974311417671 4.2
      vertex 78.65031893694183 12.74974311417671 10.2
    endloop
  endfacet
  facet normal 0.8919948565893239 -0.45204554617670073 0
    outer loop
      vertex 78.65031893694183 12.74974311417671 4.2
      vertex 78.75089444346091 12.94820283858425 4.2
      vertex 78.75089444346091 12.94820283858425 10.2
    endloop
  endfacet
  facet normal 0.8605198338560951 -0.5094169368408146 0
    outer loop
      vertex 78.75089444346091 12.94820283858425 4.2
      vertex 78.86423449710261 13.139659692637533 4.2
      vertex 78.86423449710261 13.139659692637533 10.2
    endloop
  endfacet
  facet normal 0.8253599330848591 -0.5646069259743073 0
    outer loop
      vertex 78.86423449710261 13.139659692637533 4.2
      vertex 78.98985375835699 13.32329382869451 4.2
      vertex 78.98985375835699 13.32329382869451 10.2
    endloop
  endfacet
  facet normal 0.7866657143686117 -0.6173791815707118 0
    outer loop
      vertex 78.98985375835699 13.32329382869451 4.2
      vertex 79.1272143062619 13.498318897192565 4.2
      vertex 79.1272143062619 13.498318897192565 10.2
    endloop
  endfacet
  facet normal 0.7446028722923146 -0.6675077247298603 0
    outer loop
      vertex 79.1272143062619 13.498318897192565 4.2
      vertex 79.27572794186327 13.663985413918047 4.2
      vertex 79.27572794186327 13.663985413918047 10.2
    endloop
  endfacet
  facet normal 0.6993515264033803 -0.7147778973340334 0
    outer loop
      vertex 79.27572794186327 13.663985413918047 4.2
      vertex 79.43475870697318 13.819583969412752 4.2
      vertex 79.43475870697318 13.819583969412752 10.2
    endloop
  endfacet
  facet normal 0.6511054499119374 -0.758987281247172 0
    outer loop
      vertex 79.43475870697318 13.819583969412752 4.2
      vertex 79.60362560744063 13.964448266774129 4.2
      vertex 79.60362560744063 13.964448266774129 10.2
    endloop
  endfacet
  facet normal 0.6000712399244736 -0.7999465651001353 0
    outer loop
      vertex 79.60362560744063 13.964448266774129 4.2
      vertex 79.78160552927288 14.097957974840902 4.2
      vertex 79.78160552927288 14.097957974840902 10.2
    endloop
  endfacet
  facet normal 0.5464674327630671 -0.8374803549512924 0
    outer loop
      vertex 79.78160552927288 14.097957974840902 4.2
      vertex 79.96793633512065 14.21954138454635 4.2
      vertex 79.96793633512065 14.21954138454635 10.2
    endloop
  endfacet
  facet normal 0.49052356815930176 -0.8714279253502649 0
    outer loop
      vertex 79.96793633512065 14.21954138454635 4.2
      vertex 80.16182012786732 14.328677857064285 4.2
      vertex 80.16182012786732 14.328677857064285 10.2
    endloop
  endfacet
  facet normal 0.7589872812471539 0.6511054499119585 0
    outer loop
      vertex 79.22502246771201 9.015834318365085 4.2
      vertex 79.08015817035063 9.18470121883253 10.2
      vertex 79.22502246771201 9.015834318365085 10.2
    endloop
  endfacet
  facet normal 0.7147778973340452 0.6993515264033683 0
    outer loop
      vertex 79.38062102320671 8.856803553255162 4.2
      vertex 79.22502246771201 9.015834318365085 10.2
      vertex 79.38062102320671 8.856803553255162 10.2
    endloop
  endfacet
  facet normal 0.9686915803566002 0.24826723937368878 0
    outer loop
      vertex 78.46759590795428 10.361422376552959 4.2
      vertex 78.41235898865867 10.576946336868781 10.2
      vertex 78.46759590795428 10.361422376552959 10.2
    endloop
  endfacet
  facet normal 0.8374803549513263 0.5464674327630152 0
    outer loop
      vertex 78.94664846228386 9.362681140664774 4.2
      vertex 78.82506505257842 9.549011946512557 10.2
      vertex 78.94664846228386 9.362681140664774 10.2
    endloop
  endfacet
  facet normal 0.9016439075888277 0.4324792063301421 0
    outer loop
      vertex 78.71592858006048 9.742895739259216 4.2
      vertex 78.61970638386032 9.943502278738624 10.2
      vertex 78.71592858006048 9.742895739259216 10.2
    endloop
  endfacet
  facet normal 0.8714279253502424 0.4905235681593415 0
    outer loop
      vertex 78.82506505257842 9.549011946512557 4.2
      vertex 78.71592858006048 9.742895739259216 10.2
      vertex 78.82506505257842 9.549011946512557 10.2
    endloop
  endfacet
  facet normal 0.7999465651001438 0.6000712399244621 0
    outer loop
      vertex 79.08015817035063 9.18470121883253 4.2
      vertex 78.94664846228386 9.362681140664774 10.2
      vertex 79.08015817035063 9.18470121883253 10.2
    endloop
  endfacet
  facet normal 0.9279989121921715 0.37258290214413564 0
    outer loop
      vertex 78.61970638386032 9.943502278738624 4.2
      vertex 78.53681050219434 10.149972536951056 10.2
      vertex 78.61970638386032 9.943502278738624 10.2
    endloop
  endfacet
  facet normal 0.9503800829845662 0.31109114077107497 0
    outer loop
      vertex 78.53681050219434 10.149972536951056 4.2
      vertex 78.46759590795428 10.361422376552959 10.2
      vertex 78.53681050219434 10.149972536951056 10.2
    endloop
  endfacet
  facet normal 0.5646069259742944 0.8253599330848679 0
    outer loop
      vertex 79.90494674448723 8.445310108494521 4.2
      vertex 79.72131260843025 8.57092936974889 10.2
      vertex 79.90494674448723 8.445310108494521 10.2
    endloop
  endfacet
  facet normal 0.5094169368408406 0.8605198338560797 0
    outer loop
      vertex 80.09640359854052 8.331970054852805 4.2
      vertex 79.90494674448723 8.445310108494521 10.2
      vertex 80.09640359854052 8.331970054852805 10.2
    endloop
  endfacet
  facet normal 0.45204554617671655 0.8919948565893159 0
    outer loop
      vertex 80.29486332294806 8.231394548333721 4.2
      vertex 80.09640359854052 8.331970054852805 10.2
      vertex 80.29486332294806 8.231394548333721 10.2
    endloop
  endfacet
  facet normal 0.6173791815706942 0.7866657143686255 0
    outer loop
      vertex 79.72131260843025 8.57092936974889 4.2
      vertex 79.5462875399322 8.708289917653806 10.2
      vertex 79.72131260843025 8.57092936974889 10.2
    endloop
  endfacet
  facet normal 0.667507724729851 0.744602872292323 0
    outer loop
      vertex 79.5462875399322 8.708289917653806 4.2
      vertex 79.38062102320671 8.856803553255162 10.2
      vertex 79.5462875399322 8.708289917653806 10.2
    endloop
  endfacet
  facet normal 0.3927384270845783 0.9196502204050905 0
    outer loop
      vertex 80.49947608270185 8.144014268696818 4.2
      vertex 80.29486332294806 8.231394548333721 10.2
      vertex 80.49947608270185 8.144014268696818 10.2
    endloop
  endfacet
  facet normal 0.33174954175336235 0.9433675007898216 0
    outer loop
      vertex 80.7093656945519 8.070203391714358 4.2
      vertex 80.49947608270185 8.144014268696818 10.2
      vertex 80.7093656945519 8.070203391714358 10.2
    endloop
  endfacet
  facet normal 0.26934005395321486 0.9630451367077658 0
    outer loop
      vertex 80.92363337895745 8.010277986893243 4.2
      vertex 80.7093656945519 8.070203391714358 10.2
      vertex 80.92363337895745 8.010277986893243 10.2
    endloop
  endfacet
  facet normal 0.20577721069225244 0.9785988655009346 0
    outer loop
      vertex 81.14136160879886 7.964494664016823 4.2
      vertex 80.92363337895745 8.010277986893243 10.2
      vertex 81.14136160879886 7.964494664016823 10.2
    endloop
  endfacet
  facet normal 0.1413331978235552 0.9899620837148096 0
    outer loop
      vertex 81.36161803836976 7.933049474302445 4.2
      vertex 81.14136160879886 7.964494664016823 10.2
      vertex 81.36161803836976 7.933049474302445 10.2
    endloop
  endfacet
  facet normal 0.07628397450395832 0.9970861323044662 0
    outer loop
      vertex 81.58345949582429 7.916077070880014 4.2
      vertex 81.36161803836976 7.933049474302445 10.2
      vertex 81.58345949582429 7.916077070880014 10.2
    endloop
  endfacet
  facet normal 0.010908091494185692 0.9999405050001497 0
    outer loop
      vertex 81.80593602198394 7.913650132186639 4.2
      vertex 81.58345949582429 7.916077070880014 10.2
      vertex 81.80593602198394 7.913650132186639 10.2
    endloop
  endfacet
  facet normal -0.054514501638009756 0.9985129789397629 0
    outer loop
      vertex 82.02809493820847 7.925779050746396 4.2
      vertex 81.80593602198394 7.913650132186639 10.2
      vertex 82.02809493820847 7.925779050746396 10.2
    endloop
  endfacet
  facet normal -0.11970365530496638 0.9928096670090545 0
    outer loop
      vertex 82.24898492591214 7.952411888667944 4.2
      vertex 82.02809493820847 7.925779050746396 10.2
      vertex 82.24898492591214 7.952411888667944 10.2
    endloop
  endfacet
  facet normal -0.18438021954265563 0.9828549916653027 0
    outer loop
      vertex 82.46766010025598 7.993434600050557 4.2
      vertex 82.24898492591214 7.952411888667944 10.2
      vertex 82.46766010025598 7.993434600050557 10.2
    endloop
  endfacet
  facet normal -0.2482672393737206 0.968691580356592 0
    outer loop
      vertex 82.6831840605718 8.048671519346174 4.2
      vertex 82.46766010025598 7.993434600050557 10.2
      vertex 82.6831840605718 8.048671519346174 10.2
    endloop
  endfacet
  facet normal -0.31109114077108935 0.9503800829845618 0
    outer loop
      vertex 82.8946339001737 8.117886113586241 4.2
      vertex 82.6831840605718 8.048671519346174 10.2
      vertex 82.8946339001737 8.117886113586241 10.2
    endloop
  endfacet
  facet normal -0.3725829021441054 0.9279989121921837 0
    outer loop
      vertex 83.10110415838614 8.20078199525221 4.2
      vertex 82.8946339001737 8.117886113586241 10.2
      vertex 83.10110415838614 8.20078199525221 10.2
    endloop
  endfacet
  facet normal -0.43247920633016496 0.9016439075888167 0
    outer loop
      vertex 83.30171069786554 8.297004191452377 4.2
      vertex 83.10110415838614 8.20078199525221 10.2
      vertex 83.30171069786554 8.297004191452377 10.2
    endloop
  endfacet
  facet normal 0.9828549916652927 0.18438021954270917 0
    outer loop
      vertex 78.41235898865867 10.576946336868781 4.2
      vertex 78.37133627727604 10.795621511212616 10.2
      vertex 78.41235898865867 10.576946336868781 10.2
    endloop
  endfacet
  facet normal 0.9928096670090597 0.11970365530492419 0
    outer loop
      vertex 78.37133627727604 10.795621511212616 4.2
      vertex 78.3447034393545 11.016511498916293 10.2
      vertex 78.37133627727604 10.795621511212616 10.2
    endloop
  endfacet
  facet normal 0.9985129789397603 0.05451450163805751 0
    outer loop
      vertex 78.3447034393545 11.016511498916293 4.2
      vertex 78.33257452079474 11.238670415140822 10.2
      vertex 78.3447034393545 11.016511498916293 10.2
    endloop
  endfacet
  facet normal 0.9999405050001491 -0.010908091494249645 0
    outer loop
      vertex 78.33257452079474 11.238670415140822 4.2
      vertex 78.33500145948813 11.461146941300473 10.2
      vertex 78.33257452079474 11.238670415140822 10.2
    endloop
  endfacet
  facet normal 0.9970861323044717 -0.07628397450388506 0
    outer loop
      vertex 78.33500145948813 11.461146941300473 4.2
      vertex 78.35197386291054 11.68298839875501 10.2
      vertex 78.33500145948813 11.461146941300473 10.2
    endloop
  endfacet
  facet normal 0.9899620837148017 -0.14133319782361164 0
    outer loop
      vertex 78.35197386291054 11.68298839875501 4.2
      vertex 78.38341905262493 11.903244828325896 10.2
      vertex 78.35197386291054 11.68298839875501 10.2
    endloop
  endfacet
  facet normal 0.978598865500939 -0.20577721069223132 0
    outer loop
      vertex 78.38341905262493 11.903244828325896 4.2
      vertex 78.42920237550135 12.12097305816732 10.2
      vertex 78.38341905262493 11.903244828325896 10.2
    endloop
  endfacet
  facet normal 0.9630451367077658 -0.26934005395321486 0
    outer loop
      vertex 78.42920237550135 12.12097305816732 4.2
      vertex 78.48912778032246 12.33524074257286 10.2
      vertex 78.42920237550135 12.12097305816732 10.2
    endloop
  endfacet
  facet normal 0.9433675007898348 -0.3317495417533247 0
    outer loop
      vertex 78.48912778032246 12.33524074257286 4.2
      vertex 78.56293865730491 12.545130354422916 10.2
      vertex 78.48912778032246 12.33524074257286 10.2
    endloop
  endfacet
  facet normal 0.9196502204050722 -0.39273842708462076 0
    outer loop
      vertex 78.56293865730491 12.545130354422916 4.2
      vertex 78.65031893694183 12.74974311417671 10.2
      vertex 78.56293865730491 12.545130354422916 10.2
    endloop
  endfacet
  facet normal 0.8919948565893239 -0.45204554617670073 0
    outer loop
      vertex 78.65031893694183 12.74974311417671 4.2
      vertex 78.75089444346091 12.94820283858425 10.2
      vertex 78.65031893694183 12.74974311417671 10.2
    endloop
  endfacet
  facet normal 0.8605198338560951 -0.5094169368408146 0
    outer loop
      vertex 78.75089444346091 12.94820283858425 4.2
      vertex 78.86423449710261 13.139659692637533 10.2
      vertex 78.75089444346091 12.94820283858425 10.2
    endloop
  endfacet
  facet normal 0.8253599330848591 -0.5646069259743073 0
    outer loop
      vertex 78.86423449710261 13.139659692637533 4.2
      vertex 78.98985375835699 13.32329382869451 10.2
      vertex 78.86423449710261 13.139659692637533 10.2
    endloop
  endfacet
  facet normal 0.7866657143686117 -0.6173791815707118 0
    outer loop
      vertex 78.98985375835699 13.32329382869451 4.2
      vertex 79.1272143062619 13.498318897192565 10.2
      vertex 78.98985375835699 13.32329382869451 10.2
    endloop
  endfacet
  facet normal 0.7446028722923146 -0.6675077247298603 0
    outer loop
      vertex 79.1272143062619 13.498318897192565 4.2
      vertex 79.27572794186327 13.663985413918047 10.2
      vertex 79.1272143062619 13.498318897192565 10.2
    endloop
  endfacet
  facet normal 0.6993515264033803 -0.7147778973340334 0
    outer loop
      vertex 79.27572794186327 13.663985413918047 4.2
      vertex 79.43475870697318 13.819583969412752 10.2
      vertex 79.27572794186327 13.663985413918047 10.2
    endloop
  endfacet
  facet normal 0.6511054499119374 -0.758987281247172 0
    outer loop
      vertex 79.43475870697318 13.819583969412752 4.2
      vertex 79.60362560744063 13.964448266774129 10.2
      vertex 79.43475870697318 13.819583969412752 10.2
    endloop
  endfacet
  facet normal 0.6000712399244736 -0.7999465651001353 0
    outer loop
      vertex 79.60362560744063 13.964448266774129 4.2
      vertex 79.78160552927288 14.097957974840902 10.2
      vertex 79.60362560744063 13.964448266774129 10.2
    endloop
  endfacet
  facet normal 0.5464674327630671 -0.8374803549512924 0
    outer loop
      vertex 79.78160552927288 14.097957974840902 4.2
      vertex 79.96793633512065 14.21954138454635 10.2
      vertex 79.78160552927288 14.097957974840902 10.2
    endloop
  endfacet
  facet normal 0.49052356815930176 -0.8714279253502649 0
    outer loop
      vertex 79.96793633512065 14.21954138454635 4.2
      vertex 80.16182012786732 14.328677857064285 10.2
      vertex 79.96793633512065 14.21954138454635 10.2
    endloop
  endfacet
  facet normal 0.7999465651001256 0.6000712399244864 0
    outer loop
      vertex 58.28355803986816 22.52652154516196 4.2
      vertex 58.28355803986816 22.52652154516196 10.2
      vertex 58.41706774793494 22.348541623329716 4.2
    endloop
  endfacet
  facet normal 0.8714279253502717 0.49052356815928966 0
    outer loop
      vertex 58.16197463016271 22.712852351009744 4.2
      vertex 58.05283815764478 22.906736143756405 4.2
      vertex 58.05283815764478 22.906736143756405 10.2
    endloop
  endfacet
  facet normal 0.8374803549512995 0.5464674327630564 0
    outer loop
      vertex 58.16197463016271 22.712852351009744 4.2
      vertex 58.16197463016271 22.712852351009744 10.2
      vertex 58.28355803986816 22.52652154516196 4.2
    endloop
  endfacet
  facet normal 0.9279989121921814 0.3725829021441109 0
    outer loop
      vertex 57.87372007977864 23.31381294144824 4.2
      vertex 57.87372007977864 23.31381294144824 10.2
      vertex 57.95661596144461 23.10734268323581 4.2
    endloop
  endfacet
  facet normal 0.9503800829845656 0.31109114077107736 0
    outer loop
      vertex 57.87372007977864 23.31381294144824 4.2
      vertex 57.80450548553858 23.52526278105014 4.2
      vertex 57.80450548553858 23.52526278105014 10.2
    endloop
  endfacet
  facet normal 0.9016439075888137 0.4324792063301712 0
    outer loop
      vertex 57.95661596144461 23.10734268323581 4.2
      vertex 57.95661596144461 23.10734268323581 10.2
      vertex 58.05283815764478 22.906736143756405 4.2
    endloop
  endfacet
  facet normal 0.5094169368408605 0.8605198338560679 0
    outer loop
      vertex 59.241856322071534 21.609150512991707 4.2
      vertex 59.241856322071534 21.609150512991707 10.2
      vertex 59.43331317612481 21.49581045934999 4.2
    endloop
  endfacet
  facet normal 0.7147778973340491 0.6993515264033644 0
    outer loop
      vertex 58.56193204529631 22.179674722862273 4.2
      vertex 58.56193204529631 22.179674722862273 10.2
      vertex 58.717530600791015 22.02064395775235 4.2
    endloop
  endfacet
  facet normal 0.6675077247298554 0.744602872292319 0
    outer loop
      vertex 58.717530600791015 22.02064395775235 4.2
      vertex 58.717530600791015 22.02064395775235 10.2
      vertex 58.883197117516495 21.87213032215099 4.2
    endloop
  endfacet
  facet normal 0.6173791815706942 0.7866657143686255 0
    outer loop
      vertex 58.883197117516495 21.87213032215099 4.2
      vertex 58.883197117516495 21.87213032215099 10.2
      vertex 59.058222186014554 21.734769774246075 4.2
    endloop
  endfacet
  facet normal 0.564606925974289 0.8253599330848717 0
    outer loop
      vertex 59.058222186014554 21.734769774246075 4.2
      vertex 59.058222186014554 21.734769774246075 10.2
      vertex 59.241856322071534 21.609150512991707 4.2
    endloop
  endfacet
  facet normal 0.4520455461767101 0.891994856589319 0
    outer loop
      vertex 59.43331317612481 21.49581045934999 4.2
      vertex 59.43331317612481 21.49581045934999 10.2
      vertex 59.631772900532354 21.395234952830908 4.2
    endloop
  endfacet
  facet normal 0.39273842708458023 0.9196502204050895 0
    outer loop
      vertex 59.631772900532354 21.395234952830908 4.2
      vertex 59.631772900532354 21.395234952830908 10.2
      vertex 59.83638566028615 21.307854673194 4.2
    endloop
  endfacet
  facet normal 0.26934005395323796 0.9630451367077594 0
    outer loop
      vertex 60.04627527213621 21.234043796211544 4.2
      vertex 60.04627527213621 21.234043796211544 10.2
      vertex 60.26054295654174 21.174118391390426 4.2
    endloop
  endfacet
  facet normal 0.33174954175334814 0.9433675007898267 0
    outer loop
      vertex 59.83638566028615 21.307854673194 4.2
      vertex 59.83638566028615 21.307854673194 10.2
      vertex 60.04627527213621 21.234043796211544 4.2
    endloop
  endfacet
  facet normal 0.7589872812471663 0.651105449911944 0
    outer loop
      vertex 58.56193204529631 22.179674722862273 4.2
      vertex 58.41706774793494 22.348541623329716 4.2
      vertex 58.41706774793494 22.348541623329716 10.2
    endloop
  endfacet
  facet normal 0.9686915803565929 0.24826723937371678 0
    outer loop
      vertex 57.80450548553858 23.52526278105014 4.2
      vertex 57.74926856624296 23.740786741365966 4.2
      vertex 57.74926856624296 23.740786741365966 10.2
    endloop
  endfacet
  facet normal 0.9828549916652981 0.18438021954267975 0
    outer loop
      vertex 57.74926856624296 23.740786741365966 4.2
      vertex 57.708245854860344 23.9594619157098 4.2
      vertex 57.708245854860344 23.9594619157098 10.2
    endloop
  endfacet
  facet normal 0.9928096670090559 0.11970365530495472 0
    outer loop
      vertex 57.708245854860344 23.9594619157098 4.2
      vertex 57.6816130169388 24.180351903413477 4.2
      vertex 57.6816130169388 24.180351903413477 10.2
    endloop
  endfacet
  facet normal 0.998512978939764 0.05451450163799297 0
    outer loop
      vertex 57.6816130169388 24.180351903413477 4.2
      vertex 57.669484098379044 24.40251081963801 4.2
      vertex 57.669484098379044 24.40251081963801 10.2
    endloop
  endfacet
  facet normal 0.9999405050001497 -0.010908091494185866 0
    outer loop
      vertex 57.669484098379044 24.40251081963801 4.2
      vertex 57.67191103707242 24.62498734579766 4.2
      vertex 57.67191103707242 24.62498734579766 10.2
    endloop
  endfacet
  facet normal 0.2057772106922281 0.9785988655009397 0
    outer loop
      vertex 60.26054295654174 21.174118391390426 4.2
      vertex 60.26054295654174 21.174118391390426 10.2
      vertex 60.47827118638317 21.12833506851401 4.2
    endloop
  endfacet
  facet normal 0.07628397450394796 0.997086132304467 0
    outer loop
      vertex 60.69852761595405 21.09688987879963 4.2
      vertex 60.69852761595405 21.09688987879963 10.2
      vertex 60.92036907340859 21.0799174753772 4.2
    endloop
  endfacet
  facet normal 0.14133319782356804 0.9899620837148078 0
    outer loop
      vertex 60.47827118638317 21.12833506851401 4.2
      vertex 60.47827118638317 21.12833506851401 10.2
      vertex 60.69852761595405 21.09688987879963 4.2
    endloop
  endfacet
  facet normal 0.010908091494185692 0.9999405050001497 0
    outer loop
      vertex 60.92036907340859 21.0799174753772 4.2
      vertex 60.92036907340859 21.0799174753772 10.2
      vertex 61.14284559956824 21.077490536683825 4.2
    endloop
  endfacet
  facet normal -0.054514501638009756 0.9985129789397629 0
    outer loop
      vertex 61.14284559956824 21.077490536683825 4.2
      vertex 61.14284559956824 21.077490536683825 10.2
      vertex 61.36500451579277 21.089619455243582 4.2
    endloop
  endfacet
  facet normal -0.11970365530495472 0.9928096670090559 0
    outer loop
      vertex 61.36500451579277 21.089619455243582 4.2
      vertex 61.36500451579277 21.089619455243582 10.2
      vertex 61.58589450349645 21.11625229316513 4.2
    endloop
  endfacet
  facet normal -0.18438021954266143 0.9828549916653017 0
    outer loop
      vertex 61.58589450349645 21.11625229316513 4.2
      vertex 61.58589450349645 21.11625229316513 10.2
      vertex 61.804569677840284 21.157275004547742 4.2
    endloop
  endfacet
  facet normal -0.2482672393737206 0.968691580356592 0
    outer loop
      vertex 61.804569677840284 21.157275004547742 4.2
      vertex 61.804569677840284 21.157275004547742 10.2
      vertex 62.020093638156105 21.21251192384336 4.2
    endloop
  endfacet
  facet normal -0.31109114077108707 0.9503800829845623 0
    outer loop
      vertex 62.020093638156105 21.21251192384336 4.2
      vertex 62.020093638156105 21.21251192384336 10.2
      vertex 62.23154347775801 21.281726518083428 4.2
    endloop
  endfacet
  facet normal -0.3725829021441026 0.9279989121921846 0
    outer loop
      vertex 62.23154347775801 21.281726518083428 4.2
      vertex 62.23154347775801 21.281726518083428 10.2
      vertex 62.438013735970436 21.364622399749393 4.2
    endloop
  endfacet
  facet normal -0.43247920633017795 0.9016439075888105 0
    outer loop
      vertex 62.438013735970436 21.364622399749393 4.2
      vertex 62.438013735970436 21.364622399749393 10.2
      vertex 62.638620275449846 21.460844595949563 4.2
    endloop
  endfacet
  facet normal -0.49052356815930176 0.8714279253502649 0
    outer loop
      vertex 62.638620275449846 21.460844595949563 4.2
      vertex 62.638620275449846 21.460844595949563 10.2
      vertex 62.832504068196506 21.5699810684675 4.2
    endloop
  endfacet
  facet normal -0.5464674327630524 0.8374803549513019 0
    outer loop
      vertex 62.832504068196506 21.5699810684675 4.2
      vertex 62.832504068196506 21.5699810684675 10.2
      vertex 63.01883487404429 21.691564478172946 4.2
    endloop
  endfacet
  facet normal -0.6000712399244684 0.799946565100139 0
    outer loop
      vertex 63.01883487404429 21.691564478172946 4.2
      vertex 63.01883487404429 21.691564478172946 10.2
      vertex 63.196814795876534 21.825074186239718 4.2
    endloop
  endfacet
  facet normal -0.6511054499119624 0.7589872812471504 0
    outer loop
      vertex 63.196814795876534 21.825074186239718 4.2
      vertex 63.196814795876534 21.825074186239718 10.2
      vertex 63.36568169634398 21.969938483601098 4.2
    endloop
  endfacet
  facet normal -0.6993515264033644 0.7147778973340491 0
    outer loop
      vertex 63.36568169634398 21.969938483601098 4.2
      vertex 63.36568169634398 21.969938483601098 10.2
      vertex 63.5247124614539 22.125537039095803 4.2
    endloop
  endfacet
  facet normal -0.7446028722923199 0.6675077247298545 0
    outer loop
      vertex 63.5247124614539 22.125537039095803 4.2
      vertex 63.5247124614539 22.125537039095803 10.2
      vertex 63.673226097055256 22.29120355582128 4.2
    endloop
  endfacet
  facet normal -0.7866657143686117 0.6173791815707118 0
    outer loop
      vertex 63.673226097055256 22.29120355582128 4.2
      vertex 63.673226097055256 22.29120355582128 10.2
      vertex 63.810586644960175 22.466228624319335 4.2
    endloop
  endfacet
  facet normal -0.8253599330848642 0.5646069259742998 0
    outer loop
      vertex 63.810586644960175 22.466228624319335 4.2
      vertex 63.810586644960175 22.466228624319335 10.2
      vertex 63.936205906214546 22.649862760376315 4.2
    endloop
  endfacet
  facet normal -0.8605198338560791 0.5094169368408418 0
    outer loop
      vertex 63.936205906214546 22.649862760376315 4.2
      vertex 63.936205906214546 22.649862760376315 10.2
      vertex 64.04954595985626 22.841319614429597 4.2
    endloop
  endfacet
  facet normal -0.8919948565893222 0.45204554617670395 0
    outer loop
      vertex 64.04954595985626 22.841319614429597 4.2
      vertex 64.04954595985626 22.841319614429597 10.2
      vertex 64.15012146637534 23.039779338837135 4.2
    endloop
  endfacet
  facet normal -0.9196502204050978 0.39273842708456097 0
    outer loop
      vertex 64.15012146637534 23.039779338837135 4.2
      vertex 64.15012146637534 23.039779338837135 10.2
      vertex 64.23750174601224 23.244392098590932 4.2
    endloop
  endfacet
  facet normal -0.9433675007898149 0.33174954175338156 0
    outer loop
      vertex 64.23750174601224 23.244392098590932 4.2
      vertex 64.23750174601224 23.244392098590932 10.2
      vertex 64.3113126229947 23.454281710440988 4.2
    endloop
  endfacet
  facet normal -0.9630451367077646 0.269340053953219 0
    outer loop
      vertex 64.3113126229947 23.454281710440988 4.2
      vertex 64.3113126229947 23.454281710440988 10.2
      vertex 64.37123802781582 23.668549394846526 4.2
    endloop
  endfacet
  facet normal -0.9785988655009397 0.2057772106922281 0
    outer loop
      vertex 64.37123802781582 23.668549394846526 4.2
      vertex 64.37123802781582 23.668549394846526 10.2
      vertex 64.41702135069224 23.886277624687953 4.2
    endloop
  endfacet
  facet normal -0.9899620837148104 0.14133319782355017 0
    outer loop
      vertex 64.41702135069224 23.886277624687953 4.2
      vertex 64.41702135069224 23.886277624687953 10.2
      vertex 64.44846654040661 24.106534054258837 4.2
    endloop
  endfacet
  facet normal -0.9970861323044669 0.07628397450394918 0
    outer loop
      vertex 64.44846654040661 24.106534054258837 4.2
      vertex 64.44846654040661 24.106534054258837 10.2
      vertex 64.46543894382904 24.32837551171337 4.2
    endloop
  endfacet
  facet normal 0.7999465651001256 0.6000712399244864 0
    outer loop
      vertex 58.41706774793494 22.348541623329716 4.2
      vertex 58.28355803986816 22.52652154516196 10.2
      vertex 58.41706774793494 22.348541623329716 10.2
    endloop
  endfacet
  facet normal 0.8714279253502717 0.49052356815928966 0
    outer loop
      vertex 58.16197463016271 22.712852351009744 4.2
      vertex 58.05283815764478 22.906736143756405 10.2
      vertex 58.16197463016271 22.712852351009744 10.2
    endloop
  endfacet
  facet normal 0.8374803549512995 0.5464674327630564 0
    outer loop
      vertex 58.28355803986816 22.52652154516196 4.2
      vertex 58.16197463016271 22.712852351009744 10.2
      vertex 58.28355803986816 22.52652154516196 10.2
    endloop
  endfacet
  facet normal 0.9503800829845656 0.31109114077107736 0
    outer loop
      vertex 57.87372007977864 23.31381294144824 4.2
      vertex 57.80450548553858 23.52526278105014 10.2
      vertex 57.87372007977864 23.31381294144824 10.2
    endloop
  endfacet
  facet normal 0.9016439075888137 0.4324792063301712 0
    outer loop
      vertex 58.05283815764478 22.906736143756405 4.2
      vertex 57.95661596144461 23.10734268323581 10.2
      vertex 58.05283815764478 22.906736143756405 10.2
    endloop
  endfacet
  facet normal 0.9279989121921814 0.3725829021441109 0
    outer loop
      vertex 57.95661596144461 23.10734268323581 4.2
      vertex 57.87372007977864 23.31381294144824 10.2
      vertex 57.95661596144461 23.10734268323581 10.2
    endloop
  endfacet
  facet normal 0.7589872812471663 0.651105449911944 0
    outer loop
      vertex 58.56193204529631 22.179674722862273 4.2
      vertex 58.41706774793494 22.348541623329716 10.2
      vertex 58.56193204529631 22.179674722862273 10.2
    endloop
  endfacet
  facet normal 0.7147778973340491 0.6993515264033644 0
    outer loop
      vertex 58.717530600791015 22.02064395775235 4.2
      vertex 58.56193204529631 22.179674722862273 10.2
      vertex 58.717530600791015 22.02064395775235 10.2
    endloop
  endfacet
  facet normal 0.6675077247298554 0.744602872292319 0
    outer loop
      vertex 58.883197117516495 21.87213032215099 4.2
      vertex 58.717530600791015 22.02064395775235 10.2
      vertex 58.883197117516495 21.87213032215099 10.2
    endloop
  endfacet
  facet normal 0.6173791815706942 0.7866657143686255 0
    outer loop
      vertex 59.058222186014554 21.734769774246075 4.2
      vertex 58.883197117516495 21.87213032215099 10.2
      vertex 59.058222186014554 21.734769774246075 10.2
    endloop
  endfacet
  facet normal 0.564606925974289 0.8253599330848717 0
    outer loop
      vertex 59.241856322071534 21.609150512991707 4.2
      vertex 59.058222186014554 21.734769774246075 10.2
      vertex 59.241856322071534 21.609150512991707 10.2
    endloop
  endfacet
  facet normal 0.4520455461767101 0.891994856589319 0
    outer loop
      vertex 59.631772900532354 21.395234952830908 4.2
      vertex 59.43331317612481 21.49581045934999 10.2
      vertex 59.631772900532354 21.395234952830908 10.2
    endloop
  endfacet
  facet normal 0.5094169368408605 0.8605198338560679 0
    outer loop
      vertex 59.43331317612481 21.49581045934999 4.2
      vertex 59.241856322071534 21.609150512991707 10.2
      vertex 59.43331317612481 21.49581045934999 10.2
    endloop
  endfacet
  facet normal 0.39273842708458023 0.9196502204050895 0
    outer loop
      vertex 59.83638566028615 21.307854673194 4.2
      vertex 59.631772900532354 21.395234952830908 10.2
      vertex 59.83638566028615 21.307854673194 10.2
    endloop
  endfacet
  facet normal 0.33174954175334814 0.9433675007898267 0
    outer loop
      vertex 59.83638566028615 21.307854673194 10.2
      vertex 60.04627527213621 21.234043796211544 10.2
      vertex 60.04627527213621 21.234043796211544 4.2
    endloop
  endfacet
  facet normal 0.26934005395323796 0.9630451367077594 0
    outer loop
      vertex 60.26054295654174 21.174118391390426 4.2
      vertex 60.04627527213621 21.234043796211544 10.2
      vertex 60.26054295654174 21.174118391390426 10.2
    endloop
  endfacet
  facet normal 0.9686915803565929 0.24826723937371678 0
    outer loop
      vertex 57.80450548553858 23.52526278105014 4.2
      vertex 57.74926856624296 23.740786741365966 10.2
      vertex 57.80450548553858 23.52526278105014 10.2
    endloop
  endfacet
  facet normal 0.9828549916652981 0.18438021954267975 0
    outer loop
      vertex 57.74926856624296 23.740786741365966 4.2
      vertex 57.708245854860344 23.9594619157098 10.2
      vertex 57.74926856624296 23.740786741365966 10.2
    endloop
  endfacet
  facet normal 0.9928096670090559 0.11970365530495472 0
    outer loop
      vertex 57.708245854860344 23.9594619157098 4.2
      vertex 57.6816130169388 24.180351903413477 10.2
      vertex 57.708245854860344 23.9594619157098 10.2
    endloop
  endfacet
  facet normal 0.998512978939764 0.05451450163799297 0
    outer loop
      vertex 57.6816130169388 24.180351903413477 4.2
      vertex 57.669484098379044 24.40251081963801 10.2
      vertex 57.6816130169388 24.180351903413477 10.2
    endloop
  endfacet
  facet normal 0.9999405050001497 -0.010908091494185866 0
    outer loop
      vertex 57.669484098379044 24.40251081963801 4.2
      vertex 57.67191103707242 24.62498734579766 10.2
      vertex 57.669484098379044 24.40251081963801 10.2
    endloop
  endfacet
  facet normal 0.2057772106922281 0.9785988655009397 0
    outer loop
      vertex 60.47827118638317 21.12833506851401 4.2
      vertex 60.26054295654174 21.174118391390426 10.2
      vertex 60.47827118638317 21.12833506851401 10.2
    endloop
  endfacet
  facet normal 0.14133319782356804 0.9899620837148078 0
    outer loop
      vertex 60.69852761595405 21.09688987879963 4.2
      vertex 60.47827118638317 21.12833506851401 10.2
      vertex 60.69852761595405 21.09688987879963 10.2
    endloop
  endfacet
  facet normal 0.07628397450394796 0.997086132304467 0
    outer loop
      vertex 60.92036907340859 21.0799174753772 4.2
      vertex 60.69852761595405 21.09688987879963 10.2
      vertex 60.92036907340859 21.0799174753772 10.2
    endloop
  endfacet
  facet normal 0.010908091494185692 0.9999405050001497 0
    outer loop
      vertex 61.14284559956824 21.077490536683825 4.2
      vertex 60.92036907340859 21.0799174753772 10.2
      vertex 61.14284559956824 21.077490536683825 10.2
    endloop
  endfacet
  facet normal -0.054514501638009756 0.9985129789397629 0
    outer loop
      vertex 61.36500451579277 21.089619455243582 4.2
      vertex 61.14284559956824 21.077490536683825 10.2
      vertex 61.36500451579277 21.089619455243582 10.2
    endloop
  endfacet
  facet normal -0.11970365530495472 0.9928096670090559 0
    outer loop
      vertex 61.58589450349645 21.11625229316513 4.2
      vertex 61.36500451579277 21.089619455243582 10.2
      vertex 61.58589450349645 21.11625229316513 10.2
    endloop
  endfacet
  facet normal -0.18438021954266143 0.9828549916653017 0
    outer loop
      vertex 61.804569677840284 21.157275004547742 4.2
      vertex 61.58589450349645 21.11625229316513 10.2
      vertex 61.804569677840284 21.157275004547742 10.2
    endloop
  endfacet
  facet normal -0.2482672393737206 0.968691580356592 0
    outer loop
      vertex 62.020093638156105 21.21251192384336 4.2
      vertex 61.804569677840284 21.157275004547742 10.2
      vertex 62.020093638156105 21.21251192384336 10.2
    endloop
  endfacet
  facet normal -0.31109114077108707 0.9503800829845623 0
    outer loop
      vertex 62.23154347775801 21.281726518083428 4.2
      vertex 62.020093638156105 21.21251192384336 10.2
      vertex 62.23154347775801 21.281726518083428 10.2
    endloop
  endfacet
  facet normal -0.3725829021441026 0.9279989121921846 0
    outer loop
      vertex 62.438013735970436 21.364622399749393 4.2
      vertex 62.23154347775801 21.281726518083428 10.2
      vertex 62.438013735970436 21.364622399749393 10.2
    endloop
  endfacet
  facet normal -0.43247920633017795 0.9016439075888105 0
    outer loop
      vertex 62.638620275449846 21.460844595949563 4.2
      vertex 62.438013735970436 21.364622399749393 10.2
      vertex 62.638620275449846 21.460844595949563 10.2
    endloop
  endfacet
  facet normal -0.49052356815930176 0.8714279253502649 0
    outer loop
      vertex 62.832504068196506 21.5699810684675 4.2
      vertex 62.638620275449846 21.460844595949563 10.2
      vertex 62.832504068196506 21.5699810684675 10.2
    endloop
  endfacet
  facet normal -0.5464674327630524 0.8374803549513019 0
    outer loop
      vertex 63.01883487404429 21.691564478172946 4.2
      vertex 62.832504068196506 21.5699810684675 10.2
      vertex 63.01883487404429 21.691564478172946 10.2
    endloop
  endfacet
  facet normal -0.6000712399244684 0.799946565100139 0
    outer loop
      vertex 63.196814795876534 21.825074186239718 4.2
      vertex 63.01883487404429 21.691564478172946 10.2
      vertex 63.196814795876534 21.825074186239718 10.2
    endloop
  endfacet
  facet normal -0.6511054499119624 0.7589872812471504 0
    outer loop
      vertex 63.36568169634398 21.969938483601098 4.2
      vertex 63.196814795876534 21.825074186239718 10.2
      vertex 63.36568169634398 21.969938483601098 10.2
    endloop
  endfacet
  facet normal -0.6993515264033644 0.7147778973340491 0
    outer loop
      vertex 63.5247124614539 22.125537039095803 4.2
      vertex 63.36568169634398 21.969938483601098 10.2
      vertex 63.5247124614539 22.125537039095803 10.2
    endloop
  endfacet
  facet normal -0.7446028722923199 0.6675077247298545 0
    outer loop
      vertex 63.673226097055256 22.29120355582128 4.2
      vertex 63.5247124614539 22.125537039095803 10.2
      vertex 63.673226097055256 22.29120355582128 10.2
    endloop
  endfacet
  facet normal -0.7866657143686117 0.6173791815707118 0
    outer loop
      vertex 63.810586644960175 22.466228624319335 4.2
      vertex 63.673226097055256 22.29120355582128 10.2
      vertex 63.810586644960175 22.466228624319335 10.2
    endloop
  endfacet
  facet normal -0.8253599330848642 0.5646069259742998 0
    outer loop
      vertex 63.936205906214546 22.649862760376315 4.2
      vertex 63.810586644960175 22.466228624319335 10.2
      vertex 63.936205906214546 22.649862760376315 10.2
    endloop
  endfacet
  facet normal -0.8605198338560791 0.5094169368408418 0
    outer loop
      vertex 64.04954595985626 22.841319614429597 4.2
      vertex 63.936205906214546 22.649862760376315 10.2
      vertex 64.04954595985626 22.841319614429597 10.2
    endloop
  endfacet
  facet normal -0.8919948565893222 0.45204554617670395 0
    outer loop
      vertex 64.15012146637534 23.039779338837135 4.2
      vertex 64.04954595985626 22.841319614429597 10.2
      vertex 64.15012146637534 23.039779338837135 10.2
    endloop
  endfacet
  facet normal -0.9196502204050978 0.39273842708456097 0
    outer loop
      vertex 64.23750174601224 23.244392098590932 4.2
      vertex 64.15012146637534 23.039779338837135 10.2
      vertex 64.23750174601224 23.244392098590932 10.2
    endloop
  endfacet
  facet normal -0.9433675007898149 0.33174954175338156 0
    outer loop
      vertex 64.3113126229947 23.454281710440988 4.2
      vertex 64.23750174601224 23.244392098590932 10.2
      vertex 64.3113126229947 23.454281710440988 10.2
    endloop
  endfacet
  facet normal -0.9630451367077646 0.269340053953219 0
    outer loop
      vertex 64.37123802781582 23.668549394846526 4.2
      vertex 64.3113126229947 23.454281710440988 10.2
      vertex 64.37123802781582 23.668549394846526 10.2
    endloop
  endfacet
  facet normal -0.9785988655009397 0.2057772106922281 0
    outer loop
      vertex 64.41702135069224 23.886277624687953 4.2
      vertex 64.37123802781582 23.668549394846526 10.2
      vertex 64.41702135069224 23.886277624687953 10.2
    endloop
  endfacet
  facet normal -0.9899620837148104 0.14133319782355017 0
    outer loop
      vertex 64.44846654040661 24.106534054258837 4.2
      vertex 64.41702135069224 23.886277624687953 10.2
      vertex 64.44846654040661 24.106534054258837 10.2
    endloop
  endfacet
  facet normal -0.9970861323044669 0.07628397450394918 0
    outer loop
      vertex 64.46543894382904 24.32837551171337 4.2
      vertex 64.44846654040661 24.106534054258837 10.2
      vertex 64.46543894382904 24.32837551171337 10.2
    endloop
  endfacet
  facet normal 0.8714279253502563 0.49052356815931686 0
    outer loop
      vertex 67.87298818663047 35.81844889119829 4.2
      vertex 66.95816775523011 37.44365127157467 4.2
      vertex 66.95816775523011 37.44365127157467 10.2
    endloop
  endfacet
  facet normal 0.9016439075888198 0.4324792063301584 0
    outer loop
      vertex 66.95816775523011 37.44365127157467 4.2
      vertex 66.1515993459052 39.125206087799135 4.2
      vertex 66.1515993459052 39.125206087799135 10.2
    endloop
  endfacet
  facet normal 0.9279989121921813 0.3725829021441108 0
    outer loop
      vertex 66.1515993459052 39.125206087799135 4.2
      vertex 65.45673680841104 40.85591266399158 4.2
      vertex 65.45673680841104 40.85591266399158 10.2
    endloop
  endfacet
  facet normal 0.9503800829845624 0.3110911407710864 0
    outer loop
      vertex 65.21878561311182 41.58285100165756 4.2
      vertex 65.21878561311182 41.58285100165756 10.2
      vertex 65.45673680841104 40.85591266399158 4.2
    endloop
  endfacet
  facet normal 0.714777897334045 0.6993515264033685 0
    outer loop
      vertex 71.2255724017209 31.349165831726822 4.2
      vertex 71.2255724017209 31.349165831726822 10.2
      vertex 72.52985441101475 30.01611383007011 4.2
    endloop
  endfacet
  facet normal 0.6173791815707049 0.786665714368617 0
    outer loop
      vertex 73.91852962474306 28.77122011988227 4.2
      vertex 73.91852962474306 28.77122011988227 10.2
      vertex 75.38565152244733 27.61981552714989 4.2
    endloop
  endfacet
  facet normal 0.6675077247298483 0.7446028722923254 0
    outer loop
      vertex 73.91852962474306 28.77122011988227 4.2
      vertex 72.52985441101475 30.01611383007011 4.2
      vertex 72.52985441101475 30.01611383007011 10.2
    endloop
  endfacet
  facet normal 0.4520455461767214 0.8919948565893133 0
    outer loop
      vertex 78.52979658660689 25.616774211109174 4.2
      vertex 78.52979658660689 25.616774211109174 10.2
      vertex 80.1933560411995 24.773714818228623 4.2
    endloop
  endfacet
  facet normal 0.39273842708457307 0.9196502204050927 0
    outer loop
      vertex 80.1933560411995 24.773714818228623 4.2
      vertex 80.1933560411995 24.773714818228623 10.2
      vertex 81.90849240972393 24.04126247421339 4.2
    endloop
  endfacet
  facet normal 0.33174954175335725 0.9433675007898235 0
    outer loop
      vertex 83.66786121493764 23.42255365244867 4.2
      vertex 81.90849240972393 24.04126247421339 4.2
      vertex 81.90849240972393 24.04126247421339 10.2
    endloop
  endfacet
  facet normal 0.5646069259743011 0.8253599330848633 0
    outer loop
      vertex 75.38565152244733 27.61981552714989 4.2
      vertex 75.38565152244733 27.61981552714989 10.2
      vertex 76.92493766292495 26.5668305431059 4.2
    endloop
  endfacet
  facet normal 0.5094169368408383 0.8605198338560811 0
    outer loop
      vertex 78.52979658660689 25.616774211109174 4.2
      vertex 76.92493766292495 26.5668305431059 4.2
      vertex 76.92493766292495 26.5668305431059 10.2
    endloop
  endfacet
  facet normal 0.7999465651001315 0.6000712399244786 0
    outer loop
      vertex 68.89214323857317 34.256558312768334 4.2
      vertex 68.89214323857317 34.256558312768334 10.2
      vertex 70.0112687326623 32.76466779152746 4.2
    endloop
  endfacet
  facet normal 0.7589872812471629 0.651105449911948 0
    outer loop
      vertex 71.2255724017209 31.349165831726822 4.2
      vertex 70.0112687326623 32.76466779152746 4.2
      vertex 70.0112687326623 32.76466779152746 10.2
    endloop
  endfacet
  facet normal 0.8374803549513099 0.5464674327630403 0
    outer loop
      vertex 67.87298818663047 35.81844889119829 4.2
      vertex 67.87298818663047 35.81844889119829 10.2
      vertex 68.89214323857317 34.256558312768334 4.2
    endloop
  endfacet
  facet normal 0.2693400539532235 0.9630451367077634 0
    outer loop
      vertex 83.66786121493764 23.42255365244867 4.2
      vertex 83.66786121493764 23.42255365244867 10.2
      vertex 85.4639285695135 22.92023775909519 4.2
    endloop
  endfacet
  facet normal 0.2057772106922345 0.9785988655009383 0
    outer loop
      vertex 85.4639285695135 22.92023775909519 4.2
      vertex 85.4639285695135 22.92023775909519 10.2
      vertex 87.28900343730191 22.536465787925213 4.2
    endloop
  endfacet
  facet normal 0.1413331978235658 0.9899620837148081 0
    outer loop
      vertex 87.28900343730191 22.536465787925213 4.2
      vertex 87.28900343730191 22.536465787925213 10.2
      vertex 89.13527056752844 22.272881109437037 4.2
    endloop
  endfacet
  facet normal 0.07628397450395448 0.9970861323044665 0
    outer loop
      vertex 89.13527056752844 22.272881109437037 4.2
      vertex 89.13527056752844 22.272881109437037 10.2
      vertex 90.99482396089735 22.130612433690196 4.2
    endloop
  endfacet
  facet normal 0.010908091494181966 0.9999405050001497 0
    outer loop
      vertex 90.99482396089735 22.130612433690196 4.2
      vertex 90.99482396089735 22.130612433690196 10.2
      vertex 92.85970072429443 22.110268976995734 4.2
    endloop
  endfacet
  facet normal -0.05451450163800688 0.9985129789397631 0
    outer loop
      vertex 92.85970072429443 22.110268976995734 4.2
      vertex 92.85970072429443 22.110268976995734 10.2
      vertex 94.7219151691177 22.211937853158396 4.2
    endloop
  endfacet
  facet normal -0.11970365530496264 0.9928096670090549 0
    outer loop
      vertex 94.7219151691177 22.211937853158396 4.2
      vertex 94.7219151691177 22.211937853158396 10.2
      vertex 95.4813075657763 22.3034982485811 4.2
    endloop
  endfacet
  facet normal 0.8714279253502563 0.49052356815931686 0
    outer loop
      vertex 67.87298818663047 35.81844889119829 4.2
      vertex 66.95816775523011 37.44365127157467 10.2
      vertex 67.87298818663047 35.81844889119829 10.2
    endloop
  endfacet
  facet normal 0.9016439075888198 0.4324792063301584 0
    outer loop
      vertex 66.95816775523011 37.44365127157467 4.2
      vertex 66.1515993459052 39.125206087799135 10.2
      vertex 66.95816775523011 37.44365127157467 10.2
    endloop
  endfacet
  facet normal 0.9279989121921813 0.3725829021441108 0
    outer loop
      vertex 66.1515993459052 39.125206087799135 4.2
      vertex 65.45673680841104 40.85591266399158 10.2
      vertex 66.1515993459052 39.125206087799135 10.2
    endloop
  endfacet
  facet normal 0.9503800829845624 0.3110911407710864 0
    outer loop
      vertex 65.45673680841104 40.85591266399158 4.2
      vertex 65.21878561311182 41.58285100165756 10.2
      vertex 65.45673680841104 40.85591266399158 10.2
    endloop
  endfacet
  facet normal 0.6173791815707049 0.786665714368617 0
    outer loop
      vertex 75.38565152244733 27.61981552714989 4.2
      vertex 73.91852962474306 28.77122011988227 10.2
      vertex 75.38565152244733 27.61981552714989 10.2
    endloop
  endfacet
  facet normal 0.6675077247298483 0.7446028722923254 0
    outer loop
      vertex 73.91852962474306 28.77122011988227 4.2
      vertex 72.52985441101475 30.01611383007011 10.2
      vertex 73.91852962474306 28.77122011988227 10.2
    endloop
  endfacet
  facet normal 0.714777897334045 0.6993515264033685 0
    outer loop
      vertex 72.52985441101475 30.01611383007011 4.2
      vertex 71.2255724017209 31.349165831726822 10.2
      vertex 72.52985441101475 30.01611383007011 10.2
    endloop
  endfacet
  facet normal 0.5094169368408383 0.8605198338560811 0
    outer loop
      vertex 78.52979658660689 25.616774211109174 4.2
      vertex 76.92493766292495 26.5668305431059 10.2
      vertex 78.52979658660689 25.616774211109174 10.2
    endloop
  endfacet
  facet normal 0.39273842708457307 0.9196502204050927 0
    outer loop
      vertex 81.90849240972393 24.04126247421339 4.2
      vertex 80.1933560411995 24.773714818228623 10.2
      vertex 81.90849240972393 24.04126247421339 10.2
    endloop
  endfacet
  facet normal 0.4520455461767214 0.8919948565893133 0
    outer loop
      vertex 80.1933560411995 24.773714818228623 4.2
      vertex 78.52979658660689 25.616774211109174 10.2
      vertex 80.1933560411995 24.773714818228623 10.2
    endloop
  endfacet
  facet normal 0.33174954175335725 0.9433675007898235 0
    outer loop
      vertex 83.66786121493764 23.42255365244867 4.2
      vertex 81.90849240972393 24.04126247421339 10.2
      vertex 83.66786121493764 23.42255365244867 10.2
    endloop
  endfacet
  facet normal 0.5646069259743011 0.8253599330848633 0
    outer loop
      vertex 76.92493766292495 26.5668305431059 4.2
      vertex 75.38565152244733 27.61981552714989 10.2
      vertex 76.92493766292495 26.5668305431059 10.2
    endloop
  endfacet
  facet normal 0.7999465651001315 0.6000712399244786 0
    outer loop
      vertex 70.0112687326623 32.76466779152746 4.2
      vertex 68.89214323857317 34.256558312768334 10.2
      vertex 70.0112687326623 32.76466779152746 10.2
    endloop
  endfacet
  facet normal 0.7589872812471629 0.651105449911948 0
    outer loop
      vertex 71.2255724017209 31.349165831726822 4.2
      vertex 70.0112687326623 32.76466779152746 10.2
      vertex 71.2255724017209 31.349165831726822 10.2
    endloop
  endfacet
  facet normal 0.8374803549513099 0.5464674327630403 0
    outer loop
      vertex 68.89214323857317 34.256558312768334 4.2
      vertex 67.87298818663047 35.81844889119829 10.2
      vertex 68.89214323857317 34.256558312768334 10.2
    endloop
  endfacet
  facet normal 0.2693400539532235 0.9630451367077634 0
    outer loop
      vertex 85.4639285695135 22.92023775909519 4.2
      vertex 83.66786121493764 23.42255365244867 10.2
      vertex 85.4639285695135 22.92023775909519 10.2
    endloop
  endfacet
  facet normal 0.2057772106922345 0.9785988655009383 0
    outer loop
      vertex 87.28900343730191 22.536465787925213 4.2
      vertex 85.4639285695135 22.92023775909519 10.2
      vertex 87.28900343730191 22.536465787925213 10.2
    endloop
  endfacet
  facet normal 0.1413331978235658 0.9899620837148081 0
    outer loop
      vertex 89.13527056752844 22.272881109437037 4.2
      vertex 87.28900343730191 22.536465787925213 10.2
      vertex 89.13527056752844 22.272881109437037 10.2
    endloop
  endfacet
  facet normal 0.07628397450395448 0.9970861323044665 0
    outer loop
      vertex 90.99482396089735 22.130612433690196 4.2
      vertex 89.13527056752844 22.272881109437037 10.2
      vertex 90.99482396089735 22.130612433690196 10.2
    endloop
  endfacet
  facet normal 0.010908091494181966 0.9999405050001497 0
    outer loop
      vertex 92.85970072429443 22.110268976995734 4.2
      vertex 90.99482396089735 22.130612433690196 10.2
      vertex 92.85970072429443 22.110268976995734 10.2
    endloop
  endfacet
  facet normal -0.05451450163800688 0.9985129789397631 0
    outer loop
      vertex 94.7219151691177 22.211937853158396 4.2
      vertex 92.85970072429443 22.110268976995734 10.2
      vertex 94.7219151691177 22.211937853158396 10.2
    endloop
  endfacet
  facet normal -0.11970365530496264 0.9928096670090549 0
    outer loop
      vertex 95.4813075657763 22.3034982485811 4.2
      vertex 94.7219151691177 22.211937853158396 10.2
      vertex 95.4813075657763 22.3034982485811 10.2
    endloop
  endfacet
  facet normal 0.20577721069223487 0.9785988655009382 0
    outer loop
      vertex 26.59758747733729 25.311026418688357 4.2
      vertex 26.59758747733729 25.311026418688357 10.2
      vertex 27.34611014239045 25.15362902984537 4.2
    endloop
  endfacet
  facet normal 0.14133319782356207 0.9899620837148088 0
    outer loop
      vertex 27.34611014239045 25.15362902984537 4.2
      vertex 27.34611014239045 25.15362902984537 10.2
      vertex 29.192377272616973 24.8900443513572 4.2
    endloop
  endfacet
  facet normal 0.07628397450395638 0.9970861323044664 0
    outer loop
      vertex 29.192377272616973 24.8900443513572 4.2
      vertex 29.192377272616973 24.8900443513572 10.2
      vertex 31.051930665985886 24.747775675610356 4.2
    endloop
  endfacet
  facet normal 0.010908091494180101 0.9999405050001497 0
    outer loop
      vertex 31.051930665985886 24.747775675610356 4.2
      vertex 31.051930665985886 24.747775675610356 10.2
      vertex 32.916807429382956 24.727432218915897 4.2
    endloop
  endfacet
  facet normal -0.05451450163800499 0.9985129789397632 0
    outer loop
      vertex 32.916807429382956 24.727432218915897 4.2
      vertex 32.916807429382956 24.727432218915897 10.2
      vertex 34.77902187420622 24.829101095078556 4.2
    endloop
  endfacet
  facet normal -0.11970365530496094 0.9928096670090553 0
    outer loop
      vertex 34.77902187420622 24.829101095078556 4.2
      vertex 34.77902187420622 24.829101095078556 10.2
      vertex 36.63059971231059 25.05234694236212 4.2
    endloop
  endfacet
  facet normal -0.18438021954266098 0.9828549916653017 0
    outer loop
      vertex 36.63059971231059 25.05234694236212 4.2
      vertex 36.63059971231059 25.05234694236212 10.2
      vertex 38.4636122031339 25.396213787775196 4.2
    endloop
  endfacet
  facet normal 0.20577721069223487 0.9785988655009382 0
    outer loop
      vertex 27.34611014239045 25.15362902984537 4.2
      vertex 26.59758747733729 25.311026418688357 10.2
      vertex 27.34611014239045 25.15362902984537 10.2
    endloop
  endfacet
  facet normal 0.14133319782356207 0.9899620837148088 0
    outer loop
      vertex 29.192377272616973 24.8900443513572 4.2
      vertex 27.34611014239045 25.15362902984537 10.2
      vertex 29.192377272616973 24.8900443513572 10.2
    endloop
  endfacet
  facet normal 0.07628397450395638 0.9970861323044664 0
    outer loop
      vertex 31.051930665985886 24.747775675610356 4.2
      vertex 29.192377272616973 24.8900443513572 10.2
      vertex 31.051930665985886 24.747775675610356 10.2
    endloop
  endfacet
  facet normal 0.010908091494180101 0.9999405050001497 0
    outer loop
      vertex 32.916807429382956 24.727432218915897 4.2
      vertex 31.051930665985886 24.747775675610356 10.2
      vertex 32.916807429382956 24.727432218915897 10.2
    endloop
  endfacet
  facet normal -0.05451450163800499 0.9985129789397632 0
    outer loop
      vertex 34.77902187420622 24.829101095078556 4.2
      vertex 32.916807429382956 24.727432218915897 10.2
      vertex 34.77902187420622 24.829101095078556 10.2
    endloop
  endfacet
  facet normal -0.11970365530496094 0.9928096670090553 0
    outer loop
      vertex 36.63059971231059 25.05234694236212 4.2
      vertex 34.77902187420622 24.829101095078556 10.2
      vertex 36.63059971231059 25.05234694236212 10.2
    endloop
  endfacet
  facet normal -0.24826723937372128 0.9686915803565919 0
    outer loop
      vertex 38.4636122031339 25.396213787775196 4.2
      vertex 38.4636122031339 25.396213787775196 10.2
      vertex 40.27021010578124 25.85922914069434 4.2
    endloop
  endfacet
  facet normal -0.3110911407710881 0.9503800829845621 0
    outer loop
      vertex 40.27021010578124 25.85922914069434 4.2
      vertex 40.27021010578124 25.85922914069434 10.2
      vertex 42.04265729067953 26.439410298294913 4.2
    endloop
  endfacet
  facet normal -0.3725829021441042 0.927998912192184 0
    outer loop
      vertex 42.04265729067953 26.439410298294913 4.2
      vertex 42.04265729067953 26.439410298294913 10.2
      vertex 43.773363866871975 27.13427283578906 4.2
    endloop
  endfacet
  facet normal -0.4324792063301661 0.9016439075888162 0
    outer loop
      vertex 43.773363866871975 27.13427283578906 4.2
      vertex 43.773363866871975 27.13427283578906 10.2
      vertex 45.45491868309643 27.940841245113983 4.2
    endloop
  endfacet
  facet normal -0.4905235681593095 0.8714279253502605 0
    outer loop
      vertex 45.45491868309643 27.940841245113983 4.2
      vertex 45.45491868309643 27.940841245113983 10.2
      vertex 47.08012106347282 28.855661676514327 4.2
    endloop
  endfacet
  facet normal -0.546467432763043 0.8374803549513081 0
    outer loop
      vertex 47.08012106347282 28.855661676514327 4.2
      vertex 47.08012106347282 28.855661676514327 10.2
      vertex 48.642011641902776 29.874816728457038 4.2
    endloop
  endfacet
  facet normal -0.6000712399244816 0.7999465651001291 0
    outer loop
      vertex 48.642011641902776 29.874816728457038 4.2
      vertex 48.642011641902776 29.874816728457038 10.2
      vertex 50.133902163143645 30.993942222546174 4.2
    endloop
  endfacet
  facet normal -0.6511054499119457 0.7589872812471647 0
    outer loop
      vertex 50.133902163143645 30.993942222546174 4.2
      vertex 50.133902163143645 30.993942222546174 10.2
      vertex 51.54940412294428 32.20824589160476 4.2
    endloop
  endfacet
  facet normal -0.6993515264033686 0.714777897334045 0
    outer loop
      vertex 51.54940412294428 32.20824589160476 4.2
      vertex 51.54940412294428 32.20824589160476 10.2
      vertex 52.882456124601 33.512527900898625 4.2
    endloop
  endfacet
  facet normal -0.7446028722923262 0.6675077247298473 0
    outer loop
      vertex 52.882456124601 33.512527900898625 4.2
      vertex 52.882456124601 33.512527900898625 10.2
      vertex 54.12734983478884 34.90120311462693 4.2
    endloop
  endfacet
  facet normal -0.7866657143686193 0.6173791815707019 0
    outer loop
      vertex 54.12734983478884 34.90120311462693 4.2
      vertex 54.12734983478884 34.90120311462693 10.2
      vertex 55.278754427521214 36.36832501233121 4.2
    endloop
  endfacet
  facet normal -0.8253599330848603 0.5646069259743054 0
    outer loop
      vertex 55.278754427521214 36.36832501233121 4.2
      vertex 55.278754427521214 36.36832501233121 10.2
      vertex 56.33173941156521 37.90761115280882 4.2
    endloop
  endfacet
  facet normal -0.8605198338560818 0.5094169368408372 0
    outer loop
      vertex 56.33173941156521 37.90761115280882 4.2
      vertex 56.33173941156521 37.90761115280882 10.2
      vertex 57.28179574356193 39.51247007649076 4.2
    endloop
  endfacet
  facet normal -0.8919948565893118 0.4520455461767243 0
    outer loop
      vertex 57.28179574356193 39.51247007649076 4.2
      vertex 57.28179574356193 39.51247007649076 10.2
      vertex 58.12485513644249 41.176029531083365 4.2
    endloop
  endfacet
  facet normal -0.9196502204050928 0.3927384270845724 0
    outer loop
      vertex 58.12485513644249 41.176029531083365 4.2
      vertex 58.12485513644249 41.176029531083365 10.2
      vertex 58.42525770635519 41.87946283574183 4.2
    endloop
  endfacet
  facet normal -0.18438021954266098 0.9828549916653017 0
    outer loop
      vertex 38.4636122031339 25.396213787775196 4.2
      vertex 36.63059971231059 25.05234694236212 10.2
      vertex 38.4636122031339 25.396213787775196 10.2
    endloop
  endfacet
  facet normal -0.24826723937372128 0.9686915803565919 0
    outer loop
      vertex 40.27021010578124 25.85922914069434 4.2
      vertex 38.4636122031339 25.396213787775196 10.2
      vertex 40.27021010578124 25.85922914069434 10.2
    endloop
  endfacet
  facet normal -0.3110911407710881 0.9503800829845621 0
    outer loop
      vertex 42.04265729067953 26.439410298294913 4.2
      vertex 40.27021010578124 25.85922914069434 10.2
      vertex 42.04265729067953 26.439410298294913 10.2
    endloop
  endfacet
  facet normal -0.3725829021441042 0.927998912192184 0
    outer loop
      vertex 43.773363866871975 27.13427283578906 4.2
      vertex 42.04265729067953 26.439410298294913 10.2
      vertex 43.773363866871975 27.13427283578906 10.2
    endloop
  endfacet
  facet normal -0.4324792063301661 0.9016439075888162 0
    outer loop
      vertex 45.45491868309643 27.940841245113983 4.2
      vertex 43.773363866871975 27.13427283578906 10.2
      vertex 45.45491868309643 27.940841245113983 10.2
    endloop
  endfacet
  facet normal -0.4905235681593095 0.8714279253502605 0
    outer loop
      vertex 47.08012106347282 28.855661676514327 4.2
      vertex 45.45491868309643 27.940841245113983 10.2
      vertex 47.08012106347282 28.855661676514327 10.2
    endloop
  endfacet
  facet normal -0.546467432763043 0.8374803549513081 0
    outer loop
      vertex 48.642011641902776 29.874816728457038 4.2
      vertex 47.08012106347282 28.855661676514327 10.2
      vertex 48.642011641902776 29.874816728457038 10.2
    endloop
  endfacet
  facet normal -0.6000712399244816 0.7999465651001291 0
    outer loop
      vertex 50.133902163143645 30.993942222546174 4.2
      vertex 48.642011641902776 29.874816728457038 10.2
      vertex 50.133902163143645 30.993942222546174 10.2
    endloop
  endfacet
  facet normal -0.6511054499119457 0.7589872812471647 0
    outer loop
      vertex 51.54940412294428 32.20824589160476 4.2
      vertex 50.133902163143645 30.993942222546174 10.2
      vertex 51.54940412294428 32.20824589160476 10.2
    endloop
  endfacet
  facet normal -0.6993515264033686 0.714777897334045 0
    outer loop
      vertex 52.882456124601 33.512527900898625 4.2
      vertex 51.54940412294428 32.20824589160476 10.2
      vertex 52.882456124601 33.512527900898625 10.2
    endloop
  endfacet
  facet normal -0.7446028722923262 0.6675077247298473 0
    outer loop
      vertex 54.12734983478884 34.90120311462693 4.2
      vertex 52.882456124601 33.512527900898625 10.2
      vertex 54.12734983478884 34.90120311462693 10.2
    endloop
  endfacet
  facet normal -0.7866657143686193 0.6173791815707019 0
    outer loop
      vertex 55.278754427521214 36.36832501233121 4.2
      vertex 54.12734983478884 34.90120311462693 10.2
      vertex 55.278754427521214 36.36832501233121 10.2
    endloop
  endfacet
  facet normal -0.8253599330848603 0.5646069259743054 0
    outer loop
      vertex 56.33173941156521 37.90761115280882 4.2
      vertex 55.278754427521214 36.36832501233121 10.2
      vertex 56.33173941156521 37.90761115280882 10.2
    endloop
  endfacet
  facet normal -0.8605198338560818 0.5094169368408372 0
    outer loop
      vertex 57.28179574356193 39.51247007649076 4.2
      vertex 56.33173941156521 37.90761115280882 10.2
      vertex 57.28179574356193 39.51247007649076 10.2
    endloop
  endfacet
  facet normal -0.8919948565893118 0.4520455461767243 0
    outer loop
      vertex 58.12485513644249 41.176029531083365 4.2
      vertex 57.28179574356193 39.51247007649076 10.2
      vertex 58.12485513644249 41.176029531083365 10.2
    endloop
  endfacet
  facet normal -0.9196502204050928 0.3927384270845724 0
    outer loop
      vertex 58.42525770635519 41.87946283574183 4.2
      vertex 58.12485513644249 41.176029531083365 10.2
      vertex 58.42525770635519 41.87946283574183 10.2
    endloop
  endfacet
  facet normal -0.7446028722923265 0.6675077247298471 0
    outer loop
      vertex 21.37880186422545 -16.271824582969195 4.2
      vertex 21.37880186422545 -16.271824582969195 10.2
      vertex 21.889373333979407 -15.702283634146209 4.2
    endloop
  endfacet
  facet normal -0.7866657143686175 0.6173791815707043 0
    outer loop
      vertex 21.889373333979407 -15.702283634146209 4.2
      vertex 21.889373333979407 -15.702283634146209 10.2
      vertex 23.040777926711783 -14.235161736441936 4.2
    endloop
  endfacet
  facet normal -0.8253599330848619 0.5646069259743033 0
    outer loop
      vertex 23.040777926711783 -14.235161736441936 4.2
      vertex 23.040777926711783 -14.235161736441936 10.2
      vertex 24.09376291075578 -12.69587559596432 4.2
    endloop
  endfacet
  facet normal -0.8605198338560825 0.5094169368408356 0
    outer loop
      vertex 24.09376291075578 -12.69587559596432 4.2
      vertex 24.09376291075578 -12.69587559596432 10.2
      vertex 25.04381924275249 -11.091016672282388 4.2
    endloop
  endfacet
  facet normal -0.8919948565893124 0.4520455461767232 0
    outer loop
      vertex 25.04381924275249 -11.091016672282388 4.2
      vertex 25.04381924275249 -11.091016672282388 10.2
      vertex 25.886878635633053 -9.427457217689774 4.2
    endloop
  endfacet
  facet normal -0.9196502204050917 0.39273842708457535 0
    outer loop
      vertex 25.886878635633053 -9.427457217689774 4.2
      vertex 25.886878635633053 -9.427457217689774 10.2
      vertex 26.61933097964829 -7.712320849165337 4.2
    endloop
  endfacet
  facet normal -0.9433675007898236 0.3317495417533568 0
    outer loop
      vertex 26.61933097964829 -7.712320849165337 4.2
      vertex 26.61933097964829 -7.712320849165337 10.2
      vertex 27.23803980141301 -5.9529520439516235 4.2
    endloop
  endfacet
  facet normal -0.9630451367077648 0.26934005395321864 0
    outer loop
      vertex 27.23803980141301 -5.9529520439516235 4.2
      vertex 27.23803980141301 -5.9529520439516235 10.2
      vertex 27.740355694766478 -4.156884689375772 4.2
    endloop
  endfacet
  facet normal -0.9785988655009381 0.20577721069223615 0
    outer loop
      vertex 27.740355694766478 -4.156884689375772 4.2
      vertex 27.740355694766478 -4.156884689375772 10.2
      vertex 28.12412766593646 -2.3318098215873544 4.2
    endloop
  endfacet
  facet normal -0.9899620837148079 0.1413331978235675 0
    outer loop
      vertex 28.12412766593646 -2.3318098215873544 4.2
      vertex 28.12412766593646 -2.3318098215873544 10.2
      vertex 28.38771234442464 -0.4855426913608303 4.2
    endloop
  endfacet
  facet normal -0.7446028722923265 0.6675077247298471 0
    outer loop
      vertex 21.889373333979407 -15.702283634146209 4.2
      vertex 21.37880186422545 -16.271824582969195 10.2
      vertex 21.889373333979407 -15.702283634146209 10.2
    endloop
  endfacet
  facet normal -0.7866657143686175 0.6173791815707043 0
    outer loop
      vertex 23.040777926711783 -14.235161736441936 4.2
      vertex 21.889373333979407 -15.702283634146209 10.2
      vertex 23.040777926711783 -14.235161736441936 10.2
    endloop
  endfacet
  facet normal -0.8253599330848619 0.5646069259743033 0
    outer loop
      vertex 24.09376291075578 -12.69587559596432 4.2
      vertex 23.040777926711783 -14.235161736441936 10.2
      vertex 24.09376291075578 -12.69587559596432 10.2
    endloop
  endfacet
  facet normal -0.8605198338560825 0.5094169368408356 0
    outer loop
      vertex 25.04381924275249 -11.091016672282388 4.2
      vertex 24.09376291075578 -12.69587559596432 10.2
      vertex 25.04381924275249 -11.091016672282388 10.2
    endloop
  endfacet
  facet normal -0.8919948565893124 0.4520455461767232 0
    outer loop
      vertex 25.886878635633053 -9.427457217689774 4.2
      vertex 25.04381924275249 -11.091016672282388 10.2
      vertex 25.886878635633053 -9.427457217689774 10.2
    endloop
  endfacet
  facet normal -0.9196502204050917 0.39273842708457535 0
    outer loop
      vertex 26.61933097964829 -7.712320849165337 4.2
      vertex 25.886878635633053 -9.427457217689774 10.2
      vertex 26.61933097964829 -7.712320849165337 10.2
    endloop
  endfacet
  facet normal -0.9433675007898236 0.3317495417533568 0
    outer loop
      vertex 27.23803980141301 -5.9529520439516235 4.2
      vertex 26.61933097964829 -7.712320849165337 10.2
      vertex 27.23803980141301 -5.9529520439516235 10.2
    endloop
  endfacet
  facet normal -0.9630451367077648 0.26934005395321864 0
    outer loop
      vertex 27.740355694766478 -4.156884689375772 4.2
      vertex 27.23803980141301 -5.9529520439516235 10.2
      vertex 27.740355694766478 -4.156884689375772 10.2
    endloop
  endfacet
  facet normal -0.9785988655009381 0.20577721069223615 0
    outer loop
      vertex 28.12412766593646 -2.3318098215873544 4.2
      vertex 27.740355694766478 -4.156884689375772 10.2
      vertex 28.12412766593646 -2.3318098215873544 10.2
    endloop
  endfacet
  facet normal -0.9899620837148079 0.1413331978235675 0
    outer loop
      vertex 28.38771234442464 -0.4855426913608303 4.2
      vertex 28.12412766593646 -2.3318098215873544 10.2
      vertex 28.38771234442464 -0.4855426913608303 10.2
    endloop
  endfacet
  facet normal -0.9970861323044665 0.07628397450395441 0
    outer loop
      vertex 28.38771234442464 -0.4855426913608303 4.2
      vertex 28.38771234442464 -0.4855426913608303 10.2
      vertex 28.52998102017148 1.374010702008084 4.2
    endloop
  endfacet
  facet normal -0.9999405050001497 0.010908091494182023 0
    outer loop
      vertex 28.52998102017148 1.374010702008084 4.2
      vertex 28.52998102017148 1.374010702008084 10.2
      vertex 28.550324476865942 3.238887465405152 4.2
    endloop
  endfacet
  facet normal -0.9985129789397631 -0.05451450163800691 0
    outer loop
      vertex 28.550324476865942 3.238887465405152 4.2
      vertex 28.550324476865942 3.238887465405152 10.2
      vertex 28.44865560070328 5.101101910228417 4.2
    endloop
  endfacet
  facet normal -0.9928096670090547 -0.11970365530496468 0
    outer loop
      vertex 28.44865560070328 5.101101910228417 4.2
      vertex 28.44865560070328 5.101101910228417 10.2
      vertex 28.225409753419708 6.952679748332786 4.2
    endloop
  endfacet
  facet normal -0.982854991665302 -0.18438021954265932 0
    outer loop
      vertex 28.225409753419708 6.952679748332786 4.2
      vertex 28.225409753419708 6.952679748332786 10.2
      vertex 27.881542908006637 8.785692239156091 4.2
    endloop
  endfacet
  facet normal -0.9686915803565929 -0.24826723937371722 0
    outer loop
      vertex 27.881542908006637 8.785692239156091 4.2
      vertex 27.881542908006637 8.785692239156091 10.2
      vertex 27.4185275550875 10.592290141803435 4.2
    endloop
  endfacet
  facet normal -0.95038008298456 -0.3110911407710944 0
    outer loop
      vertex 26.838346397486916 12.364737326701718 4.2
      vertex 27.4185275550875 10.592290141803435 4.2
      vertex 27.4185275550875 10.592290141803435 10.2
    endloop
  endfacet
  facet normal -0.9279989121921847 -0.37258290214410256 0
    outer loop
      vertex 26.14348385999277 14.095443902894173 4.2
      vertex 26.838346397486916 12.364737326701718 4.2
      vertex 26.838346397486916 12.364737326701718 10.2
    endloop
  endfacet
  facet normal -0.9016439075888174 -0.43247920633016335 0
    outer loop
      vertex 26.14348385999277 14.095443902894173 4.2
      vertex 26.14348385999277 14.095443902894173 10.2
      vertex 25.336915450667853 15.776998719118627 4.2
    endloop
  endfacet
  facet normal -0.8714279253502588 -0.49052356815931236 0
    outer loop
      vertex 24.422095019267502 17.40220109949502 4.2
      vertex 25.336915450667853 15.776998719118627 4.2
      vertex 25.336915450667853 15.776998719118627 10.2
    endloop
  endfacet
  facet normal -0.8374803549513099 -0.5464674327630403 0
    outer loop
      vertex 23.402939967324798 18.964091677924973 4.2
      vertex 24.422095019267502 17.40220109949502 4.2
      vertex 24.422095019267502 17.40220109949502 10.2
    endloop
  endfacet
  facet normal -0.7999465651001321 -0.6000712399244779 0
    outer loop
      vertex 22.943950140578874 19.575964587160744 4.2
      vertex 23.402939967324798 18.964091677924973 4.2
      vertex 23.402939967324798 18.964091677924973 10.2
    endloop
  endfacet
  facet normal -0.9970861323044665 0.07628397450395441 0
    outer loop
      vertex 28.38771234442464 -0.4855426913608303 10.2
      vertex 28.52998102017148 1.374010702008084 10.2
      vertex 28.52998102017148 1.374010702008084 4.2
    endloop
  endfacet
  facet normal -0.9999405050001497 0.010908091494182023 0
    outer loop
      vertex 28.550324476865942 3.238887465405152 4.2
      vertex 28.52998102017148 1.374010702008084 10.2
      vertex 28.550324476865942 3.238887465405152 10.2
    endloop
  endfacet
  facet normal -0.9985129789397631 -0.05451450163800691 0
    outer loop
      vertex 28.44865560070328 5.101101910228417 4.2
      vertex 28.550324476865942 3.238887465405152 10.2
      vertex 28.44865560070328 5.101101910228417 10.2
    endloop
  endfacet
  facet normal -0.9928096670090547 -0.11970365530496468 0
    outer loop
      vertex 28.225409753419708 6.952679748332786 4.2
      vertex 28.44865560070328 5.101101910228417 10.2
      vertex 28.225409753419708 6.952679748332786 10.2
    endloop
  endfacet
  facet normal -0.9686915803565929 -0.24826723937371722 0
    outer loop
      vertex 27.4185275550875 10.592290141803435 4.2
      vertex 27.881542908006637 8.785692239156091 10.2
      vertex 27.4185275550875 10.592290141803435 10.2
    endloop
  endfacet
  facet normal -0.982854991665302 -0.18438021954265932 0
    outer loop
      vertex 27.881542908006637 8.785692239156091 4.2
      vertex 28.225409753419708 6.952679748332786 10.2
      vertex 27.881542908006637 8.785692239156091 10.2
    endloop
  endfacet
  facet normal -0.9016439075888174 -0.43247920633016335 0
    outer loop
      vertex 25.336915450667853 15.776998719118627 4.2
      vertex 26.14348385999277 14.095443902894173 10.2
      vertex 25.336915450667853 15.776998719118627 10.2
    endloop
  endfacet
  facet normal -0.95038008298456 -0.3110911407710944 0
    outer loop
      vertex 26.838346397486916 12.364737326701718 4.2
      vertex 27.4185275550875 10.592290141803435 10.2
      vertex 26.838346397486916 12.364737326701718 10.2
    endloop
  endfacet
  facet normal -0.9279989121921847 -0.37258290214410256 0
    outer loop
      vertex 26.14348385999277 14.095443902894173 4.2
      vertex 26.838346397486916 12.364737326701718 10.2
      vertex 26.14348385999277 14.095443902894173 10.2
    endloop
  endfacet
  facet normal -0.8714279253502588 -0.49052356815931236 0
    outer loop
      vertex 24.422095019267502 17.40220109949502 4.2
      vertex 25.336915450667853 15.776998719118627 10.2
      vertex 24.422095019267502 17.40220109949502 10.2
    endloop
  endfacet
  facet normal -0.8374803549513099 -0.5464674327630403 0
    outer loop
      vertex 23.402939967324798 18.964091677924973 4.2
      vertex 24.422095019267502 17.40220109949502 10.2
      vertex 23.402939967324798 18.964091677924973 10.2
    endloop
  endfacet
  facet normal -0.7999465651001321 -0.6000712399244779 0
    outer loop
      vertex 22.943950140578874 19.575964587160744 4.2
      vertex 23.402939967324798 18.964091677924973 10.2
      vertex 22.943950140578874 19.575964587160744 10.2
    endloop
  endfacet
  facet normal 0.11970365530496044 -0.9928096670090552 0
    outer loop
      vertex 24.518692434223688 -22.3034982485811 4.2
      vertex 25.278084830882314 -22.211937853158396 4.2
      vertex 25.278084830882314 -22.211937853158396 10.2
    endloop
  endfacet
  facet normal 0.05451450163800709 -0.9985129789397631 0
    outer loop
      vertex 25.278084830882314 -22.211937853158396 4.2
      vertex 27.140299275705573 -22.110268976995734 4.2
      vertex 27.140299275705573 -22.110268976995734 10.2
    endloop
  endfacet
  facet normal -0.010908091494182006 -0.9999405050001497 0
    outer loop
      vertex 27.140299275705573 -22.110268976995734 4.2
      vertex 29.005176039102643 -22.130612433690196 4.2
      vertex 29.005176039102643 -22.130612433690196 10.2
    endloop
  endfacet
  facet normal -0.07628397450395448 -0.9970861323044665 0
    outer loop
      vertex 29.005176039102643 -22.130612433690196 4.2
      vertex 30.864729432471556 -22.272881109437037 4.2
      vertex 30.864729432471556 -22.272881109437037 10.2
    endloop
  endfacet
  facet normal -0.14133319782356527 -0.9899620837148082 0
    outer loop
      vertex 30.864729432471556 -22.272881109437037 4.2
      vertex 32.710996562698085 -22.536465787925213 4.2
      vertex 32.710996562698085 -22.536465787925213 10.2
    endloop
  endfacet
  facet normal -0.2057772106922345 -0.9785988655009383 0
    outer loop
      vertex 32.710996562698085 -22.536465787925213 4.2
      vertex 34.5360714304865 -22.92023775909519 4.2
      vertex 34.5360714304865 -22.92023775909519 10.2
    endloop
  endfacet
  facet normal -0.2693400539532235 -0.9630451367077634 0
    outer loop
      vertex 34.5360714304865 -22.92023775909519 4.2
      vertex 36.332138785062355 -23.42255365244867 4.2
      vertex 36.332138785062355 -23.42255365244867 10.2
    endloop
  endfacet
  facet normal 0.11970365530496044 -0.9928096670090552 0
    outer loop
      vertex 24.518692434223688 -22.3034982485811 4.2
      vertex 25.278084830882314 -22.211937853158396 10.2
      vertex 24.518692434223688 -22.3034982485811 10.2
    endloop
  endfacet
  facet normal 0.05451450163800709 -0.9985129789397631 0
    outer loop
      vertex 25.278084830882314 -22.211937853158396 4.2
      vertex 27.140299275705573 -22.110268976995734 10.2
      vertex 25.278084830882314 -22.211937853158396 10.2
    endloop
  endfacet
  facet normal -0.010908091494182006 -0.9999405050001497 0
    outer loop
      vertex 27.140299275705573 -22.110268976995734 4.2
      vertex 29.005176039102643 -22.130612433690196 10.2
      vertex 27.140299275705573 -22.110268976995734 10.2
    endloop
  endfacet
  facet normal -0.07628397450395448 -0.9970861323044665 0
    outer loop
      vertex 29.005176039102643 -22.130612433690196 4.2
      vertex 30.864729432471556 -22.272881109437037 10.2
      vertex 29.005176039102643 -22.130612433690196 10.2
    endloop
  endfacet
  facet normal -0.14133319782356527 -0.9899620837148082 0
    outer loop
      vertex 30.864729432471556 -22.272881109437037 4.2
      vertex 32.710996562698085 -22.536465787925213 10.2
      vertex 30.864729432471556 -22.272881109437037 10.2
    endloop
  endfacet
  facet normal -0.2057772106922345 -0.9785988655009383 0
    outer loop
      vertex 32.710996562698085 -22.536465787925213 4.2
      vertex 34.5360714304865 -22.92023775909519 10.2
      vertex 32.710996562698085 -22.536465787925213 10.2
    endloop
  endfacet
  facet normal -0.33174954175335725 -0.9433675007898235 0
    outer loop
      vertex 36.332138785062355 -23.42255365244867 4.2
      vertex 38.091507590276066 -24.04126247421339 10.2
      vertex 36.332138785062355 -23.42255365244867 10.2
    endloop
  endfacet
  facet normal -0.2693400539532235 -0.9630451367077634 0
    outer loop
      vertex 34.5360714304865 -22.92023775909519 4.2
      vertex 36.332138785062355 -23.42255365244867 10.2
      vertex 34.5360714304865 -22.92023775909519 10.2
    endloop
  endfacet
  facet normal -0.8374803549513081 -0.546467432763043 0
    outer loop
      vertex 51.10785676142683 -34.256558312768334 4.2
      vertex 52.12701181336954 -35.81844889119829 4.2
      vertex 52.12701181336954 -35.81844889119829 10.2
    endloop
  endfacet
  facet normal -0.7589872812471629 -0.651105449911948 0
    outer loop
      vertex 49.9887312673377 -32.76466779152746 4.2
      vertex 49.9887312673377 -32.76466779152746 10.2
      vertex 48.774427598279104 -31.349165831726822 4.2
    endloop
  endfacet
  facet normal -0.7999465651001315 -0.6000712399244786 0
    outer loop
      vertex 49.9887312673377 -32.76466779152746 4.2
      vertex 51.10785676142683 -34.256558312768334 4.2
      vertex 51.10785676142683 -34.256558312768334 10.2
    endloop
  endfacet
  facet normal -0.5094169368408417 -0.860519833856079 0
    outer loop
      vertex 43.075062337075046 -26.5668305431059 4.2
      vertex 43.075062337075046 -26.5668305431059 10.2
      vertex 41.470203413393115 -25.616774211109174 4.2
    endloop
  endfacet
  facet normal -0.5646069259742993 -0.8253599330848647 0
    outer loop
      vertex 43.075062337075046 -26.5668305431059 4.2
      vertex 44.61434847755267 -27.61981552714989 4.2
      vertex 44.61434847755267 -27.61981552714989 10.2
    endloop
  endfacet
  facet normal -0.33174954175335725 -0.9433675007898235 0
    outer loop
      vertex 38.091507590276066 -24.04126247421339 4.2
      vertex 38.091507590276066 -24.04126247421339 10.2
      vertex 36.332138785062355 -23.42255365244867 4.2
    endloop
  endfacet
  facet normal -0.45204554617671977 -0.8919948565893141 0
    outer loop
      vertex 39.80664395880051 -24.773714818228623 4.2
      vertex 41.470203413393115 -25.616774211109174 4.2
      vertex 41.470203413393115 -25.616774211109174 10.2
    endloop
  endfacet
  facet normal -0.39273842708457307 -0.9196502204050927 0
    outer loop
      vertex 38.091507590276066 -24.04126247421339 4.2
      vertex 39.80664395880051 -24.773714818228623 4.2
      vertex 39.80664395880051 -24.773714818228623 10.2
    endloop
  endfacet
  facet normal -0.714777897334045 -0.6993515264033685 0
    outer loop
      vertex 47.47014558898525 -30.01611383007011 4.2
      vertex 48.774427598279104 -31.349165831726822 4.2
      vertex 48.774427598279104 -31.349165831726822 10.2
    endloop
  endfacet
  facet normal -0.6675077247298483 -0.7446028722923254 0
    outer loop
      vertex 47.47014558898525 -30.01611383007011 4.2
      vertex 47.47014558898525 -30.01611383007011 10.2
      vertex 46.08147037525694 -28.77122011988227 4.2
    endloop
  endfacet
  facet normal -0.6173791815707049 -0.786665714368617 0
    outer loop
      vertex 44.61434847755267 -27.61981552714989 4.2
      vertex 46.08147037525694 -28.77122011988227 4.2
      vertex 46.08147037525694 -28.77122011988227 10.2
    endloop
  endfacet
  facet normal -0.927998912192184 -0.3725829021441042 0
    outer loop
      vertex 54.543263191588956 -40.85591266399158 4.2
      vertex 54.543263191588956 -40.85591266399158 10.2
      vertex 53.84840065409481 -39.125206087799135 4.2
    endloop
  endfacet
  facet normal -0.9503800829845608 -0.31109114077109196 0
    outer loop
      vertex 54.543263191588956 -40.85591266399158 4.2
      vertex 54.78121438688817 -41.582851001657545 4.2
      vertex 54.78121438688817 -41.582851001657545 10.2
    endloop
  endfacet
  facet normal -0.9016439075888169 -0.43247920633016457 0
    outer loop
      vertex 53.84840065409481 -39.125206087799135 4.2
      vertex 53.84840065409481 -39.125206087799135 10.2
      vertex 53.041832244769886 -37.44365127157467 4.2
    endloop
  endfacet
  facet normal -0.8714279253502596 -0.49052356815931114 0
    outer loop
      vertex 53.041832244769886 -37.44365127157467 4.2
      vertex 53.041832244769886 -37.44365127157467 10.2
      vertex 52.12701181336954 -35.81844889119829 4.2
    endloop
  endfacet
  facet normal -0.8714279253502596 -0.49052356815931114 0
    outer loop
      vertex 52.12701181336954 -35.81844889119829 4.2
      vertex 53.041832244769886 -37.44365127157467 10.2
      vertex 52.12701181336954 -35.81844889119829 10.2
    endloop
  endfacet
  facet normal -0.8374803549513081 -0.546467432763043 0
    outer loop
      vertex 51.10785676142683 -34.256558312768334 4.2
      vertex 52.12701181336954 -35.81844889119829 10.2
      vertex 51.10785676142683 -34.256558312768334 10.2
    endloop
  endfacet
  facet normal -0.7999465651001315 -0.6000712399244786 0
    outer loop
      vertex 49.9887312673377 -32.76466779152746 4.2
      vertex 51.10785676142683 -34.256558312768334 10.2
      vertex 49.9887312673377 -32.76466779152746 10.2
    endloop
  endfacet
  facet normal -0.7589872812471629 -0.651105449911948 0
    outer loop
      vertex 48.774427598279104 -31.349165831726822 4.2
      vertex 49.9887312673377 -32.76466779152746 10.2
      vertex 48.774427598279104 -31.349165831726822 10.2
    endloop
  endfacet
  facet normal -0.5646069259742993 -0.8253599330848647 0
    outer loop
      vertex 43.075062337075046 -26.5668305431059 4.2
      vertex 44.61434847755267 -27.61981552714989 10.2
      vertex 43.075062337075046 -26.5668305431059 10.2
    endloop
  endfacet
  facet normal -0.39273842708457307 -0.9196502204050927 0
    outer loop
      vertex 38.091507590276066 -24.04126247421339 4.2
      vertex 39.80664395880051 -24.773714818228623 10.2
      vertex 38.091507590276066 -24.04126247421339 10.2
    endloop
  endfacet
  facet normal -0.45204554617671977 -0.8919948565893141 0
    outer loop
      vertex 39.80664395880051 -24.773714818228623 4.2
      vertex 41.470203413393115 -25.616774211109174 10.2
      vertex 39.80664395880051 -24.773714818228623 10.2
    endloop
  endfacet
  facet normal -0.5094169368408417 -0.860519833856079 0
    outer loop
      vertex 41.470203413393115 -25.616774211109174 4.2
      vertex 43.075062337075046 -26.5668305431059 10.2
      vertex 41.470203413393115 -25.616774211109174 10.2
    endloop
  endfacet
  facet normal -0.6675077247298483 -0.7446028722923254 0
    outer loop
      vertex 46.08147037525694 -28.77122011988227 4.2
      vertex 47.47014558898525 -30.01611383007011 10.2
      vertex 46.08147037525694 -28.77122011988227 10.2
    endloop
  endfacet
  facet normal -0.714777897334045 -0.6993515264033685 0
    outer loop
      vertex 47.47014558898525 -30.01611383007011 4.2
      vertex 48.774427598279104 -31.349165831726822 10.2
      vertex 47.47014558898525 -30.01611383007011 10.2
    endloop
  endfacet
  facet normal -0.6173791815707049 -0.786665714368617 0
    outer loop
      vertex 44.61434847755267 -27.61981552714989 4.2
      vertex 46.08147037525694 -28.77122011988227 10.2
      vertex 44.61434847755267 -27.61981552714989 10.2
    endloop
  endfacet
  facet normal -0.927998912192184 -0.3725829021441042 0
    outer loop
      vertex 53.84840065409481 -39.125206087799135 4.2
      vertex 54.543263191588956 -40.85591266399158 10.2
      vertex 53.84840065409481 -39.125206087799135 10.2
    endloop
  endfacet
  facet normal -0.9503800829845608 -0.31109114077109196 0
    outer loop
      vertex 54.543263191588956 -40.85591266399158 4.2
      vertex 54.78121438688817 -41.582851001657545 10.2
      vertex 54.543263191588956 -40.85591266399158 10.2
    endloop
  endfacet
  facet normal -0.9016439075888169 -0.43247920633016457 0
    outer loop
      vertex 53.041832244769886 -37.44365127157467 4.2
      vertex 53.84840065409481 -39.125206087799135 10.2
      vertex 53.041832244769886 -37.44365127157467 10.2
    endloop
  endfacet
  facet normal 0.9196502204050928 -0.3927384270845724 0
    outer loop
      vertex 61.57474229364481 -41.87946283574183 4.2
      vertex 61.87514486355751 -41.176029531083365 4.2
      vertex 61.87514486355751 -41.176029531083365 10.2
    endloop
  endfacet
  facet normal 0.8919948565893118 -0.4520455461767243 0
    outer loop
      vertex 61.87514486355751 -41.176029531083365 4.2
      vertex 62.71820425643807 -39.51247007649076 4.2
      vertex 62.71820425643807 -39.51247007649076 10.2
    endloop
  endfacet
  facet normal 0.8605198338560818 -0.5094169368408372 0
    outer loop
      vertex 62.71820425643807 -39.51247007649076 4.2
      vertex 63.66826058843479 -37.90761115280882 4.2
      vertex 63.66826058843479 -37.90761115280882 10.2
    endloop
  endfacet
  facet normal 0.8253599330848621 -0.5646069259743028 0
    outer loop
      vertex 63.66826058843479 -37.90761115280882 4.2
      vertex 64.72124557247878 -36.36832501233121 4.2
      vertex 64.72124557247878 -36.36832501233121 10.2
    endloop
  endfacet
  facet normal 0.7866657143686193 -0.6173791815707019 0
    outer loop
      vertex 64.72124557247878 -36.36832501233121 4.2
      vertex 65.87265016521116 -34.90120311462693 4.2
      vertex 65.87265016521116 -34.90120311462693 10.2
    endloop
  endfacet
  facet normal 0.7446028722923225 -0.6675077247298515 0
    outer loop
      vertex 65.87265016521116 -34.90120311462693 4.2
      vertex 67.11754387539901 -33.512527900898625 4.2
      vertex 67.11754387539901 -33.512527900898625 10.2
    endloop
  endfacet
  facet normal 0.6993515264033705 -0.7147778973340431 0
    outer loop
      vertex 67.11754387539901 -33.512527900898625 4.2
      vertex 68.45059587705572 -32.20824589160476 4.2
      vertex 68.45059587705572 -32.20824589160476 10.2
    endloop
  endfacet
  facet normal 0.6511054499119457 -0.7589872812471647 0
    outer loop
      vertex 68.45059587705572 -32.20824589160476 4.2
      vertex 69.86609783685635 -30.993942222546174 4.2
      vertex 69.86609783685635 -30.993942222546174 10.2
    endloop
  endfacet
  facet normal 0.6000712399244835 -0.7999465651001278 0
    outer loop
      vertex 69.86609783685635 -30.993942222546174 4.2
      vertex 71.35798835809722 -29.874816728457038 4.2
      vertex 71.35798835809722 -29.874816728457038 10.2
    endloop
  endfacet
  facet normal 0.546467432763043 -0.8374803549513081 0
    outer loop
      vertex 71.35798835809722 -29.874816728457038 4.2
      vertex 72.91987893652717 -28.855661676514327 4.2
      vertex 72.91987893652717 -28.855661676514327 10.2
    endloop
  endfacet
  facet normal 0.4905235681593095 -0.8714279253502605 0
    outer loop
      vertex 72.91987893652717 -28.855661676514327 4.2
      vertex 74.54508131690356 -27.940841245113983 4.2
      vertex 74.54508131690356 -27.940841245113983 10.2
    endloop
  endfacet
  facet normal 0.43247920633016457 -0.9016439075888169 0
    outer loop
      vertex 74.54508131690356 -27.940841245113983 4.2
      vertex 76.22663613312803 -27.13427283578906 4.2
      vertex 76.22663613312803 -27.13427283578906 10.2
    endloop
  endfacet
  facet normal 0.3725829021441042 -0.927998912192184 0
    outer loop
      vertex 76.22663613312803 -27.13427283578906 4.2
      vertex 77.95734270932047 -26.439410298294913 4.2
      vertex 77.95734270932047 -26.439410298294913 10.2
    endloop
  endfacet
  facet normal 0.31109114077108924 -0.9503800829845617 0
    outer loop
      vertex 77.95734270932047 -26.439410298294913 4.2
      vertex 79.72978989421875 -25.85922914069434 4.2
      vertex 79.72978989421875 -25.85922914069434 10.2
    endloop
  endfacet
  facet normal 0.24826723937371942 -0.9686915803565923 0
    outer loop
      vertex 79.72978989421875 -25.85922914069434 4.2
      vertex 81.53638779686611 -25.396213787775196 4.2
      vertex 81.53638779686611 -25.396213787775196 10.2
    endloop
  endfacet
  facet normal 0.18438021954266098 -0.9828549916653017 0
    outer loop
      vertex 81.53638779686611 -25.396213787775196 4.2
      vertex 83.36940028768942 -25.05234694236212 4.2
      vertex 83.36940028768942 -25.05234694236212 10.2
    endloop
  endfacet
  facet normal 0.11970365530496138 -0.9928096670090552 0
    outer loop
      vertex 83.36940028768942 -25.05234694236212 4.2
      vertex 85.22097812579378 -24.829101095078556 4.2
      vertex 85.22097812579378 -24.829101095078556 10.2
    endloop
  endfacet
  facet normal 0.05451450163800499 -0.9985129789397632 0
    outer loop
      vertex 85.22097812579378 -24.829101095078556 4.2
      vertex 87.08319257061704 -24.727432218915897 4.2
      vertex 87.08319257061704 -24.727432218915897 10.2
    endloop
  endfacet
  facet normal -0.01090809149418006 -0.9999405050001497 0
    outer loop
      vertex 87.08319257061704 -24.727432218915897 4.2
      vertex 88.94806933401412 -24.747775675610356 4.2
      vertex 88.94806933401412 -24.747775675610356 10.2
    endloop
  endfacet
  facet normal -0.07628397450395638 -0.9970861323044664 0
    outer loop
      vertex 88.94806933401412 -24.747775675610356 4.2
      vertex 90.80762272738303 -24.8900443513572 4.2
      vertex 90.80762272738303 -24.8900443513572 10.2
    endloop
  endfacet
  facet normal -0.14133319782356207 -0.9899620837148088 0
    outer loop
      vertex 90.80762272738303 -24.8900443513572 4.2
      vertex 92.65388985760956 -25.15362902984537 4.2
      vertex 92.65388985760956 -25.15362902984537 10.2
    endloop
  endfacet
  facet normal -0.2057772106922358 -0.9785988655009381 0
    outer loop
      vertex 92.65388985760956 -25.15362902984537 4.2
      vertex 93.40241252266271 -25.311026418688357 4.2
      vertex 93.40241252266271 -25.311026418688357 10.2
    endloop
  endfacet
  facet normal 0.9196502204050928 -0.3927384270845724 0
    outer loop
      vertex 61.57474229364481 -41.87946283574183 4.2
      vertex 61.87514486355751 -41.176029531083365 10.2
      vertex 61.57474229364481 -41.87946283574183 10.2
    endloop
  endfacet
  facet normal 0.8919948565893118 -0.4520455461767243 0
    outer loop
      vertex 61.87514486355751 -41.176029531083365 4.2
      vertex 62.71820425643807 -39.51247007649076 10.2
      vertex 61.87514486355751 -41.176029531083365 10.2
    endloop
  endfacet
  facet normal 0.8605198338560818 -0.5094169368408372 0
    outer loop
      vertex 62.71820425643807 -39.51247007649076 4.2
      vertex 63.66826058843479 -37.90761115280882 10.2
      vertex 62.71820425643807 -39.51247007649076 10.2
    endloop
  endfacet
  facet normal 0.8253599330848621 -0.5646069259743028 0
    outer loop
      vertex 63.66826058843479 -37.90761115280882 4.2
      vertex 64.72124557247878 -36.36832501233121 10.2
      vertex 63.66826058843479 -37.90761115280882 10.2
    endloop
  endfacet
  facet normal 0.7866657143686193 -0.6173791815707019 0
    outer loop
      vertex 64.72124557247878 -36.36832501233121 4.2
      vertex 65.87265016521116 -34.90120311462693 10.2
      vertex 64.72124557247878 -36.36832501233121 10.2
    endloop
  endfacet
  facet normal 0.7446028722923225 -0.6675077247298515 0
    outer loop
      vertex 65.87265016521116 -34.90120311462693 4.2
      vertex 67.11754387539901 -33.512527900898625 10.2
      vertex 65.87265016521116 -34.90120311462693 10.2
    endloop
  endfacet
  facet normal 0.6993515264033705 -0.7147778973340431 0
    outer loop
      vertex 67.11754387539901 -33.512527900898625 4.2
      vertex 68.45059587705572 -32.20824589160476 10.2
      vertex 67.11754387539901 -33.512527900898625 10.2
    endloop
  endfacet
  facet normal 0.6511054499119457 -0.7589872812471647 0
    outer loop
      vertex 68.45059587705572 -32.20824589160476 4.2
      vertex 69.86609783685635 -30.993942222546174 10.2
      vertex 68.45059587705572 -32.20824589160476 10.2
    endloop
  endfacet
  facet normal 0.6000712399244835 -0.7999465651001278 0
    outer loop
      vertex 69.86609783685635 -30.993942222546174 4.2
      vertex 71.35798835809722 -29.874816728457038 10.2
      vertex 69.86609783685635 -30.993942222546174 10.2
    endloop
  endfacet
  facet normal 0.546467432763043 -0.8374803549513081 0
    outer loop
      vertex 71.35798835809722 -29.874816728457038 4.2
      vertex 72.91987893652717 -28.855661676514327 10.2
      vertex 71.35798835809722 -29.874816728457038 10.2
    endloop
  endfacet
  facet normal 0.4905235681593095 -0.8714279253502605 0
    outer loop
      vertex 72.91987893652717 -28.855661676514327 4.2
      vertex 74.54508131690356 -27.940841245113983 10.2
      vertex 72.91987893652717 -28.855661676514327 10.2
    endloop
  endfacet
  facet normal 0.43247920633016457 -0.9016439075888169 0
    outer loop
      vertex 74.54508131690356 -27.940841245113983 4.2
      vertex 76.22663613312803 -27.13427283578906 10.2
      vertex 74.54508131690356 -27.940841245113983 10.2
    endloop
  endfacet
  facet normal 0.3725829021441042 -0.927998912192184 0
    outer loop
      vertex 76.22663613312803 -27.13427283578906 4.2
      vertex 77.95734270932047 -26.439410298294913 10.2
      vertex 76.22663613312803 -27.13427283578906 10.2
    endloop
  endfacet
  facet normal 0.31109114077108924 -0.9503800829845617 0
    outer loop
      vertex 77.95734270932047 -26.439410298294913 4.2
      vertex 79.72978989421875 -25.85922914069434 10.2
      vertex 77.95734270932047 -26.439410298294913 10.2
    endloop
  endfacet
  facet normal 0.24826723937371942 -0.9686915803565923 0
    outer loop
      vertex 79.72978989421875 -25.85922914069434 4.2
      vertex 81.53638779686611 -25.396213787775196 10.2
      vertex 79.72978989421875 -25.85922914069434 10.2
    endloop
  endfacet
  facet normal 0.18438021954266098 -0.9828549916653017 0
    outer loop
      vertex 81.53638779686611 -25.396213787775196 4.2
      vertex 83.36940028768942 -25.05234694236212 10.2
      vertex 81.53638779686611 -25.396213787775196 10.2
    endloop
  endfacet
  facet normal 0.11970365530496138 -0.9928096670090552 0
    outer loop
      vertex 83.36940028768942 -25.05234694236212 4.2
      vertex 85.22097812579378 -24.829101095078556 10.2
      vertex 83.36940028768942 -25.05234694236212 10.2
    endloop
  endfacet
  facet normal 0.05451450163800499 -0.9985129789397632 0
    outer loop
      vertex 85.22097812579378 -24.829101095078556 4.2
      vertex 87.08319257061704 -24.727432218915897 10.2
      vertex 85.22097812579378 -24.829101095078556 10.2
    endloop
  endfacet
  facet normal -0.01090809149418006 -0.9999405050001497 0
    outer loop
      vertex 87.08319257061704 -24.727432218915897 4.2
      vertex 88.94806933401412 -24.747775675610356 10.2
      vertex 87.08319257061704 -24.727432218915897 10.2
    endloop
  endfacet
  facet normal -0.07628397450395638 -0.9970861323044664 0
    outer loop
      vertex 88.94806933401412 -24.747775675610356 4.2
      vertex 90.80762272738303 -24.8900443513572 10.2
      vertex 88.94806933401412 -24.747775675610356 10.2
    endloop
  endfacet
  facet normal -0.14133319782356207 -0.9899620837148088 0
    outer loop
      vertex 90.80762272738303 -24.8900443513572 4.2
      vertex 92.65388985760956 -25.15362902984537 10.2
      vertex 90.80762272738303 -24.8900443513572 10.2
    endloop
  endfacet
  facet normal -0.2057772106922358 -0.9785988655009381 0
    outer loop
      vertex 92.65388985760956 -25.15362902984537 4.2
      vertex 93.40241252266271 -25.311026418688357 10.2
      vertex 92.65388985760956 -25.15362902984537 10.2
    endloop
  endfacet
  facet normal 0.7999465651001342 0.6000712399244748 0
    outer loop
      vertex 96.5970600326752 -18.964091677924973 4.2
      vertex 96.5970600326752 -18.964091677924973 10.2
      vertex 97.05604985942112 -19.575964587160744 4.2
    endloop
  endfacet
  facet normal 0.8374803549513099 0.5464674327630403 0
    outer loop
      vertex 95.5779049807325 -17.40220109949502 4.2
      vertex 95.5779049807325 -17.40220109949502 10.2
      vertex 96.5970600326752 -18.964091677924973 4.2
    endloop
  endfacet
  facet normal 0.8714279253502605 0.4905235681593095 0
    outer loop
      vertex 94.66308454933215 -15.776998719118627 4.2
      vertex 94.66308454933215 -15.776998719118627 10.2
      vertex 95.5779049807325 -17.40220109949502 4.2
    endloop
  endfacet
  facet normal 0.901643907588816 0.43247920633016645 0
    outer loop
      vertex 94.66308454933215 -15.776998719118627 4.2
      vertex 93.85651614000723 -14.095443902894173 4.2
      vertex 93.85651614000723 -14.095443902894173 10.2
    endloop
  endfacet
  facet normal 0.9503800829845588 0.3110911407710978 0
    outer loop
      vertex 92.58147244491249 -10.592290141803435 4.2
      vertex 92.58147244491249 -10.592290141803435 10.2
      vertex 93.16165360251308 -12.364737326701718 4.2
    endloop
  endfacet
  facet normal 0.9279989121921847 0.37258290214410256 0
    outer loop
      vertex 93.16165360251308 -12.364737326701718 4.2
      vertex 93.16165360251308 -12.364737326701718 10.2
      vertex 93.85651614000723 -14.095443902894173 4.2
    endloop
  endfacet
  facet normal 0.9686915803565938 0.24826723937371364 0
    outer loop
      vertex 92.58147244491249 -10.592290141803435 4.2
      vertex 92.11845709199336 -8.785692239156091 4.2
      vertex 92.11845709199336 -8.785692239156091 10.2
    endloop
  endfacet
  facet normal 0.9828549916653017 0.18438021954266115 0
    outer loop
      vertex 92.11845709199336 -8.785692239156091 4.2
      vertex 91.77459024658029 -6.952679748332786 4.2
      vertex 91.77459024658029 -6.952679748332786 10.2
    endloop
  endfacet
  facet normal 0.9928096670090553 0.11970365530496094 0
    outer loop
      vertex 91.77459024658029 -6.952679748332786 4.2
      vertex 91.55134439929672 -5.101101910228417 4.2
      vertex 91.55134439929672 -5.101101910228417 10.2
    endloop
  endfacet
  facet normal 0.9985129789397631 0.05451450163800691 0
    outer loop
      vertex 91.55134439929672 -5.101101910228417 4.2
      vertex 91.44967552313406 -3.238887465405152 4.2
      vertex 91.44967552313406 -3.238887465405152 10.2
    endloop
  endfacet
  facet normal 0.9999405050001497 -0.010908091494182023 0
    outer loop
      vertex 91.44967552313406 -3.238887465405152 4.2
      vertex 91.47001897982852 -1.374010702008084 4.2
      vertex 91.47001897982852 -1.374010702008084 10.2
    endloop
  endfacet
  facet normal 0.9970861323044667 -0.07628397450395061 0
    outer loop
      vertex 91.47001897982852 -1.374010702008084 4.2
      vertex 91.61228765557536 0.4855426913608303 4.2
      vertex 91.61228765557536 0.4855426913608303 10.2
    endloop
  endfacet
  facet normal 0.8374803549513099 0.5464674327630403 0
    outer loop
      vertex 96.5970600326752 -18.964091677924973 4.2
      vertex 95.5779049807325 -17.40220109949502 10.2
      vertex 96.5970600326752 -18.964091677924973 10.2
    endloop
  endfacet
  facet normal 0.7999465651001342 0.6000712399244748 0
    outer loop
      vertex 97.05604985942112 -19.575964587160744 4.2
      vertex 96.5970600326752 -18.964091677924973 10.2
      vertex 97.05604985942112 -19.575964587160744 10.2
    endloop
  endfacet
  facet normal 0.8714279253502605 0.4905235681593095 0
    outer loop
      vertex 95.5779049807325 -17.40220109949502 4.2
      vertex 94.66308454933215 -15.776998719118627 10.2
      vertex 95.5779049807325 -17.40220109949502 10.2
    endloop
  endfacet
  facet normal 0.901643907588816 0.43247920633016645 0
    outer loop
      vertex 94.66308454933215 -15.776998719118627 4.2
      vertex 93.85651614000723 -14.095443902894173 10.2
      vertex 94.66308454933215 -15.776998719118627 10.2
    endloop
  endfacet
  facet normal 0.9279989121921847 0.37258290214410256 0
    outer loop
      vertex 93.85651614000723 -14.095443902894173 4.2
      vertex 93.16165360251308 -12.364737326701718 10.2
      vertex 93.85651614000723 -14.095443902894173 10.2
    endloop
  endfacet
  facet normal 0.9503800829845588 0.3110911407710978 0
    outer loop
      vertex 93.16165360251308 -12.364737326701718 4.2
      vertex 92.58147244491249 -10.592290141803435 10.2
      vertex 93.16165360251308 -12.364737326701718 10.2
    endloop
  endfacet
  facet normal 0.9686915803565938 0.24826723937371364 0
    outer loop
      vertex 92.58147244491249 -10.592290141803435 4.2
      vertex 92.11845709199336 -8.785692239156091 10.2
      vertex 92.58147244491249 -10.592290141803435 10.2
    endloop
  endfacet
  facet normal 0.9828549916653017 0.18438021954266115 0
    outer loop
      vertex 92.11845709199336 -8.785692239156091 4.2
      vertex 91.77459024658029 -6.952679748332786 10.2
      vertex 92.11845709199336 -8.785692239156091 10.2
    endloop
  endfacet
  facet normal 0.9928096670090553 0.11970365530496094 0
    outer loop
      vertex 91.77459024658029 -6.952679748332786 4.2
      vertex 91.55134439929672 -5.101101910228417 10.2
      vertex 91.77459024658029 -6.952679748332786 10.2
    endloop
  endfacet
  facet normal 0.9985129789397631 0.05451450163800691 0
    outer loop
      vertex 91.55134439929672 -5.101101910228417 4.2
      vertex 91.44967552313406 -3.238887465405152 10.2
      vertex 91.55134439929672 -5.101101910228417 10.2
    endloop
  endfacet
  facet normal 0.9999405050001497 -0.010908091494182023 0
    outer loop
      vertex 91.44967552313406 -3.238887465405152 4.2
      vertex 91.47001897982852 -1.374010702008084 10.2
      vertex 91.44967552313406 -3.238887465405152 10.2
    endloop
  endfacet
  facet normal 0.9970861323044667 -0.07628397450395061 0
    outer loop
      vertex 91.47001897982852 -1.374010702008084 4.2
      vertex 91.61228765557536 0.4855426913608303 10.2
      vertex 91.47001897982852 -1.374010702008084 10.2
    endloop
  endfacet
  facet normal 0.9899620837148073 -0.14133319782357123 0
    outer loop
      vertex 91.61228765557536 0.4855426913608303 4.2
      vertex 91.87587233406354 2.3318098215873544 4.2
      vertex 91.87587233406354 2.3318098215873544 10.2
    endloop
  endfacet
  facet normal 0.9785988655009386 -0.20577721069223434 0
    outer loop
      vertex 91.87587233406354 2.3318098215873544 4.2
      vertex 92.25964430523352 4.156884689375772 4.2
      vertex 92.25964430523352 4.156884689375772 10.2
    endloop
  endfacet
  facet normal 0.9630451367077648 -0.26934005395321864 0
    outer loop
      vertex 92.25964430523352 4.156884689375772 4.2
      vertex 92.76196019858699 5.9529520439516235 4.2
      vertex 92.76196019858699 5.9529520439516235 10.2
    endloop
  endfacet
  facet normal 0.9433675007898225 -0.33174954175336024 0
    outer loop
      vertex 92.76196019858699 5.9529520439516235 4.2
      vertex 93.38066902035172 7.712320849165337 4.2
      vertex 93.38066902035172 7.712320849165337 10.2
    endloop
  endfacet
  facet normal 0.919650220405093 -0.39273842708457213 0
    outer loop
      vertex 93.38066902035172 7.712320849165337 4.2
      vertex 94.11312136436695 9.427457217689774 4.2
      vertex 94.11312136436695 9.427457217689774 10.2
    endloop
  endfacet
  facet normal 0.8919948565893124 -0.4520455461767232 0
    outer loop
      vertex 94.11312136436695 9.427457217689774 4.2
      vertex 94.95618075724751 11.091016672282388 4.2
      vertex 94.95618075724751 11.091016672282388 10.2
    endloop
  endfacet
  facet normal 0.860519833856081 -0.5094169368408384 0
    outer loop
      vertex 94.95618075724751 11.091016672282388 4.2
      vertex 95.90623708924423 12.69587559596432 4.2
      vertex 95.90623708924423 12.69587559596432 10.2
    endloop
  endfacet
  facet normal 0.8253599330848638 -0.5646069259743007 0
    outer loop
      vertex 95.90623708924423 12.69587559596432 4.2
      vertex 96.95922207328822 14.235161736441936 4.2
      vertex 96.95922207328822 14.235161736441936 10.2
    endloop
  endfacet
  facet normal 0.7866657143686175 -0.6173791815707043 0
    outer loop
      vertex 96.95922207328822 14.235161736441936 4.2
      vertex 98.1106266660206 15.702283634146209 4.2
      vertex 98.1106266660206 15.702283634146209 10.2
    endloop
  endfacet
  facet normal 0.7446028722923244 -0.6675077247298493 0
    outer loop
      vertex 98.1106266660206 15.702283634146209 4.2
      vertex 98.62119813577455 16.27182458296919 4.2
      vertex 98.62119813577455 16.27182458296919 10.2
    endloop
  endfacet
  facet normal 0.9899620837148073 -0.14133319782357123 0
    outer loop
      vertex 91.61228765557536 0.4855426913608303 4.2
      vertex 91.87587233406354 2.3318098215873544 10.2
      vertex 91.61228765557536 0.4855426913608303 10.2
    endloop
  endfacet
  facet normal 0.9785988655009386 -0.20577721069223434 0
    outer loop
      vertex 91.87587233406354 2.3318098215873544 4.2
      vertex 92.25964430523352 4.156884689375772 10.2
      vertex 91.87587233406354 2.3318098215873544 10.2
    endloop
  endfacet
  facet normal 0.9630451367077648 -0.26934005395321864 0
    outer loop
      vertex 92.25964430523352 4.156884689375772 4.2
      vertex 92.76196019858699 5.9529520439516235 10.2
      vertex 92.25964430523352 4.156884689375772 10.2
    endloop
  endfacet
  facet normal 0.9433675007898225 -0.33174954175336024 0
    outer loop
      vertex 92.76196019858699 5.9529520439516235 4.2
      vertex 93.38066902035172 7.712320849165337 10.2
      vertex 92.76196019858699 5.9529520439516235 10.2
    endloop
  endfacet
  facet normal 0.919650220405093 -0.39273842708457213 0
    outer loop
      vertex 93.38066902035172 7.712320849165337 4.2
      vertex 94.11312136436695 9.427457217689774 10.2
      vertex 93.38066902035172 7.712320849165337 10.2
    endloop
  endfacet
  facet normal 0.8919948565893124 -0.4520455461767232 0
    outer loop
      vertex 94.11312136436695 9.427457217689774 4.2
      vertex 94.95618075724751 11.091016672282388 10.2
      vertex 94.11312136436695 9.427457217689774 10.2
    endloop
  endfacet
  facet normal 0.860519833856081 -0.5094169368408384 0
    outer loop
      vertex 94.95618075724751 11.091016672282388 4.2
      vertex 95.90623708924423 12.69587559596432 10.2
      vertex 94.95618075724751 11.091016672282388 10.2
    endloop
  endfacet
  facet normal 0.8253599330848638 -0.5646069259743007 0
    outer loop
      vertex 95.90623708924423 12.69587559596432 4.2
      vertex 96.95922207328822 14.235161736441936 10.2
      vertex 95.90623708924423 12.69587559596432 10.2
    endloop
  endfacet
  facet normal 0.7866657143686175 -0.6173791815707043 0
    outer loop
      vertex 96.95922207328822 14.235161736441936 4.2
      vertex 98.1106266660206 15.702283634146209 10.2
      vertex 96.95922207328822 14.235161736441936 10.2
    endloop
  endfacet
  facet normal 0.7446028722923244 -0.6675077247298493 0
    outer loop
      vertex 98.1106266660206 15.702283634146209 4.2
      vertex 98.62119813577455 16.27182458296919 10.2
      vertex 98.1106266660206 15.702283634146209 10.2
    endloop
  endfacet
  facet normal 0 0 -1
    outer loop
      vertex 21.37880186422545 -16.271824582969195 4.2
      vertex 21.889373333979407 -15.702283634146209 4.2
      vertex 36.698289302134455 -8.297004191452377 4.2
    endloop
  endfacet
  facet normal 0 0 -1
    outer loop
      vertex 21.889373333979407 -15.702283634146209 4.2
      vertex 23.040777926711783 -14.235161736441936 4.2
      vertex 36.698289302134455 -8.297004191452377 4.2
    endloop
  endfacet
  facet normal 0 0 -1
    outer loop
      vertex 23.040777926711783 -14.235161736441936 4.2
      vertex 24.09376291075578 -12.69587559596432 4.2
      vertex 36.698289302134455 -8.297004191452377 4.2
    endloop
  endfacet
  facet normal 0 0 -1
    outer loop
      vertex 24.09376291075578 -12.69587559596432 4.2
      vertex 25.04381924275249 -11.091016672282388 4.2
      vertex 36.698289302134455 -8.297004191452377 4.2
    endloop
  endfacet
  facet normal 0 0 -1
    outer loop
      vertex 24.518692434223688 -22.3034982485811 4.2
      vertex 39.838179872132685 -14.328677857064285 4.2
      vertex 25.278084830882314 -22.211937853158396 4.2
    endloop
  endfacet
  facet normal 0 0 -1
    outer loop
      vertex 25.278084830882314 -22.211937853158396 4.2
      vertex 39.838179872132685 -14.328677857064285 4.2
      vertex 27.140299275705573 -22.110268976995734 4.2
    endloop
  endfacet
  facet normal 0 0 -1
    outer loop
      vertex 27.140299275705573 -22.110268976995734 4.2
      vertex 39.838179872132685 -14.328677857064285 4.2
      vertex 29.005176039102643 -22.130612433690196 4.2
    endloop
  endfacet
  facet normal 0 0 -1
    outer loop
      vertex 29.005176039102643 -22.130612433690196 4.2
      vertex 39.838179872132685 -14.328677857064285 4.2
      vertex 30.864729432471556 -22.272881109437037 4.2
    endloop
  endfacet
  facet normal 0 0 -1
    outer loop
      vertex 30.864729432471556 -22.272881109437037 4.2
      vertex 39.838179872132685 -14.328677857064285 4.2
      vertex 32.710996562698085 -22.536465787925213 4.2
    endloop
  endfacet
  facet normal 0 0 -1
    outer loop
      vertex 32.710996562698085 -22.536465787925213 4.2
      vertex 39.838179872132685 -14.328677857064285 4.2
      vertex 34.5360714304865 -22.92023775909519 4.2
    endloop
  endfacet
  facet normal 0 0 -1
    outer loop
      vertex 34.5360714304865 -22.92023775909519 4.2
      vertex 39.838179872132685 -14.328677857064285 4.2
      vertex 36.332138785062355 -23.42255365244867 4.2
    endloop
  endfacet
  facet normal 0 0 -1
    outer loop
      vertex 25.04381924275249 -11.091016672282388 4.2
      vertex 25.886878635633053 -9.427457217689774 4.2
      vertex 36.698289302134455 -8.297004191452377 4.2
    endloop
  endfacet
  facet normal 0 0 -1
    outer loop
      vertex 25.886878635633053 -9.427457217689774 4.2
      vertex 26.61933097964829 -7.712320849165337 4.2
      vertex 36.698289302134455 -8.297004191452377 4.2
    endloop
  endfacet
  facet normal 0 0 -1
    outer loop
      vertex 26.61933097964829 -7.712320849165337 4.2
      vertex 27.23803980141301 -5.9529520439516235 4.2
      vertex 36.698289302134455 -8.297004191452377 4.2
    endloop
  endfacet
  facet normal 0 0 -1
    outer loop
      vertex 27.23803980141301 -5.9529520439516235 4.2
      vertex 27.740355694766478 -4.156884689375772 4.2
      vertex 36.698289302134455 -8.297004191452377 4.2
    endloop
  endfacet
  facet normal 0 0 -1
    outer loop
      vertex 27.740355694766478 -4.156884689375772 4.2
      vertex 28.12412766593646 -2.3318098215873544 4.2
      vertex 36.698289302134455 -8.297004191452377 4.2
    endloop
  endfacet
  facet normal 0 0 -1
    outer loop
      vertex 28.12412766593646 -2.3318098215873544 4.2
      vertex 28.38771234442464 -0.4855426913608303 4.2
      vertex 36.698289302134455 -8.297004191452377 4.2
    endloop
  endfacet
  facet normal 0 0 -1
    outer loop
      vertex 28.38771234442464 -0.4855426913608303 4.2
      vertex 28.52998102017148 1.374010702008084 4.2
      vertex 36.698289302134455 -8.297004191452377 4.2
    endloop
  endfacet
  facet normal 0 0 -1
    outer loop
      vertex 36.698289302134455 -8.297004191452377 4.2
      vertex 37.70154776325838 10.182969435091659 4.2
      vertex 36.898895841613864 -8.20078199525221 4.2
    endloop
  endfacet
  facet normal 0 0 -1
    outer loop
      vertex 36.898895841613864 -8.20078199525221 4.2
      vertex 37.90000748766592 10.082393928572575 4.2
      vertex 37.1053660998263 -8.117886113586241 4.2
    endloop
  endfacet
  facet normal 0 0 1
    outer loop
      vertex 21.37880186422545 -16.271824582969195 10.2
      vertex 36.698289302134455 -8.297004191452377 10.2
      vertex 21.889373333979407 -15.702283634146209 10.2
    endloop
  endfacet
  facet normal 0 0 1
    outer loop
      vertex 21.889373333979407 -15.702283634146209 10.2
      vertex 36.698289302134455 -8.297004191452377 10.2
      vertex 23.040777926711783 -14.235161736441936 10.2
    endloop
  endfacet
  facet normal 0 0 1
    outer loop
      vertex 23.040777926711783 -14.235161736441936 10.2
      vertex 36.698289302134455 -8.297004191452377 10.2
      vertex 24.09376291075578 -12.69587559596432 10.2
    endloop
  endfacet
  facet normal 0 0 1
    outer loop
      vertex 24.09376291075578 -12.69587559596432 10.2
      vertex 36.698289302134455 -8.297004191452377 10.2
      vertex 25.04381924275249 -11.091016672282388 10.2
    endloop
  endfacet
  facet normal 0 0 1
    outer loop
      vertex 24.518692434223688 -22.3034982485811 10.2
      vertex 25.278084830882314 -22.211937853158396 10.2
      vertex 39.838179872132685 -14.328677857064285 10.2
    endloop
  endfacet
  facet normal 0 0 1
    outer loop
      vertex 25.278084830882314 -22.211937853158396 10.2
      vertex 27.140299275705573 -22.110268976995734 10.2
      vertex 39.838179872132685 -14.328677857064285 10.2
    endloop
  endfacet
  facet normal 0 0 1
    outer loop
      vertex 27.140299275705573 -22.110268976995734 10.2
      vertex 29.005176039102643 -22.130612433690196 10.2
      vertex 39.838179872132685 -14.328677857064285 10.2
    endloop
  endfacet
  facet normal 0 0 1
    outer loop
      vertex 29.005176039102643 -22.130612433690196 10.2
      vertex 30.864729432471556 -22.272881109437037 10.2
      vertex 39.838179872132685 -14.328677857064285 10.2
    endloop
  endfacet
  facet normal 0 0 1
    outer loop
      vertex 30.864729432471556 -22.272881109437037 10.2
      vertex 32.710996562698085 -22.536465787925213 10.2
      vertex 39.838179872132685 -14.328677857064285 10.2
    endloop
  endfacet
  facet normal 0 0 1
    outer loop
      vertex 32.710996562698085 -22.536465787925213 10.2
      vertex 34.5360714304865 -22.92023775909519 10.2
      vertex 39.838179872132685 -14.328677857064285 10.2
    endloop
  endfacet
  facet normal 0 0 1
    outer loop
      vertex 34.5360714304865 -22.92023775909519 10.2
      vertex 36.332138785062355 -23.42255365244867 10.2
      vertex 39.838179872132685 -14.328677857064285 10.2
    endloop
  endfacet
  facet normal 0 0 1
    outer loop
      vertex 25.04381924275249 -11.091016672282388 10.2
      vertex 36.698289302134455 -8.297004191452377 10.2
      vertex 25.886878635633053 -9.427457217689774 10.2
    endloop
  endfacet
  facet normal 0 0 1
    outer loop
      vertex 25.886878635633053 -9.427457217689774 10.2
      vertex 36.698289302134455 -8.297004191452377 10.2
      vertex 26.61933097964829 -7.712320849165337 10.2
    endloop
  endfacet
  facet normal 0 0 1
    outer loop
      vertex 26.61933097964829 -7.712320849165337 10.2
      vertex 36.698289302134455 -8.297004191452377 10.2
      vertex 27.23803980141301 -5.9529520439516235 10.2
    endloop
  endfacet
  facet normal 0 0 1
    outer loop
      vertex 27.23803980141301 -5.9529520439516235 10.2
      vertex 36.698289302134455 -8.297004191452377 10.2
      vertex 27.740355694766478 -4.156884689375772 10.2
    endloop
  endfacet
  facet normal 0 0 1
    outer loop
      vertex 27.740355694766478 -4.156884689375772 10.2
      vertex 36.698289302134455 -8.297004191452377 10.2
      vertex 28.12412766593646 -2.3318098215873544 10.2
    endloop
  endfacet
  facet normal 0 0 1
    outer loop
      vertex 28.12412766593646 -2.3318098215873544 10.2
      vertex 36.698289302134455 -8.297004191452377 10.2
      vertex 28.38771234442464 -0.4855426913608303 10.2
    endloop
  endfacet
  facet normal 0 0 1
    outer loop
      vertex 36.698289302134455 -8.297004191452377 10.2
      vertex 36.898895841613864 -8.20078199525221 10.2
      vertex 37.510090909205104 10.296309488733373 10.2
    endloop
  endfacet
  facet normal 0 0 1
    outer loop
      vertex 36.898895841613864 -8.20078199525221 10.2
      vertex 37.1053660998263 -8.117886113586241 10.2
      vertex 37.510090909205104 10.296309488733373 10.2
    endloop
  endfacet
  facet normal 0 0 -1
    outer loop
      vertex 28.52998102017148 1.374010702008084 4.2
      vertex 28.550324476865942 3.238887465405152 4.2
      vertex 37.510090909205104 10.296309488733373 4.2
    endloop
  endfacet
  facet normal 0 0 -1
    outer loop
      vertex 36.698289302134455 -8.297004191452377 4.2
      vertex 28.52998102017148 1.374010702008084 4.2
      vertex 37.510090909205104 10.296309488733373 4.2
    endloop
  endfacet
  facet normal 0 0 -1
    outer loop
      vertex 36.698289302134455 -8.297004191452377 4.2
      vertex 37.510090909205104 10.296309488733373 4.2
      vertex 37.70154776325838 10.182969435091659 4.2
    endloop
  endfacet
  facet normal 0 0 -1
    outer loop
      vertex 28.550324476865942 3.238887465405152 4.2
      vertex 28.44865560070328 5.101101910228417 4.2
      vertex 37.510090909205104 10.296309488733373 4.2
    endloop
  endfacet
  facet normal 0 0 -1
    outer loop
      vertex 28.44865560070328 5.101101910228417 4.2
      vertex 28.225409753419708 6.952679748332786 4.2
      vertex 37.510090909205104 10.296309488733373 4.2
    endloop
  endfacet
  facet normal 0 0 -1
    outer loop
      vertex 28.225409753419708 6.952679748332786 4.2
      vertex 27.881542908006637 8.785692239156091 4.2
      vertex 37.510090909205104 10.296309488733373 4.2
    endloop
  endfacet
  facet normal 0 0 -1
    outer loop
      vertex 27.881542908006637 8.785692239156091 4.2
      vertex 27.4185275550875 10.592290141803435 4.2
      vertex 37.510090909205104 10.296309488733373 4.2
    endloop
  endfacet
  facet normal 0 0 -1
    outer loop
      vertex 23.402939967324798 18.964091677924973 4.2
      vertex 37.510090909205104 10.296309488733373 4.2
      vertex 24.422095019267502 17.40220109949502 4.2
    endloop
  endfacet
  facet normal 0 0 -1
    outer loop
      vertex 24.422095019267502 17.40220109949502 4.2
      vertex 37.510090909205104 10.296309488733373 4.2
      vertex 25.336915450667853 15.776998719118627 4.2
    endloop
  endfacet
  facet normal 0 0 -1
    outer loop
      vertex 22.943950140578874 19.575964587160744 4.2
      vertex 37.510090909205104 10.296309488733373 4.2
      vertex 23.402939967324798 18.964091677924973 4.2
    endloop
  endfacet
  facet normal 0 0 -1
    outer loop
      vertex 26.838346397486916 12.364737326701718 4.2
      vertex 37.510090909205104 10.296309488733373 4.2
      vertex 27.4185275550875 10.592290141803435 4.2
    endloop
  endfacet
  facet normal 0 0 -1
    outer loop
      vertex 26.14348385999277 14.095443902894173 4.2
      vertex 37.510090909205104 10.296309488733373 4.2
      vertex 26.838346397486916 12.364737326701718 4.2
    endloop
  endfacet
  facet normal 0 0 -1
    outer loop
      vertex 26.14348385999277 14.095443902894173 4.2
      vertex 25.336915450667853 15.776998719118627 4.2
      vertex 37.510090909205104 10.296309488733373 4.2
    endloop
  endfacet
  facet normal 0 0 -1
    outer loop
      vertex 26.59758747733729 25.311026418688357 4.2
      vertex 27.34611014239045 25.15362902984537 4.2
      vertex 41.1637282459635 16.031371320260995 4.2
    endloop
  endfacet
  facet normal 0 0 -1
    outer loop
      vertex 27.34611014239045 25.15362902984537 4.2
      vertex 29.192377272616973 24.8900443513572 4.2
      vertex 41.1637282459635 16.031371320260995 4.2
    endloop
  endfacet
  facet normal 0 0 -1
    outer loop
      vertex 29.192377272616973 24.8900443513572 4.2
      vertex 31.051930665985886 24.747775675610356 4.2
      vertex 41.1637282459635 16.031371320260995 4.2
    endloop
  endfacet
  facet normal 0 0 -1
    outer loop
      vertex 31.051930665985886 24.747775675610356 4.2
      vertex 32.916807429382956 24.727432218915897 4.2
      vertex 41.1637282459635 16.031371320260995 4.2
    endloop
  endfacet
  facet normal 0 0 -1
    outer loop
      vertex 32.916807429382956 24.727432218915897 4.2
      vertex 34.77902187420622 24.829101095078556 4.2
      vertex 41.1637282459635 16.031371320260995 4.2
    endloop
  endfacet
  facet normal 0 0 1
    outer loop
      vertex 28.38771234442464 -0.4855426913608303 10.2
      vertex 37.510090909205104 10.296309488733373 10.2
      vertex 28.52998102017148 1.374010702008084 10.2
    endloop
  endfacet
  facet normal 0 0 1
    outer loop
      vertex 28.52998102017148 1.374010702008084 10.2
      vertex 37.510090909205104 10.296309488733373 10.2
      vertex 28.550324476865942 3.238887465405152 10.2
    endloop
  endfacet
  facet normal 0 0 1
    outer loop
      vertex 28.38771234442464 -0.4855426913608303 10.2
      vertex 36.698289302134455 -8.297004191452377 10.2
      vertex 37.510090909205104 10.296309488733373 10.2
    endloop
  endfacet
  facet normal 0 0 1
    outer loop
      vertex 28.550324476865942 3.238887465405152 10.2
      vertex 37.510090909205104 10.296309488733373 10.2
      vertex 28.44865560070328 5.101101910228417 10.2
    endloop
  endfacet
  facet normal 0 0 1
    outer loop
      vertex 28.44865560070328 5.101101910228417 10.2
      vertex 37.510090909205104 10.296309488733373 10.2
      vertex 28.225409753419708 6.952679748332786 10.2
    endloop
  endfacet
  facet normal 0 0 1
    outer loop
      vertex 28.225409753419708 6.952679748332786 10.2
      vertex 37.510090909205104 10.296309488733373 10.2
      vertex 27.881542908006637 8.785692239156091 10.2
    endloop
  endfacet
  facet normal 0 0 1
    outer loop
      vertex 27.881542908006637 8.785692239156091 10.2
      vertex 37.510090909205104 10.296309488733373 10.2
      vertex 27.4185275550875 10.592290141803435 10.2
    endloop
  endfacet
  facet normal 0 0 1
    outer loop
      vertex 23.402939967324798 18.964091677924973 10.2
      vertex 24.422095019267502 17.40220109949502 10.2
      vertex 37.510090909205104 10.296309488733373 10.2
    endloop
  endfacet
  facet normal 0 0 1
    outer loop
      vertex 24.422095019267502 17.40220109949502 10.2
      vertex 25.336915450667853 15.776998719118627 10.2
      vertex 37.510090909205104 10.296309488733373 10.2
    endloop
  endfacet
  facet normal 0 0 1
    outer loop
      vertex 22.943950140578874 19.575964587160744 10.2
      vertex 23.402939967324798 18.964091677924973 10.2
      vertex 37.510090909205104 10.296309488733373 10.2
    endloop
  endfacet
  facet normal 0 0 1
    outer loop
      vertex 26.838346397486916 12.364737326701718 10.2
      vertex 27.4185275550875 10.592290141803435 10.2
      vertex 37.510090909205104 10.296309488733373 10.2
    endloop
  endfacet
  facet normal 0 0 1
    outer loop
      vertex 26.14348385999277 14.095443902894173 10.2
      vertex 26.838346397486916 12.364737326701718 10.2
      vertex 37.510090909205104 10.296309488733373 10.2
    endloop
  endfacet
  facet normal 0 0 1
    outer loop
      vertex 26.14348385999277 14.095443902894173 10.2
      vertex 37.510090909205104 10.296309488733373 10.2
      vertex 25.336915450667853 15.776998719118627 10.2
    endloop
  endfacet
  facet normal 0 0 1
    outer loop
      vertex 26.59758747733729 25.311026418688357 10.2
      vertex 41.1637282459635 16.031371320260995 10.2
      vertex 27.34611014239045 25.15362902984537 10.2
    endloop
  endfacet
  facet normal 0 0 1
    outer loop
      vertex 27.34611014239045 25.15362902984537 10.2
      vertex 41.1637282459635 16.031371320260995 10.2
      vertex 29.192377272616973 24.8900443513572 10.2
    endloop
  endfacet
  facet normal 0 0 1
    outer loop
      vertex 29.192377272616973 24.8900443513572 10.2
      vertex 41.1637282459635 16.031371320260995 10.2
      vertex 31.051930665985886 24.747775675610356 10.2
    endloop
  endfacet
  facet normal 0 0 1
    outer loop
      vertex 31.051930665985886 24.747775675610356 10.2
      vertex 41.1637282459635 16.031371320260995 10.2
      vertex 32.916807429382956 24.727432218915897 10.2
    endloop
  endfacet
  facet normal 0 0 1
    outer loop
      vertex 32.916807429382956 24.727432218915897 10.2
      vertex 41.1637282459635 16.031371320260995 10.2
      vertex 34.77902187420622 24.829101095078556 10.2
    endloop
  endfacet
  facet normal 0 0 -1
    outer loop
      vertex 38.091507590276066 -24.04126247421339 4.2
      vertex 39.838179872132685 -14.328677857064285 4.2
      vertex 39.80664395880051 -24.773714818228623 4.2
    endloop
  endfacet
  facet normal 0 0 -1
    outer loop
      vertex 39.80664395880051 -24.773714818228623 4.2
      vertex 40.565241293026816 -13.819583969412752 4.2
      vertex 41.470203413393115 -25.616774211109174 4.2
    endloop
  endfacet
  facet normal 0 0 -1
    outer loop
      vertex 40.565241293026816 -13.819583969412752 4.2
      vertex 43.075062337075046 -26.5668305431059 4.2
      vertex 41.470203413393115 -25.616774211109174 4.2
    endloop
  endfacet
  facet normal 0 0 -1
    outer loop
      vertex 54.543263191588956 -40.85591266399158 4.2
      vertex 55.53456105617095 -24.32837551171337 4.2
      vertex 54.78121438688817 -41.582851001657545 4.2
    endloop
  endfacet
  facet normal 0 0 -1
    outer loop
      vertex 54.543263191588956 -40.85591266399158 4.2
      vertex 53.84840065409481 -39.125206087799135 4.2
      vertex 55.53456105617095 -24.32837551171337 4.2
    endloop
  endfacet
  facet normal 0 0 -1
    outer loop
      vertex 53.84840065409481 -39.125206087799135 4.2
      vertex 53.041832244769886 -37.44365127157467 4.2
      vertex 55.53456105617095 -24.32837551171337 4.2
    endloop
  endfacet
  facet normal 0 0 -1
    outer loop
      vertex 61.57474229364481 -41.87946283574183 4.2
      vertex 62.32808896292758 -24.62498734579766 4.2
      vertex 61.87514486355751 -41.176029531083365 4.2
    endloop
  endfacet
  facet normal 0 0 -1
    outer loop
      vertex 61.87514486355751 -41.176029531083365 4.2
      vertex 62.32808896292758 -24.62498734579766 4.2
      vertex 62.71820425643807 -39.51247007649076 4.2
    endloop
  endfacet
  facet normal 0 0 -1
    outer loop
      vertex 62.71820425643807 -39.51247007649076 4.2
      vertex 63.58749096613075 -1.7691547608760052 4.2
      vertex 63.66826058843479 -37.90761115280882 4.2
    endloop
  endfacet
  facet normal 0 0 -1
    outer loop
      vertex 62.71820425643807 -39.51247007649076 4.2
      vertex 62.32808896292758 -24.62498734579766 4.2
      vertex 63.58749096613075 -1.7691547608760052 4.2
    endloop
  endfacet
  facet normal 0 0 -1
    outer loop
      vertex 38.091507590276066 -24.04126247421339 4.2
      vertex 36.332138785062355 -23.42255365244867 4.2
      vertex 39.838179872132685 -14.328677857064285 4.2
    endloop
  endfacet
  facet normal 0 0 -1
    outer loop
      vertex 39.80664395880051 -24.773714818228623 4.2
      vertex 39.838179872132685 -14.328677857064285 4.2
      vertex 40.032063664879345 -14.21954138454635 4.2
    endloop
  endfacet
  facet normal 0 0 -1
    outer loop
      vertex 39.80664395880051 -24.773714818228623 4.2
      vertex 40.032063664879345 -14.21954138454635 4.2
      vertex 40.21839447072712 -14.097957974840902 4.2
    endloop
  endfacet
  facet normal 0 0 -1
    outer loop
      vertex 39.80664395880051 -24.773714818228623 4.2
      vertex 40.21839447072712 -14.097957974840902 4.2
      vertex 40.396374392559366 -13.964448266774129 4.2
    endloop
  endfacet
  facet normal 0 0 -1
    outer loop
      vertex 39.80664395880051 -24.773714818228623 4.2
      vertex 40.396374392559366 -13.964448266774129 4.2
      vertex 40.565241293026816 -13.819583969412752 4.2
    endloop
  endfacet
  facet normal 0 0 -1
    outer loop
      vertex 40.565241293026816 -13.819583969412752 4.2
      vertex 40.72427205813674 -13.663985413918047 4.2
      vertex 43.075062337075046 -26.5668305431059 4.2
    endloop
  endfacet
  facet normal 0 0 -1
    outer loop
      vertex 43.075062337075046 -26.5668305431059 4.2
      vertex 40.72427205813674 -13.663985413918047 4.2
      vertex 40.872785693738095 -13.498318897192565 4.2
    endloop
  endfacet
  facet normal 0 0 -1
    outer loop
      vertex 43.075062337075046 -26.5668305431059 4.2
      vertex 40.872785693738095 -13.498318897192565 4.2
      vertex 41.01014624164301 -13.32329382869451 4.2
    endloop
  endfacet
  facet normal 0 0 -1
    outer loop
      vertex 43.075062337075046 -26.5668305431059 4.2
      vertex 41.01014624164301 -13.32329382869451 4.2
      vertex 41.135765502897385 -13.139659692637533 4.2
    endloop
  endfacet
  facet normal 0 0 -1
    outer loop
      vertex 43.075062337075046 -26.5668305431059 4.2
      vertex 41.135765502897385 -13.139659692637533 4.2
      vertex 41.24910555653909 -12.94820283858425 4.2
    endloop
  endfacet
  facet normal 0 0 -1
    outer loop
      vertex 43.075062337075046 -26.5668305431059 4.2
      vertex 41.24910555653909 -12.94820283858425 4.2
      vertex 41.34968106305818 -12.74974311417671 4.2
    endloop
  endfacet
  facet normal 0 0 -1
    outer loop
      vertex 43.075062337075046 -26.5668305431059 4.2
      vertex 41.34968106305818 -12.74974311417671 4.2
      vertex 41.43706134269509 -12.545130354422916 4.2
    endloop
  endfacet
  facet normal 0 0 -1
    outer loop
      vertex 43.075062337075046 -26.5668305431059 4.2
      vertex 41.43706134269509 -12.545130354422916 4.2
      vertex 41.51087221967754 -12.33524074257286 4.2
    endloop
  endfacet
  facet normal 0 0 -1
    outer loop
      vertex 43.075062337075046 -26.5668305431059 4.2
      vertex 41.51087221967754 -12.33524074257286 4.2
      vertex 41.57079762449865 -12.12097305816732 4.2
    endloop
  endfacet
  facet normal 0 0 -1
    outer loop
      vertex 43.075062337075046 -26.5668305431059 4.2
      vertex 41.57079762449865 -12.12097305816732 4.2
      vertex 41.61658094737507 -11.903244828325896 4.2
    endloop
  endfacet
  facet normal 0 0 -1
    outer loop
      vertex 43.075062337075046 -26.5668305431059 4.2
      vertex 41.61658094737507 -11.903244828325896 4.2
      vertex 41.64802613708946 -11.68298839875501 4.2
    endloop
  endfacet
  facet normal 0 0 -1
    outer loop
      vertex 43.075062337075046 -26.5668305431059 4.2
      vertex 41.64802613708946 -11.68298839875501 4.2
      vertex 41.66499854051188 -11.461146941300473 4.2
    endloop
  endfacet
  facet normal 0 0 -1
    outer loop
      vertex 43.075062337075046 -26.5668305431059 4.2
      vertex 41.66499854051188 -11.461146941300473 4.2
      vertex 41.66742547920526 -11.238670415140822 4.2
    endloop
  endfacet
  facet normal 0 0 -1
    outer loop
      vertex 43.075062337075046 -26.5668305431059 4.2
      vertex 41.66742547920526 -11.238670415140822 4.2
      vertex 41.655296560645496 -11.016511498916293 4.2
    endloop
  endfacet
  facet normal 0 0 -1
    outer loop
      vertex 49.9887312673377 -32.76466779152746 4.2
      vertex 48.774427598279104 -31.349165831726822 4.2
      vertex 51.54940412294428 32.20824589160476 4.2
    endloop
  endfacet
  facet normal 0 0 -1
    outer loop
      vertex 51.10785676142683 -34.256558312768334 4.2
      vertex 54.12734983478884 34.90120311462693 4.2
      vertex 52.12701181336954 -35.81844889119829 4.2
    endloop
  endfacet
  facet normal 0 0 -1
    outer loop
      vertex 49.9887312673377 -32.76466779152746 4.2
      vertex 54.12734983478884 34.90120311462693 4.2
      vertex 51.10785676142683 -34.256558312768334 4.2
    endloop
  endfacet
  facet normal 0 0 -1
    outer loop
      vertex 43.075062337075046 -26.5668305431059 4.2
      vertex 41.655296560645496 -11.016511498916293 4.2
      vertex 42.63947261494938 12.355708370588196 4.2
    endloop
  endfacet
  facet normal 0 0 -1
    outer loop
      vertex 43.075062337075046 -26.5668305431059 4.2
      vertex 47.08012106347282 28.855661676514327 4.2
      vertex 44.61434847755267 -27.61981552714989 4.2
    endloop
  endfacet
  facet normal 0 0 -1
    outer loop
      vertex 37.1053660998263 -8.117886113586241 4.2
      vertex 38.10462024741972 9.995013648935672 4.2
      vertex 37.316815939428196 -8.048671519346174 4.2
    endloop
  endfacet
  facet normal 0 0 -1
    outer loop
      vertex 37.316815939428196 -8.048671519346174 4.2
      vertex 38.31450985926977 9.921202771953213 4.2
      vertex 37.53233989974402 -7.993434600050557 4.2
    endloop
  endfacet
  facet normal 0 0 -1
    outer loop
      vertex 37.53233989974402 -7.993434600050557 4.2
      vertex 38.52877754367532 9.861277367132095 4.2
      vertex 37.75101507408785 -7.952411888667944 4.2
    endloop
  endfacet
  facet normal 0 0 -1
    outer loop
      vertex 37.75101507408785 -7.952411888667944 4.2
      vertex 38.74650577351674 9.815494044255678 4.2
      vertex 37.97190506179153 -7.925779050746396 4.2
    endloop
  endfacet
  facet normal 0 0 -1
    outer loop
      vertex 37.97190506179153 -7.925779050746396 4.2
      vertex 38.966762203087626 9.784048854541297 4.2
      vertex 38.19406397801606 -7.913650132186639 4.2
    endloop
  endfacet
  facet normal 0 0 -1
    outer loop
      vertex 38.19406397801606 -7.913650132186639 4.2
      vertex 39.18860366054216 9.767076451118868 4.2
      vertex 38.416540504175714 -7.916077070880014 4.2
    endloop
  endfacet
  facet normal 0 0 -1
    outer loop
      vertex 38.416540504175714 -7.916077070880014 4.2
      vertex 39.41108018670181 9.764649512425496 4.2
      vertex 38.638381961630245 -7.933049474302445 4.2
    endloop
  endfacet
  facet normal 0 0 -1
    outer loop
      vertex 38.638381961630245 -7.933049474302445 4.2
      vertex 39.41108018670181 9.764649512425496 4.2
      vertex 38.85863839120113 -7.964494664016823 4.2
    endloop
  endfacet
  facet normal 0 0 -1
    outer loop
      vertex 38.85863839120113 -7.964494664016823 4.2
      vertex 39.41108018670181 9.764649512425496 4.2
      vertex 39.07636662104255 -8.010277986893243 4.2
    endloop
  endfacet
  facet normal 0 0 -1
    outer loop
      vertex 39.07636662104255 -8.010277986893243 4.2
      vertex 39.41108018670181 9.764649512425496 4.2
      vertex 39.290634305448094 -8.070203391714358 4.2
    endloop
  endfacet
  facet normal 0 0 -1
    outer loop
      vertex 39.290634305448094 -8.070203391714358 4.2
      vertex 40.07280426497385 9.844433980289413 4.2
      vertex 39.50052391729815 -8.144014268696818 4.2
    endloop
  endfacet
  facet normal 0 0 -1
    outer loop
      vertex 39.70513667705194 -8.231394548333721 4.2
      vertex 39.50052391729815 -8.144014268696818 4.2
      vertex 40.288328225289675 9.899670899585029 4.2
    endloop
  endfacet
  facet normal 0 0 -1
    outer loop
      vertex 39.70513667705194 -8.231394548333721 4.2
      vertex 40.49977806489157 9.968885493825097 4.2
      vertex 39.90359640145948 -8.331970054852805 4.2
    endloop
  endfacet
  facet normal 0 0 -1
    outer loop
      vertex 40.27868739156975 -8.57092936974889 4.2
      vertex 41.100738655330076 10.257140044209168 4.2
      vertex 40.453712460067806 -8.708289917653806 4.2
    endloop
  endfacet
  facet normal 0 0 -1
    outer loop
      vertex 39.90359640145948 -8.331970054852805 4.2
      vertex 40.706248323104006 10.051781375491066 4.2
      vertex 40.09505325551277 -8.445310108494521 4.2
    endloop
  endfacet
  facet normal 0 0 -1
    outer loop
      vertex 40.27868739156975 -8.57092936974889 4.2
      vertex 40.09505325551277 -8.445310108494521 4.2
      vertex 40.906854862583415 10.148003571691232 4.2
    endloop
  endfacet
  facet normal 0 0 -1
    outer loop
      vertex 40.619378976793286 -8.856803553255162 4.2
      vertex 40.453712460067806 -8.708289917653806 4.2
      vertex 41.4650493830101 10.512233161981388 4.2
    endloop
  endfacet
  facet normal 0 0 -1
    outer loop
      vertex 40.619378976793286 -8.856803553255162 4.2
      vertex 41.63391628347755 10.657097459342763 4.2
      vertex 40.77497753228799 -9.015834318365085 4.2
    endloop
  endfacet
  facet normal 0 0 -1
    outer loop
      vertex 41.28407141993952 -9.742895739259216 4.2
      vertex 41.17493494742158 -9.549011946512557 4.2
      vertex 42.20444049334811 11.337021736117984 4.2
    endloop
  endfacet
  facet normal 0 0 -1
    outer loop
      vertex 41.655296560645496 -11.016511498916293 4.2
      vertex 41.62866372272396 -10.795621511212616 4.2
      vertex 42.63947261494938 12.355708370588196 4.2
    endloop
  endfacet
  facet normal 0 0 -1
    outer loop
      vertex 41.58764101134134 -10.576946336868781 4.2
      vertex 42.63947261494938 12.355708370588196 4.2
      vertex 41.62866372272396 -10.795621511212616 4.2
    endloop
  endfacet
  facet normal 0 0 -1
    outer loop
      vertex 41.46318949780566 -10.149972536951056 4.2
      vertex 41.38029361613969 -9.943502278738624 4.2
      vertex 42.41835605350891 11.726938314578806 4.2
    endloop
  endfacet
  facet normal 0 0 -1
    outer loop
      vertex 41.532404092045724 -10.361422376552959 4.2
      vertex 41.46318949780566 -10.149972536951056 4.2
      vertex 42.50573633314582 11.931551074332598 4.2
    endloop
  endfacet
  facet normal 0 0 -1
    outer loop
      vertex 41.28407141993952 -9.742895739259216 4.2
      vertex 42.31778054698982 11.528478590171268 4.2
      vertex 41.38029361613969 -9.943502278738624 4.2
    endloop
  endfacet
  facet normal 0 0 -1
    outer loop
      vertex 41.58764101134134 -10.576946336868781 4.2
      vertex 41.532404092045724 -10.361422376552959 4.2
      vertex 42.579547210128275 12.141440686182657 4.2
    endloop
  endfacet
  facet normal 0 0 -1
    outer loop
      vertex 40.91984182964937 -9.18470121883253 4.2
      vertex 40.77497753228799 -9.015834318365085 4.2
      vertex 41.792947048587465 10.812696014837469 4.2
    endloop
  endfacet
  facet normal 0 0 -1
    outer loop
      vertex 40.91984182964937 -9.18470121883253 4.2
      vertex 41.941460684188826 10.97836253156295 4.2
      vertex 41.05335153771614 -9.362681140664774 4.2
    endloop
  endfacet
  facet normal 0 0 -1
    outer loop
      vertex 41.17493494742158 -9.549011946512557 4.2
      vertex 41.05335153771614 -9.362681140664774 4.2
      vertex 42.078821232093745 11.153387600061006 4.2
    endloop
  endfacet
  facet normal 0 0 -1
    outer loop
      vertex 43.075062337075046 -26.5668305431059 4.2
      vertex 42.63947261494938 12.355708370588196 4.2
      vertex 42.68525593782581 12.573436600429623 4.2
    endloop
  endfacet
  facet normal 0 0 -1
    outer loop
      vertex 43.075062337075046 -26.5668305431059 4.2
      vertex 42.68525593782581 12.573436600429623 4.2
      vertex 42.71670112754019 12.793693030000506 4.2
    endloop
  endfacet
  facet normal 0 0 -1
    outer loop
      vertex 43.075062337075046 -26.5668305431059 4.2
      vertex 42.71670112754019 12.793693030000506 4.2
      vertex 42.73367353096262 13.015534487455044 4.2
    endloop
  endfacet
  facet normal 0 0 -1
    outer loop
      vertex 43.075062337075046 -26.5668305431059 4.2
      vertex 42.73367353096262 13.015534487455044 4.2
      vertex 42.73610046965599 13.238011013614694 4.2
    endloop
  endfacet
  facet normal 0 0 -1
    outer loop
      vertex 44.61434847755267 -27.61981552714989 4.2
      vertex 47.08012106347282 28.855661676514327 4.2
      vertex 46.08147037525694 -28.77122011988227 4.2
    endloop
  endfacet
  facet normal 0 0 -1
    outer loop
      vertex 47.47014558898525 -30.01611383007011 4.2
      vertex 50.133902163143645 30.993942222546174 4.2
      vertex 48.774427598279104 -31.349165831726822 4.2
    endloop
  endfacet
  facet normal 0 0 -1
    outer loop
      vertex 47.47014558898525 -30.01611383007011 4.2
      vertex 46.08147037525694 -28.77122011988227 4.2
      vertex 50.133902163143645 30.993942222546174 4.2
    endloop
  endfacet
  facet normal 0 0 -1
    outer loop
      vertex 55.62876197218418 -23.668549394846526 4.2
      vertex 56.13629669484373 -1.035276180410083 4.2
      vertex 55.688687377005294 -23.454281710440988 4.2
    endloop
  endfacet
  facet normal 0 0 -1
    outer loop
      vertex 55.688687377005294 -23.454281710440988 4.2
      vertex 56.212279482019575 -1.2857578612126463 4.2
      vertex 55.76249825398775 -23.244392098590932 4.2
    endloop
  endfacet
  facet normal 0 0 -1
    outer loop
      vertex 55.76249825398775 -23.244392098590932 4.2
      vertex 56.304481869954856 -1.5307337294603591 4.2
      vertex 55.84987853362466 -23.039779338837135 4.2
    endloop
  endfacet
  facet normal 0 0 -1
    outer loop
      vertex 55.84987853362466 -23.039779338837135 4.2
      vertex 56.41250903386925 -1.7691547608760052 4.2
      vertex 55.95045404014374 -22.841319614429597 4.2
    endloop
  endfacet
  facet normal 0 0 -1
    outer loop
      vertex 55.95045404014374 -22.841319614429597 4.2
      vertex 56.53589838486224 -2 4.2
      vertex 56.063794093785454 -22.649862760376315 4.2
    endloop
  endfacet
  facet normal 0 0 -1
    outer loop
      vertex 56.063794093785454 -22.649862760376315 4.2
      vertex 56.53589838486224 -2 4.2
      vertex 56.189413355039825 -22.466228624319335 4.2
    endloop
  endfacet
  facet normal 0 0 -1
    outer loop
      vertex 56.326773902944744 -22.29120355582128 4.2
      vertex 57.17157287525381 -2.8284271247461903 4.2
      vertex 56.4752875385461 -22.125537039095803 4.2
    endloop
  endfacet
  facet normal 0 0 -1
    outer loop
      vertex 56.189413355039825 -22.466228624319335 4.2
      vertex 56.53589838486224 -2 4.2
      vertex 56.326773902944744 -22.29120355582128 4.2
    endloop
  endfacet
  facet normal 0 0 -1
    outer loop
      vertex 53.041832244769886 -37.44365127157467 4.2
      vertex 52.12701181336954 -35.81844889119829 4.2
      vertex 54.12734983478884 34.90120311462693 4.2
    endloop
  endfacet
  facet normal 0 0 -1
    outer loop
      vertex 56.4752875385461 -22.125537039095803 4.2
      vertex 57.36261673959972 -3.0073592299159095 4.2
      vertex 56.63431830365602 -21.969938483601098 4.2
    endloop
  endfacet
  facet normal 0 0 -1
    outer loop
      vertex 56.63431830365602 -21.969938483601098 4.2
      vertex 57.36261673959972 -3.0073592299159095 4.2
      vertex 56.803185204123466 -21.825074186239718 4.2
    endloop
  endfacet
  facet normal 0 0 -1
    outer loop
      vertex 56.803185204123466 -21.825074186239718 4.2
      vertex 57.564954283965115 -3.1734133611649407 4.2
      vertex 56.98116512595571 -21.691564478172946 4.2
    endloop
  endfacet
  facet normal 0 0 -1
    outer loop
      vertex 56.98116512595571 -21.691564478172946 4.2
      vertex 57.777719067921595 -3.325878449210181 4.2
      vertex 57.167495931803494 -21.5699810684675 4.2
    endloop
  endfacet
  facet normal 0 0 -1
    outer loop
      vertex 57.167495931803494 -21.5699810684675 4.2
      vertex 57.777719067921595 -3.325878449210181 4.2
      vertex 57.361379724550154 -21.460844595949563 4.2
    endloop
  endfacet
  facet normal 0 0 -1
    outer loop
      vertex 57.361379724550154 -21.460844595949563 4.2
      vertex 58.230845239123994 -3.587490966130753 4.2
      vertex 57.561986264029564 -21.364622399749393 4.2
    endloop
  endfacet
  facet normal 0 0 -1
    outer loop
      vertex 57.561986264029564 -21.364622399749393 4.2
      vertex 58.46926627053964 -3.695518130045147 4.2
      vertex 57.76845652224199 -21.281726518083428 4.2
    endloop
  endfacet
  facet normal 0 0 -1
    outer loop
      vertex 57.76845652224199 -21.281726518083428 4.2
      vertex 58.714242138787355 -3.7877205179804228 4.2
      vertex 57.979906361843895 -21.21251192384336 4.2
    endloop
  endfacet
  facet normal 0 0 -1
    outer loop
      vertex 57.979906361843895 -21.21251192384336 4.2
      vertex 58.714242138787355 -3.7877205179804228 4.2
      vertex 58.195430322159716 -21.157275004547742 4.2
    endloop
  endfacet
  facet normal 0 0 -1
    outer loop
      vertex 58.195430322159716 -21.157275004547742 4.2
      vertex 58.96472381958992 -3.8637033051562732 4.2
      vertex 58.41410549650355 -21.11625229316513 4.2
    endloop
  endfacet
  facet normal 0 0 -1
    outer loop
      vertex 58.41410549650355 -21.11625229316513 4.2
      vertex 59.21963871193549 -3.9231411216129217 4.2
      vertex 58.63499548420723 -21.089619455243582 4.2
    endloop
  endfacet
  facet normal 0 0 -1
    outer loop
      vertex 58.63499548420723 -21.089619455243582 4.2
      vertex 59.477895231119795 -3.9657794454952415 4.2
      vertex 58.85715440043176 -21.077490536683825 4.2
    endloop
  endfacet
  facet normal 0 0 -1
    outer loop
      vertex 58.85715440043176 -21.077490536683825 4.2
      vertex 59.73838748307943 -3.991435692954414 4.2
      vertex 59.07963092659141 -21.0799174753772 4.2
    endloop
  endfacet
  facet normal 0 0 -1
    outer loop
      vertex 59.07963092659141 -21.0799174753772 4.2
      vertex 60 -4 4.2
      vertex 59.30147238404595 -21.09688987879963 4.2
    endloop
  endfacet
  facet normal 0 0 -1
    outer loop
      vertex 59.30147238404595 -21.09688987879963 4.2
      vertex 60 -4 4.2
      vertex 59.52172881361683 -21.12833506851401 4.2
    endloop
  endfacet
  facet normal 0 0 -1
    outer loop
      vertex 59.52172881361683 -21.12833506851401 4.2
      vertex 60 -4 4.2
      vertex 59.73945704345826 -21.174118391390426 4.2
    endloop
  endfacet
  facet normal 0 0 -1
    outer loop
      vertex 59.73945704345826 -21.174118391390426 4.2
      vertex 60 -4 4.2
      vertex 59.95372472786379 -21.234043796211544 4.2
    endloop
  endfacet
  facet normal 0 0 -1
    outer loop
      vertex 59.95372472786379 -21.234043796211544 4.2
      vertex 60.78036128806451 -3.9231411216129217 4.2
      vertex 60.16361433971385 -21.307854673194 4.2
    endloop
  endfacet
  facet normal 0 0 -1
    outer loop
      vertex 61.282469399208985 -22.02064395775235 4.2
      vertex 62.63738326040028 -3.0073592299159095 4.2
      vertex 61.43806795470369 -22.179674722862273 4.2
    endloop
  endfacet
  facet normal 0 0 -1
    outer loop
      vertex 61.58293225206506 -22.348541623329716 4.2
      vertex 61.43806795470369 -22.179674722862273 4.2
      vertex 62.82842712474619 -2.8284271247461903 4.2
    endloop
  endfacet
  facet normal 0 0 -1
    outer loop
      vertex 61.58293225206506 -22.348541623329716 4.2
      vertex 62.82842712474619 -2.8284271247461903 4.2
      vertex 61.71644196013184 -22.52652154516196 4.2
    endloop
  endfacet
  facet normal 0 0 -1
    outer loop
      vertex 61.71644196013184 -22.52652154516196 4.2
      vertex 63.007359229915906 -2.6373832604002754 4.2
      vertex 61.83802536983729 -22.712852351009744 4.2
    endloop
  endfacet
  facet normal 0 0 -1
    outer loop
      vertex 62.32808896292758 -24.62498734579766 4.2
      vertex 62.330515901620956 -24.40251081963801 4.2
      vertex 63.58749096613075 -1.7691547608760052 4.2
    endloop
  endfacet
  facet normal 0 0 -1
    outer loop
      vertex 62.330515901620956 -24.40251081963801 4.2
      vertex 62.3183869830612 -24.180351903413477 4.2
      vertex 63.58749096613075 -1.7691547608760052 4.2
    endloop
  endfacet
  facet normal 0 0 -1
    outer loop
      vertex 62.3183869830612 -24.180351903413477 4.2
      vertex 62.291754145139656 -23.9594619157098 4.2
      vertex 63.58749096613075 -1.7691547608760052 4.2
    endloop
  endfacet
  facet normal 0 0 -1
    outer loop
      vertex 62.291754145139656 -23.9594619157098 4.2
      vertex 62.25073143375704 -23.740786741365966 4.2
      vertex 63.58749096613075 -1.7691547608760052 4.2
    endloop
  endfacet
  facet normal 0 0 -1
    outer loop
      vertex 61.94716184235522 -22.906736143756405 4.2
      vertex 63.32587844921018 -2.2222809320784087 4.2
      vertex 62.04338403855539 -23.10734268323581 4.2
    endloop
  endfacet
  facet normal 0 0 -1
    outer loop
      vertex 62.25073143375704 -23.740786741365966 4.2
      vertex 62.19549451446142 -23.52526278105014 4.2
      vertex 63.58749096613075 -1.7691547608760052 4.2
    endloop
  endfacet
  facet normal 0 0 -1
    outer loop
      vertex 62.19549451446142 -23.52526278105014 4.2
      vertex 62.12627992022136 -23.31381294144824 4.2
      vertex 63.58749096613075 -1.7691547608760052 4.2
    endloop
  endfacet
  facet normal 0 0 -1
    outer loop
      vertex 62.04338403855539 -23.10734268323581 4.2
      vertex 63.46410161513776 -2 4.2
      vertex 62.12627992022136 -23.31381294144824 4.2
    endloop
  endfacet
  facet normal 0 0 -1
    outer loop
      vertex 61.94716184235522 -22.906736143756405 4.2
      vertex 61.83802536983729 -22.712852351009744 4.2
      vertex 63.17341336116494 -2.4350457160348826 4.2
    endloop
  endfacet
  facet normal 0 0 -1
    outer loop
      vertex 60.16361433971385 -21.307854673194 4.2
      vertex 61.03527618041008 -3.8637033051562732 4.2
      vertex 60.368227099467646 -21.395234952830908 4.2
    endloop
  endfacet
  facet normal 0 0 -1
    outer loop
      vertex 60.368227099467646 -21.395234952830908 4.2
      vertex 61.53073372946036 -3.695518130045147 4.2
      vertex 60.56668682387519 -21.49581045934999 4.2
    endloop
  endfacet
  facet normal 0 0 -1
    outer loop
      vertex 60.56668682387519 -21.49581045934999 4.2
      vertex 61.769154760876006 -3.587490966130753 4.2
      vertex 60.758143677928466 -21.609150512991707 4.2
    endloop
  endfacet
  facet normal 0 0 -1
    outer loop
      vertex 60.758143677928466 -21.609150512991707 4.2
      vertex 61.769154760876006 -3.587490966130753 4.2
      vertex 60.941777813985446 -21.734769774246075 4.2
    endloop
  endfacet
  facet normal 0 0 -1
    outer loop
      vertex 60.941777813985446 -21.734769774246075 4.2
      vertex 62.222280932078405 -3.325878449210181 4.2
      vertex 61.116802882483505 -21.87213032215099 4.2
    endloop
  endfacet
  facet normal 0 0 -1
    outer loop
      vertex 61.116802882483505 -21.87213032215099 4.2
      vertex 62.435045716034885 -3.1734133611649407 4.2
      vertex 61.282469399208985 -22.02064395775235 4.2
    endloop
  endfacet
  facet normal 0 0 -1
    outer loop
      vertex 63.66826058843479 -37.90761115280882 4.2
      vertex 63.58749096613075 -1.7691547608760052 4.2
      vertex 63.695518130045144 -1.5307337294603591 4.2
    endloop
  endfacet
  facet normal 0 0 -1
    outer loop
      vertex 63.66826058843479 -37.90761115280882 4.2
      vertex 63.695518130045144 -1.5307337294603591 4.2
      vertex 63.787720517980425 -1.2857578612126463 4.2
    endloop
  endfacet
  facet normal 0 0 -1
    outer loop
      vertex 63.66826058843479 -37.90761115280882 4.2
      vertex 63.787720517980425 -1.2857578612126463 4.2
      vertex 63.86370330515627 -1.035276180410083 4.2
    endloop
  endfacet
  facet normal 0 0 -1
    outer loop
      vertex 63.66826058843479 -37.90761115280882 4.2
      vertex 63.86370330515627 -1.035276180410083 4.2
      vertex 63.92314112161292 -0.780361288064513 4.2
    endloop
  endfacet
  facet normal 0 0 -1
    outer loop
      vertex 63.66826058843479 -37.90761115280882 4.2
      vertex 63.92314112161292 -0.780361288064513 4.2
      vertex 63.965779445495244 -0.5221047688802063 4.2
    endloop
  endfacet
  facet normal 0 0 -1
    outer loop
      vertex 63.66826058843479 -37.90761115280882 4.2
      vertex 63.965779445495244 -0.5221047688802063 4.2
      vertex 63.99143569295441 -0.26161251692057225 4.2
    endloop
  endfacet
  facet normal 0 0 -1
    outer loop
      vertex 63.66826058843479 -37.90761115280882 4.2
      vertex 63.99143569295441 -0.26161251692057225 4.2
      vertex 64 0 4.2
    endloop
  endfacet
  facet normal 0 0 -1
    outer loop
      vertex 63.66826058843479 -37.90761115280882 4.2
      vertex 66.95816775523011 37.44365127157467 4.2
      vertex 64.72124557247878 -36.36832501233121 4.2
    endloop
  endfacet
  facet normal 0 0 -1
    outer loop
      vertex 64.72124557247878 -36.36832501233121 4.2
      vertex 66.95816775523011 37.44365127157467 4.2
      vertex 65.87265016521116 -34.90120311462693 4.2
    endloop
  endfacet
  facet normal 0 0 -1
    outer loop
      vertex 65.87265016521116 -34.90120311462693 4.2
      vertex 70.0112687326623 32.76466779152746 4.2
      vertex 67.11754387539901 -33.512527900898625 4.2
    endloop
  endfacet
  facet normal 0 0 -1
    outer loop
      vertex 53.041832244769886 -37.44365127157467 4.2
      vertex 56.33173941156521 37.90761115280882 4.2
      vertex 55.53456105617095 -24.32837551171337 4.2
    endloop
  endfacet
  facet normal 0 0 -1
    outer loop
      vertex 55.95045404014374 -22.841319614429597 4.2
      vertex 56.41250903386925 -1.7691547608760052 4.2
      vertex 56.53589838486224 -2 4.2
    endloop
  endfacet
  facet normal 0 0 -1
    outer loop
      vertex 55.76249825398775 -23.244392098590932 4.2
      vertex 56.212279482019575 -1.2857578612126463 4.2
      vertex 56.304481869954856 -1.5307337294603591 4.2
    endloop
  endfacet
  facet normal 0 0 -1
    outer loop
      vertex 55.84987853362466 -23.039779338837135 4.2
      vertex 56.304481869954856 -1.5307337294603591 4.2
      vertex 56.41250903386925 -1.7691547608760052 4.2
    endloop
  endfacet
  facet normal 0 0 -1
    outer loop
      vertex 55.688687377005294 -23.454281710440988 4.2
      vertex 56.13629669484373 -1.035276180410083 4.2
      vertex 56.212279482019575 -1.2857578612126463 4.2
    endloop
  endfacet
  facet normal 0 0 -1
    outer loop
      vertex 55.62876197218418 -23.668549394846526 4.2
      vertex 56.07685887838708 -0.780361288064513 4.2
      vertex 56.13629669484373 -1.035276180410083 4.2
    endloop
  endfacet
  facet normal 0 0 -1
    outer loop
      vertex 55.62876197218418 -23.668549394846526 4.2
      vertex 56.034220554504756 -0.5221047688802063 4.2
      vertex 56.07685887838708 -0.780361288064513 4.2
    endloop
  endfacet
  facet normal 0 0 -1
    outer loop
      vertex 55.62876197218418 -23.668549394846526 4.2
      vertex 56.00856430704559 -0.26161251692057225 4.2
      vertex 56.034220554504756 -0.5221047688802063 4.2
    endloop
  endfacet
  facet normal 0 0 -1
    outer loop
      vertex 55.62876197218418 -23.668549394846526 4.2
      vertex 56 0 4.2
      vertex 56.00856430704559 -0.26161251692057225 4.2
    endloop
  endfacet
  facet normal 0 0 -1
    outer loop
      vertex 56.326773902944744 -22.29120355582128 4.2
      vertex 56.992640770084094 -2.6373832604002754 4.2
      vertex 57.17157287525381 -2.8284271247461903 4.2
    endloop
  endfacet
  facet normal 0 0 -1
    outer loop
      vertex 56.4752875385461 -22.125537039095803 4.2
      vertex 57.17157287525381 -2.8284271247461903 4.2
      vertex 57.36261673959972 -3.0073592299159095 4.2
    endloop
  endfacet
  facet normal 0 0 -1
    outer loop
      vertex 56.803185204123466 -21.825074186239718 4.2
      vertex 57.36261673959972 -3.0073592299159095 4.2
      vertex 57.564954283965115 -3.1734133611649407 4.2
    endloop
  endfacet
  facet normal 0 0 -1
    outer loop
      vertex 57.361379724550154 -21.460844595949563 4.2
      vertex 58 -3.4641016151377544 4.2
      vertex 58.230845239123994 -3.587490966130753 4.2
    endloop
  endfacet
  facet normal 0 0 -1
    outer loop
      vertex 56.98116512595571 -21.691564478172946 4.2
      vertex 57.564954283965115 -3.1734133611649407 4.2
      vertex 57.777719067921595 -3.325878449210181 4.2
    endloop
  endfacet
  facet normal 0 0 -1
    outer loop
      vertex 57.361379724550154 -21.460844595949563 4.2
      vertex 57.777719067921595 -3.325878449210181 4.2
      vertex 58 -3.4641016151377544 4.2
    endloop
  endfacet
  facet normal 0 0 -1
    outer loop
      vertex 57.561986264029564 -21.364622399749393 4.2
      vertex 58.230845239123994 -3.587490966130753 4.2
      vertex 58.46926627053964 -3.695518130045147 4.2
    endloop
  endfacet
  facet normal 0 0 -1
    outer loop
      vertex 57.76845652224199 -21.281726518083428 4.2
      vertex 58.46926627053964 -3.695518130045147 4.2
      vertex 58.714242138787355 -3.7877205179804228 4.2
    endloop
  endfacet
  facet normal 0 0 -1
    outer loop
      vertex 56.326773902944744 -22.29120355582128 4.2
      vertex 56.53589838486224 -2 4.2
      vertex 56.67412155078982 -2.2222809320784087 4.2
    endloop
  endfacet
  facet normal 0 0 -1
    outer loop
      vertex 56.326773902944744 -22.29120355582128 4.2
      vertex 56.67412155078982 -2.2222809320784087 4.2
      vertex 56.82658663883506 -2.4350457160348826 4.2
    endloop
  endfacet
  facet normal 0 0 -1
    outer loop
      vertex 56.326773902944744 -22.29120355582128 4.2
      vertex 56.82658663883506 -2.4350457160348826 4.2
      vertex 56.992640770084094 -2.6373832604002754 4.2
    endloop
  endfacet
  facet normal 0 0 -1
    outer loop
      vertex 58.195430322159716 -21.157275004547742 4.2
      vertex 58.714242138787355 -3.7877205179804228 4.2
      vertex 58.96472381958992 -3.8637033051562732 4.2
    endloop
  endfacet
  facet normal 0 0 -1
    outer loop
      vertex 58.41410549650355 -21.11625229316513 4.2
      vertex 58.96472381958992 -3.8637033051562732 4.2
      vertex 59.21963871193549 -3.9231411216129217 4.2
    endloop
  endfacet
  facet normal 0 0 -1
    outer loop
      vertex 58.63499548420723 -21.089619455243582 4.2
      vertex 59.21963871193549 -3.9231411216129217 4.2
      vertex 59.477895231119795 -3.9657794454952415 4.2
    endloop
  endfacet
  facet normal 0 0 -1
    outer loop
      vertex 58.85715440043176 -21.077490536683825 4.2
      vertex 59.477895231119795 -3.9657794454952415 4.2
      vertex 59.73838748307943 -3.991435692954414 4.2
    endloop
  endfacet
  facet normal 0 0 -1
    outer loop
      vertex 59.07963092659141 -21.0799174753772 4.2
      vertex 59.73838748307943 -3.991435692954414 4.2
      vertex 60 -4 4.2
    endloop
  endfacet
  facet normal 0 0 -1
    outer loop
      vertex 59.95372472786379 -21.234043796211544 4.2
      vertex 60 -4 4.2
      vertex 60.26161251692057 -3.991435692954414 4.2
    endloop
  endfacet
  facet normal 0 0 -1
    outer loop
      vertex 59.95372472786379 -21.234043796211544 4.2
      vertex 60.26161251692057 -3.991435692954414 4.2
      vertex 60.522104768880205 -3.9657794454952415 4.2
    endloop
  endfacet
  facet normal 0 0 -1
    outer loop
      vertex 55.53456105617095 -24.32837551171337 4.2
      vertex 56.33173941156521 37.90761115280882 4.2
      vertex 55.55153345959338 -24.106534054258837 4.2
    endloop
  endfacet
  facet normal 0 0 -1
    outer loop
      vertex 55.55153345959338 -24.106534054258837 4.2
      vertex 56.33173941156521 37.90761115280882 4.2
      vertex 55.58297864930776 -23.886277624687953 4.2
    endloop
  endfacet
  facet normal 0 0 -1
    outer loop
      vertex 55.58297864930776 -23.886277624687953 4.2
      vertex 56.33173941156521 37.90761115280882 4.2
      vertex 55.62876197218418 -23.668549394846526 4.2
    endloop
  endfacet
  facet normal 0 0 -1
    outer loop
      vertex 59.95372472786379 -21.234043796211544 4.2
      vertex 60.522104768880205 -3.9657794454952415 4.2
      vertex 60.78036128806451 -3.9231411216129217 4.2
    endloop
  endfacet
  facet normal 0 0 -1
    outer loop
      vertex 60.16361433971385 -21.307854673194 4.2
      vertex 60.78036128806451 -3.9231411216129217 4.2
      vertex 61.03527618041008 -3.8637033051562732 4.2
    endloop
  endfacet
  facet normal 0 0 -1
    outer loop
      vertex 60.368227099467646 -21.395234952830908 4.2
      vertex 61.03527618041008 -3.8637033051562732 4.2
      vertex 61.285757861212645 -3.7877205179804228 4.2
    endloop
  endfacet
  facet normal 0 0 -1
    outer loop
      vertex 60.368227099467646 -21.395234952830908 4.2
      vertex 61.285757861212645 -3.7877205179804228 4.2
      vertex 61.53073372946036 -3.695518130045147 4.2
    endloop
  endfacet
  facet normal 0 0 -1
    outer loop
      vertex 60.56668682387519 -21.49581045934999 4.2
      vertex 61.53073372946036 -3.695518130045147 4.2
      vertex 61.769154760876006 -3.587490966130753 4.2
    endloop
  endfacet
  facet normal 0 0 -1
    outer loop
      vertex 60.941777813985446 -21.734769774246075 4.2
      vertex 61.769154760876006 -3.587490966130753 4.2
      vertex 62 -3.4641016151377544 4.2
    endloop
  endfacet
  facet normal 0 0 -1
    outer loop
      vertex 60.941777813985446 -21.734769774246075 4.2
      vertex 62 -3.4641016151377544 4.2
      vertex 62.222280932078405 -3.325878449210181 4.2
    endloop
  endfacet
  facet normal 0 0 -1
    outer loop
      vertex 61.116802882483505 -21.87213032215099 4.2
      vertex 62.222280932078405 -3.325878449210181 4.2
      vertex 62.435045716034885 -3.1734133611649407 4.2
    endloop
  endfacet
  facet normal 0 0 -1
    outer loop
      vertex 61.282469399208985 -22.02064395775235 4.2
      vertex 62.435045716034885 -3.1734133611649407 4.2
      vertex 62.63738326040028 -3.0073592299159095 4.2
    endloop
  endfacet
  facet normal 0 0 -1
    outer loop
      vertex 61.43806795470369 -22.179674722862273 4.2
      vertex 62.63738326040028 -3.0073592299159095 4.2
      vertex 62.82842712474619 -2.8284271247461903 4.2
    endloop
  endfacet
  facet normal 0 0 -1
    outer loop
      vertex 61.71644196013184 -22.52652154516196 4.2
      vertex 62.82842712474619 -2.8284271247461903 4.2
      vertex 63.007359229915906 -2.6373832604002754 4.2
    endloop
  endfacet
  facet normal 0 0 -1
    outer loop
      vertex 61.83802536983729 -22.712852351009744 4.2
      vertex 63.007359229915906 -2.6373832604002754 4.2
      vertex 63.17341336116494 -2.4350457160348826 4.2
    endloop
  endfacet
  facet normal 0 0 -1
    outer loop
      vertex 61.94716184235522 -22.906736143756405 4.2
      vertex 63.17341336116494 -2.4350457160348826 4.2
      vertex 63.32587844921018 -2.2222809320784087 4.2
    endloop
  endfacet
  facet normal 0 0 -1
    outer loop
      vertex 62.04338403855539 -23.10734268323581 4.2
      vertex 63.32587844921018 -2.2222809320784087 4.2
      vertex 63.46410161513776 -2 4.2
    endloop
  endfacet
  facet normal 0 0 -1
    outer loop
      vertex 62.12627992022136 -23.31381294144824 4.2
      vertex 63.46410161513776 -2 4.2
      vertex 63.58749096613075 -1.7691547608760052 4.2
    endloop
  endfacet
  facet normal 0 0 -1
    outer loop
      vertex 63.66826058843479 -37.90761115280882 4.2
      vertex 64 0 4.2
      vertex 64.37123802781582 23.668549394846526 4.2
    endloop
  endfacet
  facet normal 0 0 -1
    outer loop
      vertex 74.54508131690356 -27.940841245113983 4.2
      vertex 77.39892091750355 -14.115259052202557 4.2
      vertex 76.22663613312803 -27.13427283578906 4.2
    endloop
  endfacet
  facet normal 0 0 -1
    outer loop
      vertex 76.22663613312803 -27.13427283578906 4.2
      vertex 78.65263761797952 -15.905752059006625 4.2
      vertex 77.95734270932047 -26.439410298294913 4.2
    endloop
  endfacet
  facet normal 0 0 -1
    outer loop
      vertex 77.95734270932047 -26.439410298294913 4.2
      vertex 78.8362717540365 -16.031371320260995 4.2
      vertex 79.72978989421875 -25.85922914069434 4.2
    endloop
  endfacet
  facet normal 0 0 -1
    outer loop
      vertex 78.8362717540365 -16.031371320260995 4.2
      vertex 81.53638779686611 -25.396213787775196 4.2
      vertex 79.72978989421875 -25.85922914069434 4.2
    endloop
  endfacet
  facet normal 0 0 -1
    outer loop
      vertex 78.8362717540365 -16.031371320260995 4.2
      vertex 83.36940028768942 -25.05234694236212 4.2
      vertex 81.53638779686611 -25.396213787775196 4.2
    endloop
  endfacet
  facet normal 0 0 -1
    outer loop
      vertex 78.8362717540365 -16.031371320260995 4.2
      vertex 85.22097812579378 -24.829101095078556 4.2
      vertex 83.36940028768942 -25.05234694236212 4.2
    endloop
  endfacet
  facet normal 0 0 -1
    outer loop
      vertex 78.8362717540365 -16.031371320260995 4.2
      vertex 87.08319257061704 -24.727432218915897 4.2
      vertex 85.22097812579378 -24.829101095078556 4.2
    endloop
  endfacet
  facet normal 0 0 -1
    outer loop
      vertex 78.8362717540365 -16.031371320260995 4.2
      vertex 88.94806933401412 -24.747775675610356 4.2
      vertex 87.08319257061704 -24.727432218915897 4.2
    endloop
  endfacet
  facet normal 0 0 -1
    outer loop
      vertex 78.8362717540365 -16.031371320260995 4.2
      vertex 90.80762272738303 -24.8900443513572 4.2
      vertex 88.94806933401412 -24.747775675610356 4.2
    endloop
  endfacet
  facet normal 0 0 -1
    outer loop
      vertex 78.8362717540365 -16.031371320260995 4.2
      vertex 92.65388985760956 -25.15362902984537 4.2
      vertex 90.80762272738303 -24.8900443513572 4.2
    endloop
  endfacet
  facet normal 0 0 -1
    outer loop
      vertex 78.8362717540365 -16.031371320260995 4.2
      vertex 93.40241252266271 -25.311026418688357 4.2
      vertex 92.65388985760956 -25.15362902984537 4.2
    endloop
  endfacet
  facet normal 0 0 -1
    outer loop
      vertex 67.11754387539901 -33.512527900898625 4.2
      vertex 70.0112687326623 32.76466779152746 4.2
      vertex 68.45059587705572 -32.20824589160476 4.2
    endloop
  endfacet
  facet normal 0 0 -1
    outer loop
      vertex 68.45059587705572 -32.20824589160476 4.2
      vertex 71.2255724017209 31.349165831726822 4.2
      vertex 69.86609783685635 -30.993942222546174 4.2
    endloop
  endfacet
  facet normal 0 0 -1
    outer loop
      vertex 69.86609783685635 -30.993942222546174 4.2
      vertex 73.91852962474306 28.77122011988227 4.2
      vertex 71.35798835809722 -29.874816728457038 4.2
    endloop
  endfacet
  facet normal 0 0 -1
    outer loop
      vertex 74.54508131690356 -27.940841245113983 4.2
      vertex 77.34368399820792 -13.899735091886736 4.2
      vertex 77.39892091750355 -14.115259052202557 4.2
    endloop
  endfacet
  facet normal 0 0 -1
    outer loop
      vertex 74.54508131690356 -27.940841245113983 4.2
      vertex 77.30266128682531 -13.681059917542903 4.2
      vertex 77.34368399820792 -13.899735091886736 4.2
    endloop
  endfacet
  facet normal 0 0 -1
    outer loop
      vertex 74.54508131690356 -27.940841245113983 4.2
      vertex 77.27602844890376 -13.460169929839223 4.2
      vertex 77.30266128682531 -13.681059917542903 4.2
    endloop
  endfacet
  facet normal 0 0 -1
    outer loop
      vertex 76.22663613312803 -27.13427283578906 4.2
      vertex 77.75639006212768 -14.927669482242958 4.2
      vertex 77.87797347183313 -15.114000288090741 4.2
    endloop
  endfacet
  facet normal 0 0 -1
    outer loop
      vertex 76.22663613312803 -27.13427283578906 4.2
      vertex 77.87797347183313 -15.114000288090741 4.2
      vertex 78.0114831798999 -15.291980209922984 4.2
    endloop
  endfacet
  facet normal 0 0 -1
    outer loop
      vertex 76.22663613312803 -27.13427283578906 4.2
      vertex 78.0114831798999 -15.291980209922984 4.2
      vertex 78.15634747726128 -15.46084711039043 4.2
    endloop
  endfacet
  facet normal 0 0 -1
    outer loop
      vertex 76.22663613312803 -27.13427283578906 4.2
      vertex 77.39892091750355 -14.115259052202557 4.2
      vertex 77.46813551174361 -14.32670889180446 4.2
    endloop
  endfacet
  facet normal 0 0 -1
    outer loop
      vertex 76.22663613312803 -27.13427283578906 4.2
      vertex 77.64725358960975 -14.733785689496301 4.2
      vertex 77.75639006212768 -14.927669482242958 4.2
    endloop
  endfacet
  facet normal 0 0 -1
    outer loop
      vertex 76.22663613312803 -27.13427283578906 4.2
      vertex 77.55103139340957 -14.533179150016892 4.2
      vertex 77.64725358960975 -14.733785689496301 4.2
    endloop
  endfacet
  facet normal 0 0 -1
    outer loop
      vertex 76.22663613312803 -27.13427283578906 4.2
      vertex 77.46813551174361 -14.32670889180446 4.2
      vertex 77.55103139340957 -14.533179150016892 4.2
    endloop
  endfacet
  facet normal 0 0 -1
    outer loop
      vertex 76.22663613312803 -27.13427283578906 4.2
      vertex 78.31194603275598 -15.619877875500354 4.2
      vertex 78.47761254948146 -15.768391511101711 4.2
    endloop
  endfacet
  facet normal 0 0 -1
    outer loop
      vertex 76.22663613312803 -27.13427283578906 4.2
      vertex 78.15634747726128 -15.46084711039043 4.2
      vertex 78.31194603275598 -15.619877875500354 4.2
    endloop
  endfacet
  facet normal 0 0 -1
    outer loop
      vertex 76.22663613312803 -27.13427283578906 4.2
      vertex 78.47761254948146 -15.768391511101711 4.2
      vertex 78.65263761797952 -15.905752059006625 4.2
    endloop
  endfacet
  facet normal 0 0 -1
    outer loop
      vertex 77.95734270932047 -26.439410298294913 4.2
      vertex 78.65263761797952 -15.905752059006625 4.2
      vertex 78.8362717540365 -16.031371320260995 4.2
    endloop
  endfacet
  facet normal 0 0 -1
    outer loop
      vertex 74.54508131690356 -27.940841245113983 4.2
      vertex 77.26389953034402 -13.238011013614694 4.2
      vertex 77.27602844890376 -13.460169929839223 4.2
    endloop
  endfacet
  facet normal 0 0 -1
    outer loop
      vertex 71.35798835809722 -29.874816728457038 4.2
      vertex 73.91852962474306 28.77122011988227 4.2
      vertex 72.91987893652717 -28.855661676514327 4.2
    endloop
  endfacet
  facet normal 0 0 -1
    outer loop
      vertex 72.91987893652717 -28.855661676514327 4.2
      vertex 76.92493766292495 26.5668305431059 4.2
      vertex 74.54508131690356 -27.940841245113983 4.2
    endloop
  endfacet
  facet normal 0 0 -1
    outer loop
      vertex 74.54508131690356 -27.940841245113983 4.2
      vertex 76.92493766292495 26.5668305431059 4.2
      vertex 77.26389953034402 -13.238011013614694 4.2
    endloop
  endfacet
  facet normal 0 0 -1
    outer loop
      vertex 77.36052738505062 -12.355708370588196 4.2
      vertex 78.41235898865867 10.576946336868781 4.2
      vertex 77.42045278987172 -12.141440686182657 4.2
    endloop
  endfacet
  facet normal 0 0 -1
    outer loop
      vertex 77.42045278987172 -12.141440686182657 4.2
      vertex 78.46759590795428 10.361422376552959 4.2
      vertex 77.49426366685418 -11.931551074332598 4.2
    endloop
  endfacet
  facet normal 0 0 -1
    outer loop
      vertex 77.49426366685418 -11.931551074332598 4.2
      vertex 78.53681050219434 10.149972536951056 4.2
      vertex 77.58164394649108 -11.726938314578806 4.2
    endloop
  endfacet
  facet normal 0 0 -1
    outer loop
      vertex 77.58164394649108 -11.726938314578806 4.2
      vertex 78.61970638386032 9.943502278738624 4.2
      vertex 77.68221945301018 -11.528478590171268 4.2
    endloop
  endfacet
  facet normal 0 0 -1
    outer loop
      vertex 77.68221945301018 -11.528478590171268 4.2
      vertex 78.71592858006048 9.742895739259216 4.2
      vertex 77.7955595066519 -11.337021736117984 4.2
    endloop
  endfacet
  facet normal 0 0 -1
    outer loop
      vertex 77.7955595066519 -11.337021736117984 4.2
      vertex 78.82506505257842 9.549011946512557 4.2
      vertex 77.92117876790626 -11.153387600061006 4.2
    endloop
  endfacet
  facet normal 0 0 -1
    outer loop
      vertex 77.92117876790626 -11.153387600061006 4.2
      vertex 78.94664846228386 9.362681140664774 4.2
      vertex 78.05853931581117 -10.97836253156295 4.2
    endloop
  endfacet
  facet normal 0 0 -1
    outer loop
      vertex 78.05853931581117 -10.97836253156295 4.2
      vertex 79.08015817035063 9.18470121883253 4.2
      vertex 78.20705295141254 -10.812696014837469 4.2
    endloop
  endfacet
  facet normal 0 0 -1
    outer loop
      vertex 78.20705295141254 -10.812696014837469 4.2
      vertex 79.22502246771201 9.015834318365085 4.2
      vertex 78.36608371652245 -10.657097459342763 4.2
    endloop
  endfacet
  facet normal 0 0 -1
    outer loop
      vertex 78.36608371652245 -10.657097459342763 4.2
      vertex 79.38062102320671 8.856803553255162 4.2
      vertex 78.5349506169899 -10.512233161981388 4.2
    endloop
  endfacet
  facet normal 0 0 -1
    outer loop
      vertex 78.5349506169899 -10.512233161981388 4.2
      vertex 79.5462875399322 8.708289917653806 4.2
      vertex 78.71293053882215 -10.378723453914613 4.2
    endloop
  endfacet
  facet normal 0 0 -1
    outer loop
      vertex 78.71293053882215 -10.378723453914613 4.2
      vertex 79.5462875399322 8.708289917653806 4.2
      vertex 78.89926134466992 -10.257140044209168 4.2
    endloop
  endfacet
  facet normal 0 0 -1
    outer loop
      vertex 78.89926134466992 -10.257140044209168 4.2
      vertex 79.72131260843025 8.57092936974889 4.2
      vertex 79.09314513741658 -10.148003571691232 4.2
    endloop
  endfacet
  facet normal 0 0 -1
    outer loop
      vertex 79.09314513741658 -10.148003571691232 4.2
      vertex 79.90494674448723 8.445310108494521 4.2
      vertex 79.293751676896 -10.051781375491066 4.2
    endloop
  endfacet
  facet normal 0 0 -1
    outer loop
      vertex 79.293751676896 -10.051781375491066 4.2
      vertex 80.09640359854052 8.331970054852805 4.2
      vertex 79.50022193510843 -9.968885493825097 4.2
    endloop
  endfacet
  facet normal 0 0 -1
    outer loop
      vertex 79.50022193510843 -9.968885493825097 4.2
      vertex 80.29486332294806 8.231394548333721 4.2
      vertex 79.71167177471033 -9.899670899585029 4.2
    endloop
  endfacet
  facet normal 0 0 -1
    outer loop
      vertex 79.71167177471033 -9.899670899585029 4.2
      vertex 80.49947608270185 8.144014268696818 4.2
      vertex 79.92719573502615 -9.844433980289413 4.2
    endloop
  endfacet
  facet normal 0 0 -1
    outer loop
      vertex 79.92719573502615 -9.844433980289413 4.2
      vertex 80.7093656945519 8.070203391714358 4.2
      vertex 80.14587090936999 -9.8034112689068 4.2
    endloop
  endfacet
  facet normal 0 0 -1
    outer loop
      vertex 80.14587090936999 -9.8034112689068 4.2
      vertex 80.7093656945519 8.070203391714358 4.2
      vertex 80.36676089707366 -9.776778430985251 4.2
    endloop
  endfacet
  facet normal 0 0 -1
    outer loop
      vertex 80.36676089707366 -9.776778430985251 4.2
      vertex 80.7093656945519 8.070203391714358 4.2
      vertex 80.58891981329819 -9.764649512425496 4.2
    endloop
  endfacet
  facet normal 0 0 -1
    outer loop
      vertex 80.58891981329819 -9.764649512425496 4.2
      vertex 81.58345949582429 7.916077070880014 4.2
      vertex 80.81139633945784 -9.767076451118868 4.2
    endloop
  endfacet
  facet normal 0 0 -1
    outer loop
      vertex 80.81139633945784 -9.767076451118868 4.2
      vertex 81.80593602198394 7.913650132186639 4.2
      vertex 81.03323779691237 -9.784048854541297 4.2
    endloop
  endfacet
  facet normal 0 0 -1
    outer loop
      vertex 81.47122245632468 -9.861277367132095 4.2
      vertex 82.46766010025598 7.993434600050557 4.2
      vertex 81.68549014073022 -9.921202771953213 4.2
    endloop
  endfacet
  facet normal 0 0 -1
    outer loop
      vertex 81.68549014073022 -9.921202771953213 4.2
      vertex 82.6831840605718 8.048671519346174 4.2
      vertex 81.89537975258028 -9.995013648935672 4.2
    endloop
  endfacet
  facet normal 0 0 -1
    outer loop
      vertex 81.89537975258028 -9.995013648935672 4.2
      vertex 82.8946339001737 8.117886113586241 4.2
      vertex 82.09999251233408 -10.082393928572575 4.2
    endloop
  endfacet
  facet normal 0 0 -1
    outer loop
      vertex 82.29845223674161 -10.182969435091659 4.2
      vertex 82.09999251233408 -10.082393928572575 4.2
      vertex 83.10110415838614 8.20078199525221 4.2
    endloop
  endfacet
  facet normal 0 0 -1
    outer loop
      vertex 82.29845223674161 -10.182969435091659 4.2
      vertex 83.30171069786554 8.297004191452377 4.2
      vertex 82.4899090907949 -10.296309488733373 4.2
    endloop
  endfacet
  facet normal 0 0 -1
    outer loop
      vertex 81.03323779691237 -9.784048854541297 4.2
      vertex 82.02809493820847 7.925779050746396 4.2
      vertex 81.25349422648327 -9.815494044255678 4.2
    endloop
  endfacet
  facet normal 0 0 -1
    outer loop
      vertex 81.47122245632468 -9.861277367132095 4.2
      vertex 81.25349422648327 -9.815494044255678 4.2
      vertex 82.24898492591214 7.952411888667944 4.2
    endloop
  endfacet
  facet normal 0 0 -1
    outer loop
      vertex 82.4899090907949 -10.296309488733373 4.2
      vertex 94.66308454933215 -15.776998719118627 4.2
      vertex 95.5779049807325 -17.40220109949502 4.2
    endloop
  endfacet
  facet normal 0 0 -1
    outer loop
      vertex 82.4899090907949 -10.296309488733373 4.2
      vertex 93.85651614000723 -14.095443902894173 4.2
      vertex 94.66308454933215 -15.776998719118627 4.2
    endloop
  endfacet
  facet normal 0 0 -1
    outer loop
      vertex 82.4899090907949 -10.296309488733373 4.2
      vertex 93.16165360251308 -12.364737326701718 4.2
      vertex 93.85651614000723 -14.095443902894173 4.2
    endloop
  endfacet
  facet normal 0 0 -1
    outer loop
      vertex 82.4899090907949 -10.296309488733373 4.2
      vertex 92.58147244491249 -10.592290141803435 4.2
      vertex 93.16165360251308 -12.364737326701718 4.2
    endloop
  endfacet
  facet normal 0 0 -1
    outer loop
      vertex 82.4899090907949 -10.296309488733373 4.2
      vertex 96.5970600326752 -18.964091677924973 4.2
      vertex 97.05604985942112 -19.575964587160744 4.2
    endloop
  endfacet
  facet normal 0 0 -1
    outer loop
      vertex 82.4899090907949 -10.296309488733373 4.2
      vertex 95.5779049807325 -17.40220109949502 4.2
      vertex 96.5970600326752 -18.964091677924973 4.2
    endloop
  endfacet
  facet normal 0 0 -1
    outer loop
      vertex 82.4899090907949 -10.296309488733373 4.2
      vertex 91.77459024658029 -6.952679748332786 4.2
      vertex 92.11845709199336 -8.785692239156091 4.2
    endloop
  endfacet
  facet normal 0 0 -1
    outer loop
      vertex 82.4899090907949 -10.296309488733373 4.2
      vertex 92.11845709199336 -8.785692239156091 4.2
      vertex 92.58147244491249 -10.592290141803435 4.2
    endloop
  endfacet
  facet normal 0 0 -1
    outer loop
      vertex 82.4899090907949 -10.296309488733373 4.2
      vertex 91.55134439929672 -5.101101910228417 4.2
      vertex 91.77459024658029 -6.952679748332786 4.2
    endloop
  endfacet
  facet normal 0 0 -1
    outer loop
      vertex 82.4899090907949 -10.296309488733373 4.2
      vertex 91.44967552313406 -3.238887465405152 4.2
      vertex 91.55134439929672 -5.101101910228417 4.2
    endloop
  endfacet
  facet normal 0 0 -1
    outer loop
      vertex 82.4899090907949 -10.296309488733373 4.2
      vertex 83.30171069786554 8.297004191452377 4.2
      vertex 91.47001897982852 -1.374010702008084 4.2
    endloop
  endfacet
  facet normal 0 0 -1
    outer loop
      vertex 82.4899090907949 -10.296309488733373 4.2
      vertex 91.47001897982852 -1.374010702008084 4.2
      vertex 91.44967552313406 -3.238887465405152 4.2
    endloop
  endfacet
  facet normal 0 0 1
    outer loop
      vertex 38.091507590276066 -24.04126247421339 10.2
      vertex 39.80664395880051 -24.773714818228623 10.2
      vertex 39.838179872132685 -14.328677857064285 10.2
    endloop
  endfacet
  facet normal 0 0 1
    outer loop
      vertex 39.80664395880051 -24.773714818228623 10.2
      vertex 41.470203413393115 -25.616774211109174 10.2
      vertex 39.838179872132685 -14.328677857064285 10.2
    endloop
  endfacet
  facet normal 0 0 1
    outer loop
      vertex 43.075062337075046 -26.5668305431059 10.2
      vertex 40.72427205813674 -13.663985413918047 10.2
      vertex 41.470203413393115 -25.616774211109174 10.2
    endloop
  endfacet
  facet normal 0 0 1
    outer loop
      vertex 54.543263191588956 -40.85591266399158 10.2
      vertex 54.78121438688817 -41.582851001657545 10.2
      vertex 55.53456105617095 -24.32837551171337 10.2
    endloop
  endfacet
  facet normal 0 0 1
    outer loop
      vertex 54.543263191588956 -40.85591266399158 10.2
      vertex 55.53456105617095 -24.32837551171337 10.2
      vertex 53.84840065409481 -39.125206087799135 10.2
    endloop
  endfacet
  facet normal 0 0 1
    outer loop
      vertex 53.84840065409481 -39.125206087799135 10.2
      vertex 55.53456105617095 -24.32837551171337 10.2
      vertex 53.041832244769886 -37.44365127157467 10.2
    endloop
  endfacet
  facet normal 0 0 1
    outer loop
      vertex 61.57474229364481 -41.87946283574183 10.2
      vertex 61.87514486355751 -41.176029531083365 10.2
      vertex 62.32808896292758 -24.62498734579766 10.2
    endloop
  endfacet
  facet normal 0 0 1
    outer loop
      vertex 61.87514486355751 -41.176029531083365 10.2
      vertex 62.71820425643807 -39.51247007649076 10.2
      vertex 62.32808896292758 -24.62498734579766 10.2
    endloop
  endfacet
  facet normal 0 0 1
    outer loop
      vertex 62.71820425643807 -39.51247007649076 10.2
      vertex 63.66826058843479 -37.90761115280882 10.2
      vertex 62.32808896292758 -24.62498734579766 10.2
    endloop
  endfacet
  facet normal 0 0 1
    outer loop
      vertex 63.66826058843479 -37.90761115280882 10.2
      vertex 62.330515901620956 -24.40251081963801 10.2
      vertex 62.32808896292758 -24.62498734579766 10.2
    endloop
  endfacet
  facet normal 0 0 1
    outer loop
      vertex 63.66826058843479 -37.90761115280882 10.2
      vertex 64.72124557247878 -36.36832501233121 10.2
      vertex 63.46410161513776 -2 10.2
    endloop
  endfacet
  facet normal 0 0 1
    outer loop
      vertex 63.66826058843479 -37.90761115280882 10.2
      vertex 61.769154760876006 -3.587490966130753 10.2
      vertex 62.330515901620956 -24.40251081963801 10.2
    endloop
  endfacet
  facet normal 0 0 1
    outer loop
      vertex 64.72124557247878 -36.36832501233121 10.2
      vertex 65.87265016521116 -34.90120311462693 10.2
      vertex 63.46410161513776 -2 10.2
    endloop
  endfacet
  facet normal 0 0 1
    outer loop
      vertex 65.87265016521116 -34.90120311462693 10.2
      vertex 67.11754387539901 -33.512527900898625 10.2
      vertex 63.46410161513776 -2 10.2
    endloop
  endfacet
  facet normal 0 0 1
    outer loop
      vertex 38.091507590276066 -24.04126247421339 10.2
      vertex 39.838179872132685 -14.328677857064285 10.2
      vertex 36.332138785062355 -23.42255365244867 10.2
    endloop
  endfacet
  facet normal 0 0 1
    outer loop
      vertex 39.838179872132685 -14.328677857064285 10.2
      vertex 41.470203413393115 -25.616774211109174 10.2
      vertex 40.032063664879345 -14.21954138454635 10.2
    endloop
  endfacet
  facet normal 0 0 1
    outer loop
      vertex 40.032063664879345 -14.21954138454635 10.2
      vertex 41.470203413393115 -25.616774211109174 10.2
      vertex 40.21839447072712 -14.097957974840902 10.2
    endloop
  endfacet
  facet normal 0 0 1
    outer loop
      vertex 40.21839447072712 -14.097957974840902 10.2
      vertex 41.470203413393115 -25.616774211109174 10.2
      vertex 40.396374392559366 -13.964448266774129 10.2
    endloop
  endfacet
  facet normal 0 0 1
    outer loop
      vertex 40.396374392559366 -13.964448266774129 10.2
      vertex 41.470203413393115 -25.616774211109174 10.2
      vertex 40.565241293026816 -13.819583969412752 10.2
    endloop
  endfacet
  facet normal 0 0 1
    outer loop
      vertex 40.565241293026816 -13.819583969412752 10.2
      vertex 41.470203413393115 -25.616774211109174 10.2
      vertex 40.72427205813674 -13.663985413918047 10.2
    endloop
  endfacet
  facet normal 0 0 1
    outer loop
      vertex 43.075062337075046 -26.5668305431059 10.2
      vertex 40.872785693738095 -13.498318897192565 10.2
      vertex 40.72427205813674 -13.663985413918047 10.2
    endloop
  endfacet
  facet normal 0 0 1
    outer loop
      vertex 43.075062337075046 -26.5668305431059 10.2
      vertex 41.01014624164301 -13.32329382869451 10.2
      vertex 40.872785693738095 -13.498318897192565 10.2
    endloop
  endfacet
  facet normal 0 0 1
    outer loop
      vertex 43.075062337075046 -26.5668305431059 10.2
      vertex 41.135765502897385 -13.139659692637533 10.2
      vertex 41.01014624164301 -13.32329382869451 10.2
    endloop
  endfacet
  facet normal 0 0 1
    outer loop
      vertex 43.075062337075046 -26.5668305431059 10.2
      vertex 41.24910555653909 -12.94820283858425 10.2
      vertex 41.135765502897385 -13.139659692637533 10.2
    endloop
  endfacet
  facet normal 0 0 1
    outer loop
      vertex 43.075062337075046 -26.5668305431059 10.2
      vertex 41.34968106305818 -12.74974311417671 10.2
      vertex 41.24910555653909 -12.94820283858425 10.2
    endloop
  endfacet
  facet normal 0 0 1
    outer loop
      vertex 43.075062337075046 -26.5668305431059 10.2
      vertex 41.43706134269509 -12.545130354422916 10.2
      vertex 41.34968106305818 -12.74974311417671 10.2
    endloop
  endfacet
  facet normal 0 0 1
    outer loop
      vertex 43.075062337075046 -26.5668305431059 10.2
      vertex 41.51087221967754 -12.33524074257286 10.2
      vertex 41.43706134269509 -12.545130354422916 10.2
    endloop
  endfacet
  facet normal 0 0 1
    outer loop
      vertex 43.075062337075046 -26.5668305431059 10.2
      vertex 41.57079762449865 -12.12097305816732 10.2
      vertex 41.51087221967754 -12.33524074257286 10.2
    endloop
  endfacet
  facet normal 0 0 1
    outer loop
      vertex 43.075062337075046 -26.5668305431059 10.2
      vertex 41.61658094737507 -11.903244828325896 10.2
      vertex 41.57079762449865 -12.12097305816732 10.2
    endloop
  endfacet
  facet normal 0 0 1
    outer loop
      vertex 43.075062337075046 -26.5668305431059 10.2
      vertex 41.64802613708946 -11.68298839875501 10.2
      vertex 41.61658094737507 -11.903244828325896 10.2
    endloop
  endfacet
  facet normal 0 0 1
    outer loop
      vertex 43.075062337075046 -26.5668305431059 10.2
      vertex 41.66499854051188 -11.461146941300473 10.2
      vertex 41.64802613708946 -11.68298839875501 10.2
    endloop
  endfacet
  facet normal 0 0 1
    outer loop
      vertex 43.075062337075046 -26.5668305431059 10.2
      vertex 41.66742547920526 -11.238670415140822 10.2
      vertex 41.66499854051188 -11.461146941300473 10.2
    endloop
  endfacet
  facet normal 0 0 1
    outer loop
      vertex 43.075062337075046 -26.5668305431059 10.2
      vertex 41.655296560645496 -11.016511498916293 10.2
      vertex 41.66742547920526 -11.238670415140822 10.2
    endloop
  endfacet
  facet normal 0 0 1
    outer loop
      vertex 44.61434847755267 -27.61981552714989 10.2
      vertex 46.08147037525694 -28.77122011988227 10.2
      vertex 42.63947261494938 12.355708370588196 10.2
    endloop
  endfacet
  facet normal 0 0 1
    outer loop
      vertex 43.075062337075046 -26.5668305431059 10.2
      vertex 44.61434847755267 -27.61981552714989 10.2
      vertex 42.63947261494938 12.355708370588196 10.2
    endloop
  endfacet
  facet normal 0 0 1
    outer loop
      vertex 47.47014558898525 -30.01611383007011 10.2
      vertex 48.774427598279104 -31.349165831726822 10.2
      vertex 45.45491868309643 27.940841245113983 10.2
    endloop
  endfacet
  facet normal 0 0 1
    outer loop
      vertex 49.9887312673377 -32.76466779152746 10.2
      vertex 47.08012106347282 28.855661676514327 10.2
      vertex 48.774427598279104 -31.349165831726822 10.2
    endloop
  endfacet
  facet normal 0 0 1
    outer loop
      vertex 53.041832244769886 -37.44365127157467 10.2
      vertex 50.133902163143645 30.993942222546174 10.2
      vertex 52.12701181336954 -35.81844889119829 10.2
    endloop
  endfacet
  facet normal 0 0 1
    outer loop
      vertex 49.9887312673377 -32.76466779152746 10.2
      vertex 51.10785676142683 -34.256558312768334 10.2
      vertex 50.133902163143645 30.993942222546174 10.2
    endloop
  endfacet
  facet normal 0 0 1
    outer loop
      vertex 51.10785676142683 -34.256558312768334 10.2
      vertex 52.12701181336954 -35.81844889119829 10.2
      vertex 50.133902163143645 30.993942222546174 10.2
    endloop
  endfacet
  facet normal 0 0 1
    outer loop
      vertex 43.075062337075046 -26.5668305431059 10.2
      vertex 42.63947261494938 12.355708370588196 10.2
      vertex 41.655296560645496 -11.016511498916293 10.2
    endloop
  endfacet
  facet normal 0 0 1
    outer loop
      vertex 40.619378976793286 -8.856803553255162 10.2
      vertex 40.77497753228799 -9.015834318365085 10.2
      vertex 40.49977806489157 9.968885493825097 10.2
    endloop
  endfacet
  facet normal 0 0 1
    outer loop
      vertex 41.28407141993952 -9.742895739259216 10.2
      vertex 41.38029361613969 -9.943502278738624 10.2
      vertex 40.49977806489157 9.968885493825097 10.2
    endloop
  endfacet
  facet normal 0 0 1
    outer loop
      vertex 41.28407141993952 -9.742895739259216 10.2
      vertex 40.49977806489157 9.968885493825097 10.2
      vertex 41.17493494742158 -9.549011946512557 10.2
    endloop
  endfacet
  facet normal 0 0 1
    outer loop
      vertex 41.17493494742158 -9.549011946512557 10.2
      vertex 40.49977806489157 9.968885493825097 10.2
      vertex 41.05335153771614 -9.362681140664774 10.2
    endloop
  endfacet
  facet normal 0 0 1
    outer loop
      vertex 40.91984182964937 -9.18470121883253 10.2
      vertex 41.05335153771614 -9.362681140664774 10.2
      vertex 40.49977806489157 9.968885493825097 10.2
    endloop
  endfacet
  facet normal 0 0 1
    outer loop
      vertex 40.91984182964937 -9.18470121883253 10.2
      vertex 40.49977806489157 9.968885493825097 10.2
      vertex 40.77497753228799 -9.015834318365085 10.2
    endloop
  endfacet
  facet normal 0 0 1
    outer loop
      vertex 37.1053660998263 -8.117886113586241 10.2
      vertex 37.316815939428196 -8.048671519346174 10.2
      vertex 37.510090909205104 10.296309488733373 10.2
    endloop
  endfacet
  facet normal 0 0 1
    outer loop
      vertex 37.316815939428196 -8.048671519346174 10.2
      vertex 37.53233989974402 -7.993434600050557 10.2
      vertex 37.510090909205104 10.296309488733373 10.2
    endloop
  endfacet
  facet normal 0 0 1
    outer loop
      vertex 37.53233989974402 -7.993434600050557 10.2
      vertex 37.75101507408785 -7.952411888667944 10.2
      vertex 37.510090909205104 10.296309488733373 10.2
    endloop
  endfacet
  facet normal 0 0 1
    outer loop
      vertex 37.75101507408785 -7.952411888667944 10.2
      vertex 37.97190506179153 -7.925779050746396 10.2
      vertex 37.510090909205104 10.296309488733373 10.2
    endloop
  endfacet
  facet normal 0 0 1
    outer loop
      vertex 37.97190506179153 -7.925779050746396 10.2
      vertex 38.19406397801606 -7.913650132186639 10.2
      vertex 38.74650577351674 9.815494044255678 10.2
    endloop
  endfacet
  facet normal 0 0 1
    outer loop
      vertex 38.19406397801606 -7.913650132186639 10.2
      vertex 38.416540504175714 -7.916077070880014 10.2
      vertex 38.966762203087626 9.784048854541297 10.2
    endloop
  endfacet
  facet normal 0 0 1
    outer loop
      vertex 38.416540504175714 -7.916077070880014 10.2
      vertex 38.638381961630245 -7.933049474302445 10.2
      vertex 39.18860366054216 9.767076451118868 10.2
    endloop
  endfacet
  facet normal 0 0 1
    outer loop
      vertex 38.638381961630245 -7.933049474302445 10.2
      vertex 38.85863839120113 -7.964494664016823 10.2
      vertex 39.18860366054216 9.767076451118868 10.2
    endloop
  endfacet
  facet normal 0 0 1
    outer loop
      vertex 38.85863839120113 -7.964494664016823 10.2
      vertex 39.07636662104255 -8.010277986893243 10.2
      vertex 39.18860366054216 9.767076451118868 10.2
    endloop
  endfacet
  facet normal 0 0 1
    outer loop
      vertex 39.07636662104255 -8.010277986893243 10.2
      vertex 39.290634305448094 -8.070203391714358 10.2
      vertex 39.18860366054216 9.767076451118868 10.2
    endloop
  endfacet
  facet normal 0 0 1
    outer loop
      vertex 39.290634305448094 -8.070203391714358 10.2
      vertex 39.50052391729815 -8.144014268696818 10.2
      vertex 39.18860366054216 9.767076451118868 10.2
    endloop
  endfacet
  facet normal 0 0 1
    outer loop
      vertex 39.70513667705194 -8.231394548333721 10.2
      vertex 40.288328225289675 9.899670899585029 10.2
      vertex 39.50052391729815 -8.144014268696818 10.2
    endloop
  endfacet
  facet normal 0 0 1
    outer loop
      vertex 39.70513667705194 -8.231394548333721 10.2
      vertex 39.90359640145948 -8.331970054852805 10.2
      vertex 40.49977806489157 9.968885493825097 10.2
    endloop
  endfacet
  facet normal 0 0 1
    outer loop
      vertex 39.90359640145948 -8.331970054852805 10.2
      vertex 40.09505325551277 -8.445310108494521 10.2
      vertex 40.49977806489157 9.968885493825097 10.2
    endloop
  endfacet
  facet normal 0 0 1
    outer loop
      vertex 40.27868739156975 -8.57092936974889 10.2
      vertex 40.49977806489157 9.968885493825097 10.2
      vertex 40.09505325551277 -8.445310108494521 10.2
    endloop
  endfacet
  facet normal 0 0 1
    outer loop
      vertex 40.27868739156975 -8.57092936974889 10.2
      vertex 40.453712460067806 -8.708289917653806 10.2
      vertex 40.49977806489157 9.968885493825097 10.2
    endloop
  endfacet
  facet normal 0 0 1
    outer loop
      vertex 40.619378976793286 -8.856803553255162 10.2
      vertex 40.49977806489157 9.968885493825097 10.2
      vertex 40.453712460067806 -8.708289917653806 10.2
    endloop
  endfacet
  facet normal 0 0 1
    outer loop
      vertex 41.655296560645496 -11.016511498916293 10.2
      vertex 42.63947261494938 12.355708370588196 10.2
      vertex 41.62866372272396 -10.795621511212616 10.2
    endloop
  endfacet
  facet normal 0 0 1
    outer loop
      vertex 41.58764101134134 -10.576946336868781 10.2
      vertex 41.62866372272396 -10.795621511212616 10.2
      vertex 42.579547210128275 12.141440686182657 10.2
    endloop
  endfacet
  facet normal 0 0 1
    outer loop
      vertex 41.58764101134134 -10.576946336868781 10.2
      vertex 42.50573633314582 11.931551074332598 10.2
      vertex 41.532404092045724 -10.361422376552959 10.2
    endloop
  endfacet
  facet normal 0 0 1
    outer loop
      vertex 41.46318949780566 -10.149972536951056 10.2
      vertex 42.31778054698982 11.528478590171268 10.2
      vertex 41.38029361613969 -9.943502278738624 10.2
    endloop
  endfacet
  facet normal 0 0 1
    outer loop
      vertex 41.532404092045724 -10.361422376552959 10.2
      vertex 42.41835605350891 11.726938314578806 10.2
      vertex 41.46318949780566 -10.149972536951056 10.2
    endloop
  endfacet
  facet normal 0 0 1
    outer loop
      vertex 46.08147037525694 -28.77122011988227 10.2
      vertex 42.68525593782581 12.573436600429623 10.2
      vertex 42.63947261494938 12.355708370588196 10.2
    endloop
  endfacet
  facet normal 0 0 1
    outer loop
      vertex 46.08147037525694 -28.77122011988227 10.2
      vertex 42.71670112754019 12.793693030000506 10.2
      vertex 42.68525593782581 12.573436600429623 10.2
    endloop
  endfacet
  facet normal 0 0 1
    outer loop
      vertex 46.08147037525694 -28.77122011988227 10.2
      vertex 42.73367353096262 13.015534487455044 10.2
      vertex 42.71670112754019 12.793693030000506 10.2
    endloop
  endfacet
  facet normal 0 0 1
    outer loop
      vertex 46.08147037525694 -28.77122011988227 10.2
      vertex 42.73610046965599 13.238011013614694 10.2
      vertex 42.73367353096262 13.015534487455044 10.2
    endloop
  endfacet
  facet normal 0 0 1
    outer loop
      vertex 46.08147037525694 -28.77122011988227 10.2
      vertex 42.723971551096234 13.460169929839223 10.2
      vertex 42.73610046965599 13.238011013614694 10.2
    endloop
  endfacet
  facet normal 0 0 1
    outer loop
      vertex 47.47014558898525 -30.01611383007011 10.2
      vertex 45.45491868309643 27.940841245113983 10.2
      vertex 46.08147037525694 -28.77122011988227 10.2
    endloop
  endfacet
  facet normal 0 0 1
    outer loop
      vertex 55.58297864930776 -23.886277624687953 10.2
      vertex 55.62876197218418 -23.668549394846526 10.2
      vertex 56.07685887838708 -0.780361288064513 10.2
    endloop
  endfacet
  facet normal 0 0 1
    outer loop
      vertex 55.62876197218418 -23.668549394846526 10.2
      vertex 55.688687377005294 -23.454281710440988 10.2
      vertex 56.07685887838708 -0.780361288064513 10.2
    endloop
  endfacet
  facet normal 0 0 1
    outer loop
      vertex 55.688687377005294 -23.454281710440988 10.2
      vertex 55.76249825398775 -23.244392098590932 10.2
      vertex 56.13629669484373 -1.035276180410083 10.2
    endloop
  endfacet
  facet normal 0 0 1
    outer loop
      vertex 55.76249825398775 -23.244392098590932 10.2
      vertex 55.84987853362466 -23.039779338837135 10.2
      vertex 56.212279482019575 -1.2857578612126463 10.2
    endloop
  endfacet
  facet normal 0 0 1
    outer loop
      vertex 55.84987853362466 -23.039779338837135 10.2
      vertex 55.95045404014374 -22.841319614429597 10.2
      vertex 56.304481869954856 -1.5307337294603591 10.2
    endloop
  endfacet
  facet normal 0 0 1
    outer loop
      vertex 55.95045404014374 -22.841319614429597 10.2
      vertex 56.063794093785454 -22.649862760376315 10.2
      vertex 56.41250903386925 -1.7691547608760052 10.2
    endloop
  endfacet
  facet normal 0 0 1
    outer loop
      vertex 56.063794093785454 -22.649862760376315 10.2
      vertex 56.189413355039825 -22.466228624319335 10.2
      vertex 56.41250903386925 -1.7691547608760052 10.2
    endloop
  endfacet
  facet normal 0 0 1
    outer loop
      vertex 56.189413355039825 -22.466228624319335 10.2
      vertex 56.326773902944744 -22.29120355582128 10.2
      vertex 56.41250903386925 -1.7691547608760052 10.2
    endloop
  endfacet
  facet normal 0 0 1
    outer loop
      vertex 56.326773902944744 -22.29120355582128 10.2
      vertex 56.4752875385461 -22.125537039095803 10.2
      vertex 56.41250903386925 -1.7691547608760052 10.2
    endloop
  endfacet
  facet normal 0 0 1
    outer loop
      vertex 56.4752875385461 -22.125537039095803 10.2
      vertex 56.63431830365602 -21.969938483601098 10.2
      vertex 57.17157287525381 -2.8284271247461903 10.2
    endloop
  endfacet
  facet normal 0 0 1
    outer loop
      vertex 56.63431830365602 -21.969938483601098 10.2
      vertex 56.803185204123466 -21.825074186239718 10.2
      vertex 57.17157287525381 -2.8284271247461903 10.2
    endloop
  endfacet
  facet normal 0 0 1
    outer loop
      vertex 56.803185204123466 -21.825074186239718 10.2
      vertex 56.98116512595571 -21.691564478172946 10.2
      vertex 57.17157287525381 -2.8284271247461903 10.2
    endloop
  endfacet
  facet normal 0 0 1
    outer loop
      vertex 56.98116512595571 -21.691564478172946 10.2
      vertex 57.167495931803494 -21.5699810684675 10.2
      vertex 57.36261673959972 -3.0073592299159095 10.2
    endloop
  endfacet
  facet normal 0 0 1
    outer loop
      vertex 57.167495931803494 -21.5699810684675 10.2
      vertex 57.361379724550154 -21.460844595949563 10.2
      vertex 57.564954283965115 -3.1734133611649407 10.2
    endloop
  endfacet
  facet normal 0 0 1
    outer loop
      vertex 57.361379724550154 -21.460844595949563 10.2
      vertex 57.561986264029564 -21.364622399749393 10.2
      vertex 57.777719067921595 -3.325878449210181 10.2
    endloop
  endfacet
  facet normal 0 0 1
    outer loop
      vertex 57.561986264029564 -21.364622399749393 10.2
      vertex 57.76845652224199 -21.281726518083428 10.2
      vertex 58 -3.4641016151377544 10.2
    endloop
  endfacet
  facet normal 0 0 1
    outer loop
      vertex 57.76845652224199 -21.281726518083428 10.2
      vertex 57.979906361843895 -21.21251192384336 10.2
      vertex 58 -3.4641016151377544 10.2
    endloop
  endfacet
  facet normal 0 0 1
    outer loop
      vertex 57.979906361843895 -21.21251192384336 10.2
      vertex 58.195430322159716 -21.157275004547742 10.2
      vertex 58.230845239123994 -3.587490966130753 10.2
    endloop
  endfacet
  facet normal 0 0 1
    outer loop
      vertex 58.195430322159716 -21.157275004547742 10.2
      vertex 58.41410549650355 -21.11625229316513 10.2
      vertex 58.230845239123994 -3.587490966130753 10.2
    endloop
  endfacet
  facet normal 0 0 1
    outer loop
      vertex 58.41410549650355 -21.11625229316513 10.2
      vertex 58.63499548420723 -21.089619455243582 10.2
      vertex 58.230845239123994 -3.587490966130753 10.2
    endloop
  endfacet
  facet normal 0 0 1
    outer loop
      vertex 58.63499548420723 -21.089619455243582 10.2
      vertex 58.85715440043176 -21.077490536683825 10.2
      vertex 58.230845239123994 -3.587490966130753 10.2
    endloop
  endfacet
  facet normal 0 0 1
    outer loop
      vertex 58.85715440043176 -21.077490536683825 10.2
      vertex 59.07963092659141 -21.0799174753772 10.2
      vertex 58.230845239123994 -3.587490966130753 10.2
    endloop
  endfacet
  facet normal 0 0 1
    outer loop
      vertex 59.07963092659141 -21.0799174753772 10.2
      vertex 59.30147238404595 -21.09688987879963 10.2
      vertex 60 -4 10.2
    endloop
  endfacet
  facet normal 0 0 1
    outer loop
      vertex 59.30147238404595 -21.09688987879963 10.2
      vertex 59.52172881361683 -21.12833506851401 10.2
      vertex 60 -4 10.2
    endloop
  endfacet
  facet normal 0 0 1
    outer loop
      vertex 59.52172881361683 -21.12833506851401 10.2
      vertex 59.73945704345826 -21.174118391390426 10.2
      vertex 60 -4 10.2
    endloop
  endfacet
  facet normal 0 0 1
    outer loop
      vertex 59.73945704345826 -21.174118391390426 10.2
      vertex 59.95372472786379 -21.234043796211544 10.2
      vertex 60 -4 10.2
    endloop
  endfacet
  facet normal 0 0 1
    outer loop
      vertex 59.95372472786379 -21.234043796211544 10.2
      vertex 60.16361433971385 -21.307854673194 10.2
      vertex 60 -4 10.2
    endloop
  endfacet
  facet normal 0 0 1
    outer loop
      vertex 62.330515901620956 -24.40251081963801 10.2
      vertex 61.769154760876006 -3.587490966130753 10.2
      vertex 62.3183869830612 -24.180351903413477 10.2
    endloop
  endfacet
  facet normal 0 0 1
    outer loop
      vertex 62.3183869830612 -24.180351903413477 10.2
      vertex 61.769154760876006 -3.587490966130753 10.2
      vertex 62.291754145139656 -23.9594619157098 10.2
    endloop
  endfacet
  facet normal 0 0 1
    outer loop
      vertex 62.291754145139656 -23.9594619157098 10.2
      vertex 61.769154760876006 -3.587490966130753 10.2
      vertex 62.25073143375704 -23.740786741365966 10.2
    endloop
  endfacet
  facet normal 0 0 1
    outer loop
      vertex 62.25073143375704 -23.740786741365966 10.2
      vertex 61.769154760876006 -3.587490966130753 10.2
      vertex 62.19549451446142 -23.52526278105014 10.2
    endloop
  endfacet
  facet normal 0 0 1
    outer loop
      vertex 62.19549451446142 -23.52526278105014 10.2
      vertex 61.769154760876006 -3.587490966130753 10.2
      vertex 62.12627992022136 -23.31381294144824 10.2
    endloop
  endfacet
  facet normal 0 0 1
    outer loop
      vertex 61.94716184235522 -22.906736143756405 10.2
      vertex 62.04338403855539 -23.10734268323581 10.2
      vertex 61.769154760876006 -3.587490966130753 10.2
    endloop
  endfacet
  facet normal 0 0 1
    outer loop
      vertex 61.94716184235522 -22.906736143756405 10.2
      vertex 61.769154760876006 -3.587490966130753 10.2
      vertex 61.83802536983729 -22.712852351009744 10.2
    endloop
  endfacet
  facet normal 0 0 1
    outer loop
      vertex 62.04338403855539 -23.10734268323581 10.2
      vertex 62.12627992022136 -23.31381294144824 10.2
      vertex 61.769154760876006 -3.587490966130753 10.2
    endloop
  endfacet
  facet normal 0 0 1
    outer loop
      vertex 61.58293225206506 -22.348541623329716 10.2
      vertex 61.769154760876006 -3.587490966130753 10.2
      vertex 61.43806795470369 -22.179674722862273 10.2
    endloop
  endfacet
  facet normal 0 0 1
    outer loop
      vertex 61.58293225206506 -22.348541623329716 10.2
      vertex 61.71644196013184 -22.52652154516196 10.2
      vertex 61.769154760876006 -3.587490966130753 10.2
    endloop
  endfacet
  facet normal 0 0 1
    outer loop
      vertex 61.282469399208985 -22.02064395775235 10.2
      vertex 61.43806795470369 -22.179674722862273 10.2
      vertex 61.769154760876006 -3.587490966130753 10.2
    endloop
  endfacet
  facet normal 0 0 1
    outer loop
      vertex 60.941777813985446 -21.734769774246075 10.2
      vertex 61.116802882483505 -21.87213032215099 10.2
      vertex 61.769154760876006 -3.587490966130753 10.2
    endloop
  endfacet
  facet normal 0 0 1
    outer loop
      vertex 61.116802882483505 -21.87213032215099 10.2
      vertex 61.282469399208985 -22.02064395775235 10.2
      vertex 61.769154760876006 -3.587490966130753 10.2
    endloop
  endfacet
  facet normal 0 0 1
    outer loop
      vertex 61.71644196013184 -22.52652154516196 10.2
      vertex 61.83802536983729 -22.712852351009744 10.2
      vertex 61.769154760876006 -3.587490966130753 10.2
    endloop
  endfacet
  facet normal 0 0 1
    outer loop
      vertex 60.16361433971385 -21.307854673194 10.2
      vertex 60.368227099467646 -21.395234952830908 10.2
      vertex 61.03527618041008 -3.8637033051562732 10.2
    endloop
  endfacet
  facet normal 0 0 1
    outer loop
      vertex 60.368227099467646 -21.395234952830908 10.2
      vertex 60.56668682387519 -21.49581045934999 10.2
      vertex 61.285757861212645 -3.7877205179804228 10.2
    endloop
  endfacet
  facet normal 0 0 1
    outer loop
      vertex 60.56668682387519 -21.49581045934999 10.2
      vertex 60.758143677928466 -21.609150512991707 10.2
      vertex 61.53073372946036 -3.695518130045147 10.2
    endloop
  endfacet
  facet normal 0 0 1
    outer loop
      vertex 60.758143677928466 -21.609150512991707 10.2
      vertex 60.941777813985446 -21.734769774246075 10.2
      vertex 61.769154760876006 -3.587490966130753 10.2
    endloop
  endfacet
  facet normal 0 0 1
    outer loop
      vertex 63.66826058843479 -37.90761115280882 10.2
      vertex 62 -3.4641016151377544 10.2
      vertex 61.769154760876006 -3.587490966130753 10.2
    endloop
  endfacet
  facet normal 0 0 1
    outer loop
      vertex 63.66826058843479 -37.90761115280882 10.2
      vertex 62.222280932078405 -3.325878449210181 10.2
      vertex 62 -3.4641016151377544 10.2
    endloop
  endfacet
  facet normal 0 0 1
    outer loop
      vertex 63.66826058843479 -37.90761115280882 10.2
      vertex 62.435045716034885 -3.1734133611649407 10.2
      vertex 62.222280932078405 -3.325878449210181 10.2
    endloop
  endfacet
  facet normal 0 0 1
    outer loop
      vertex 63.66826058843479 -37.90761115280882 10.2
      vertex 62.63738326040028 -3.0073592299159095 10.2
      vertex 62.435045716034885 -3.1734133611649407 10.2
    endloop
  endfacet
  facet normal 0 0 1
    outer loop
      vertex 63.66826058843479 -37.90761115280882 10.2
      vertex 62.82842712474619 -2.8284271247461903 10.2
      vertex 62.63738326040028 -3.0073592299159095 10.2
    endloop
  endfacet
  facet normal 0 0 1
    outer loop
      vertex 63.66826058843479 -37.90761115280882 10.2
      vertex 63.007359229915906 -2.6373832604002754 10.2
      vertex 62.82842712474619 -2.8284271247461903 10.2
    endloop
  endfacet
  facet normal 0 0 1
    outer loop
      vertex 63.66826058843479 -37.90761115280882 10.2
      vertex 63.17341336116494 -2.4350457160348826 10.2
      vertex 63.007359229915906 -2.6373832604002754 10.2
    endloop
  endfacet
  facet normal 0 0 1
    outer loop
      vertex 63.66826058843479 -37.90761115280882 10.2
      vertex 63.32587844921018 -2.2222809320784087 10.2
      vertex 63.17341336116494 -2.4350457160348826 10.2
    endloop
  endfacet
  facet normal 0 0 1
    outer loop
      vertex 63.66826058843479 -37.90761115280882 10.2
      vertex 63.46410161513776 -2 10.2
      vertex 63.32587844921018 -2.2222809320784087 10.2
    endloop
  endfacet
  facet normal 0 0 1
    outer loop
      vertex 67.11754387539901 -33.512527900898625 10.2
      vertex 63.58749096613075 -1.7691547608760052 10.2
      vertex 63.46410161513776 -2 10.2
    endloop
  endfacet
  facet normal 0 0 1
    outer loop
      vertex 67.11754387539901 -33.512527900898625 10.2
      vertex 63.695518130045144 -1.5307337294603591 10.2
      vertex 63.58749096613075 -1.7691547608760052 10.2
    endloop
  endfacet
  facet normal 0 0 1
    outer loop
      vertex 67.11754387539901 -33.512527900898625 10.2
      vertex 63.787720517980425 -1.2857578612126463 10.2
      vertex 63.695518130045144 -1.5307337294603591 10.2
    endloop
  endfacet
  facet normal 0 0 1
    outer loop
      vertex 67.11754387539901 -33.512527900898625 10.2
      vertex 63.86370330515627 -1.035276180410083 10.2
      vertex 63.787720517980425 -1.2857578612126463 10.2
    endloop
  endfacet
  facet normal 0 0 1
    outer loop
      vertex 67.11754387539901 -33.512527900898625 10.2
      vertex 63.92314112161292 -0.780361288064513 10.2
      vertex 63.86370330515627 -1.035276180410083 10.2
    endloop
  endfacet
  facet normal 0 0 1
    outer loop
      vertex 67.11754387539901 -33.512527900898625 10.2
      vertex 63.965779445495244 -0.5221047688802063 10.2
      vertex 63.92314112161292 -0.780361288064513 10.2
    endloop
  endfacet
  facet normal 0 0 1
    outer loop
      vertex 67.11754387539901 -33.512527900898625 10.2
      vertex 63.99143569295441 -0.26161251692057225 10.2
      vertex 63.965779445495244 -0.5221047688802063 10.2
    endloop
  endfacet
  facet normal 0 0 1
    outer loop
      vertex 67.11754387539901 -33.512527900898625 10.2
      vertex 64 0 10.2
      vertex 63.99143569295441 -0.26161251692057225 10.2
    endloop
  endfacet
  facet normal 0 0 1
    outer loop
      vertex 67.11754387539901 -33.512527900898625 10.2
      vertex 63.99143569295441 0.26161251692057225 10.2
      vertex 64 0 10.2
    endloop
  endfacet
  facet normal 0 0 1
    outer loop
      vertex 53.041832244769886 -37.44365127157467 10.2
      vertex 55.53456105617095 -24.32837551171337 10.2
      vertex 52.882456124601 33.512527900898625 10.2
    endloop
  endfacet
  facet normal 0 0 1
    outer loop
      vertex 55.95045404014374 -22.841319614429597 10.2
      vertex 56.41250903386925 -1.7691547608760052 10.2
      vertex 56.304481869954856 -1.5307337294603591 10.2
    endloop
  endfacet
  facet normal 0 0 1
    outer loop
      vertex 55.76249825398775 -23.244392098590932 10.2
      vertex 56.212279482019575 -1.2857578612126463 10.2
      vertex 56.13629669484373 -1.035276180410083 10.2
    endloop
  endfacet
  facet normal 0 0 1
    outer loop
      vertex 55.84987853362466 -23.039779338837135 10.2
      vertex 56.304481869954856 -1.5307337294603591 10.2
      vertex 56.212279482019575 -1.2857578612126463 10.2
    endloop
  endfacet
  facet normal 0 0 1
    outer loop
      vertex 55.58297864930776 -23.886277624687953 10.2
      vertex 56.07685887838708 -0.780361288064513 10.2
      vertex 56.034220554504756 -0.5221047688802063 10.2
    endloop
  endfacet
  facet normal 0 0 1
    outer loop
      vertex 55.688687377005294 -23.454281710440988 10.2
      vertex 56.13629669484373 -1.035276180410083 10.2
      vertex 56.07685887838708 -0.780361288064513 10.2
    endloop
  endfacet
  facet normal 0 0 1
    outer loop
      vertex 55.58297864930776 -23.886277624687953 10.2
      vertex 56.034220554504756 -0.5221047688802063 10.2
      vertex 56.00856430704559 -0.26161251692057225 10.2
    endloop
  endfacet
  facet normal 0 0 1
    outer loop
      vertex 56.4752875385461 -22.125537039095803 10.2
      vertex 57.17157287525381 -2.8284271247461903 10.2
      vertex 56.992640770084094 -2.6373832604002754 10.2
    endloop
  endfacet
  facet normal 0 0 1
    outer loop
      vertex 56.98116512595571 -21.691564478172946 10.2
      vertex 57.36261673959972 -3.0073592299159095 10.2
      vertex 57.17157287525381 -2.8284271247461903 10.2
    endloop
  endfacet
  facet normal 0 0 1
    outer loop
      vertex 57.167495931803494 -21.5699810684675 10.2
      vertex 57.564954283965115 -3.1734133611649407 10.2
      vertex 57.36261673959972 -3.0073592299159095 10.2
    endloop
  endfacet
  facet normal 0 0 1
    outer loop
      vertex 57.361379724550154 -21.460844595949563 10.2
      vertex 57.777719067921595 -3.325878449210181 10.2
      vertex 57.564954283965115 -3.1734133611649407 10.2
    endloop
  endfacet
  facet normal 0 0 1
    outer loop
      vertex 57.561986264029564 -21.364622399749393 10.2
      vertex 58 -3.4641016151377544 10.2
      vertex 57.777719067921595 -3.325878449210181 10.2
    endloop
  endfacet
  facet normal 0 0 1
    outer loop
      vertex 57.979906361843895 -21.21251192384336 10.2
      vertex 58.230845239123994 -3.587490966130753 10.2
      vertex 58 -3.4641016151377544 10.2
    endloop
  endfacet
  facet normal 0 0 1
    outer loop
      vertex 56.4752875385461 -22.125537039095803 10.2
      vertex 56.82658663883506 -2.4350457160348826 10.2
      vertex 56.67412155078982 -2.2222809320784087 10.2
    endloop
  endfacet
  facet normal 0 0 1
    outer loop
      vertex 56.4752875385461 -22.125537039095803 10.2
      vertex 56.992640770084094 -2.6373832604002754 10.2
      vertex 56.82658663883506 -2.4350457160348826 10.2
    endloop
  endfacet
  facet normal 0 0 1
    outer loop
      vertex 56.4752875385461 -22.125537039095803 10.2
      vertex 56.67412155078982 -2.2222809320784087 10.2
      vertex 56.53589838486224 -2 10.2
    endloop
  endfacet
  facet normal 0 0 1
    outer loop
      vertex 56.4752875385461 -22.125537039095803 10.2
      vertex 56.53589838486224 -2 10.2
      vertex 56.41250903386925 -1.7691547608760052 10.2
    endloop
  endfacet
  facet normal 0 0 1
    outer loop
      vertex 59.07963092659141 -21.0799174753772 10.2
      vertex 58.714242138787355 -3.7877205179804228 10.2
      vertex 58.46926627053964 -3.695518130045147 10.2
    endloop
  endfacet
  facet normal 0 0 1
    outer loop
      vertex 59.07963092659141 -21.0799174753772 10.2
      vertex 58.46926627053964 -3.695518130045147 10.2
      vertex 58.230845239123994 -3.587490966130753 10.2
    endloop
  endfacet
  facet normal 0 0 1
    outer loop
      vertex 59.07963092659141 -21.0799174753772 10.2
      vertex 58.96472381958992 -3.8637033051562732 10.2
      vertex 58.714242138787355 -3.7877205179804228 10.2
    endloop
  endfacet
  facet normal 0 0 1
    outer loop
      vertex 59.07963092659141 -21.0799174753772 10.2
      vertex 59.21963871193549 -3.9231411216129217 10.2
      vertex 58.96472381958992 -3.8637033051562732 10.2
    endloop
  endfacet
  facet normal 0 0 1
    outer loop
      vertex 59.07963092659141 -21.0799174753772 10.2
      vertex 59.477895231119795 -3.9657794454952415 10.2
      vertex 59.21963871193549 -3.9231411216129217 10.2
    endloop
  endfacet
  facet normal 0 0 1
    outer loop
      vertex 59.07963092659141 -21.0799174753772 10.2
      vertex 59.73838748307943 -3.991435692954414 10.2
      vertex 59.477895231119795 -3.9657794454952415 10.2
    endloop
  endfacet
  facet normal 0 0 1
    outer loop
      vertex 59.07963092659141 -21.0799174753772 10.2
      vertex 60 -4 10.2
      vertex 59.73838748307943 -3.991435692954414 10.2
    endloop
  endfacet
  facet normal 0 0 1
    outer loop
      vertex 60.16361433971385 -21.307854673194 10.2
      vertex 60.26161251692057 -3.991435692954414 10.2
      vertex 60 -4 10.2
    endloop
  endfacet
  facet normal 0 0 1
    outer loop
      vertex 55.53456105617095 -24.32837551171337 10.2
      vertex 55.55153345959338 -24.106534054258837 10.2
      vertex 52.882456124601 33.512527900898625 10.2
    endloop
  endfacet
  facet normal 0 0 1
    outer loop
      vertex 55.55153345959338 -24.106534054258837 10.2
      vertex 55.58297864930776 -23.886277624687953 10.2
      vertex 52.882456124601 33.512527900898625 10.2
    endloop
  endfacet
  facet normal 0 0 1
    outer loop
      vertex 60.16361433971385 -21.307854673194 10.2
      vertex 60.522104768880205 -3.9657794454952415 10.2
      vertex 60.26161251692057 -3.991435692954414 10.2
    endloop
  endfacet
  facet normal 0 0 1
    outer loop
      vertex 60.16361433971385 -21.307854673194 10.2
      vertex 60.78036128806451 -3.9231411216129217 10.2
      vertex 60.522104768880205 -3.9657794454952415 10.2
    endloop
  endfacet
  facet normal 0 0 1
    outer loop
      vertex 60.16361433971385 -21.307854673194 10.2
      vertex 61.03527618041008 -3.8637033051562732 10.2
      vertex 60.78036128806451 -3.9231411216129217 10.2
    endloop
  endfacet
  facet normal 0 0 1
    outer loop
      vertex 60.368227099467646 -21.395234952830908 10.2
      vertex 61.285757861212645 -3.7877205179804228 10.2
      vertex 61.03527618041008 -3.8637033051562732 10.2
    endloop
  endfacet
  facet normal 0 0 1
    outer loop
      vertex 60.56668682387519 -21.49581045934999 10.2
      vertex 61.53073372946036 -3.695518130045147 10.2
      vertex 61.285757861212645 -3.7877205179804228 10.2
    endloop
  endfacet
  facet normal 0 0 1
    outer loop
      vertex 60.758143677928466 -21.609150512991707 10.2
      vertex 61.769154760876006 -3.587490966130753 10.2
      vertex 61.53073372946036 -3.695518130045147 10.2
    endloop
  endfacet
  facet normal 0 0 1
    outer loop
      vertex 67.11754387539901 -33.512527900898625 10.2
      vertex 68.45059587705572 -32.20824589160476 10.2
      vertex 66.95816775523011 37.44365127157467 10.2
    endloop
  endfacet
  facet normal 0 0 1
    outer loop
      vertex 67.11754387539901 -33.512527900898625 10.2
      vertex 64.41702135069224 23.886277624687953 10.2
      vertex 63.99143569295441 0.26161251692057225 10.2
    endloop
  endfacet
  facet normal 0 0 1
    outer loop
      vertex 77.95734270932047 -26.439410298294913 10.2
      vertex 79.72978989421875 -25.85922914069434 10.2
      vertex 78.8362717540365 -16.031371320260995 10.2
    endloop
  endfacet
  facet normal 0 0 1
    outer loop
      vertex 78.8362717540365 -16.031371320260995 10.2
      vertex 79.72978989421875 -25.85922914069434 10.2
      vertex 81.53638779686611 -25.396213787775196 10.2
    endloop
  endfacet
  facet normal 0 0 1
    outer loop
      vertex 78.8362717540365 -16.031371320260995 10.2
      vertex 81.53638779686611 -25.396213787775196 10.2
      vertex 83.36940028768942 -25.05234694236212 10.2
    endloop
  endfacet
  facet normal 0 0 1
    outer loop
      vertex 78.8362717540365 -16.031371320260995 10.2
      vertex 83.36940028768942 -25.05234694236212 10.2
      vertex 85.22097812579378 -24.829101095078556 10.2
    endloop
  endfacet
  facet normal 0 0 1
    outer loop
      vertex 78.8362717540365 -16.031371320260995 10.2
      vertex 85.22097812579378 -24.829101095078556 10.2
      vertex 87.08319257061704 -24.727432218915897 10.2
    endloop
  endfacet
  facet normal 0 0 1
    outer loop
      vertex 78.8362717540365 -16.031371320260995 10.2
      vertex 87.08319257061704 -24.727432218915897 10.2
      vertex 88.94806933401412 -24.747775675610356 10.2
    endloop
  endfacet
  facet normal 0 0 1
    outer loop
      vertex 78.8362717540365 -16.031371320260995 10.2
      vertex 88.94806933401412 -24.747775675610356 10.2
      vertex 90.80762272738303 -24.8900443513572 10.2
    endloop
  endfacet
  facet normal 0 0 1
    outer loop
      vertex 78.8362717540365 -16.031371320260995 10.2
      vertex 90.80762272738303 -24.8900443513572 10.2
      vertex 92.65388985760956 -25.15362902984537 10.2
    endloop
  endfacet
  facet normal 0 0 1
    outer loop
      vertex 78.8362717540365 -16.031371320260995 10.2
      vertex 92.65388985760956 -25.15362902984537 10.2
      vertex 93.40241252266271 -25.311026418688357 10.2
    endloop
  endfacet
  facet normal 0 0 1
    outer loop
      vertex 77.95734270932047 -26.439410298294913 10.2
      vertex 78.65263761797952 -15.905752059006625 10.2
      vertex 78.47761254948146 -15.768391511101711 10.2
    endloop
  endfacet
  facet normal 0 0 1
    outer loop
      vertex 77.95734270932047 -26.439410298294913 10.2
      vertex 78.8362717540365 -16.031371320260995 10.2
      vertex 78.65263761797952 -15.905752059006625 10.2
    endloop
  endfacet
  facet normal 0 0 1
    outer loop
      vertex 77.95734270932047 -26.439410298294913 10.2
      vertex 78.31194603275598 -15.619877875500354 10.2
      vertex 78.15634747726128 -15.46084711039043 10.2
    endloop
  endfacet
  facet normal 0 0 1
    outer loop
      vertex 77.95734270932047 -26.439410298294913 10.2
      vertex 78.47761254948146 -15.768391511101711 10.2
      vertex 78.31194603275598 -15.619877875500354 10.2
    endloop
  endfacet
  facet normal 0 0 1
    outer loop
      vertex 77.95734270932047 -26.439410298294913 10.2
      vertex 78.15634747726128 -15.46084711039043 10.2
      vertex 78.0114831798999 -15.291980209922984 10.2
    endloop
  endfacet
  facet normal 0 0 1
    outer loop
      vertex 77.95734270932047 -26.439410298294913 10.2
      vertex 77.87797347183313 -15.114000288090741 10.2
      vertex 77.75639006212768 -14.927669482242958 10.2
    endloop
  endfacet
  facet normal 0 0 1
    outer loop
      vertex 77.95734270932047 -26.439410298294913 10.2
      vertex 78.0114831798999 -15.291980209922984 10.2
      vertex 77.87797347183313 -15.114000288090741 10.2
    endloop
  endfacet
  facet normal 0 0 1
    outer loop
      vertex 77.95734270932047 -26.439410298294913 10.2
      vertex 77.75639006212768 -14.927669482242958 10.2
      vertex 77.64725358960975 -14.733785689496301 10.2
    endloop
  endfacet
  facet normal 0 0 1
    outer loop
      vertex 77.95734270932047 -26.439410298294913 10.2
      vertex 77.64725358960975 -14.733785689496301 10.2
      vertex 77.55103139340957 -14.533179150016892 10.2
    endloop
  endfacet
  facet normal 0 0 1
    outer loop
      vertex 77.95734270932047 -26.439410298294913 10.2
      vertex 77.55103139340957 -14.533179150016892 10.2
      vertex 77.46813551174361 -14.32670889180446 10.2
    endloop
  endfacet
  facet normal 0 0 1
    outer loop
      vertex 77.95734270932047 -26.439410298294913 10.2
      vertex 77.34368399820792 -13.899735091886736 10.2
      vertex 77.30266128682531 -13.681059917542903 10.2
    endloop
  endfacet
  facet normal 0 0 1
    outer loop
      vertex 77.95734270932047 -26.439410298294913 10.2
      vertex 77.30266128682531 -13.681059917542903 10.2
      vertex 77.27602844890376 -13.460169929839223 10.2
    endloop
  endfacet
  facet normal 0 0 1
    outer loop
      vertex 77.95734270932047 -26.439410298294913 10.2
      vertex 77.46813551174361 -14.32670889180446 10.2
      vertex 77.39892091750355 -14.115259052202557 10.2
    endloop
  endfacet
  facet normal 0 0 1
    outer loop
      vertex 77.95734270932047 -26.439410298294913 10.2
      vertex 77.39892091750355 -14.115259052202557 10.2
      vertex 77.34368399820792 -13.899735091886736 10.2
    endloop
  endfacet
  facet normal 0 0 1
    outer loop
      vertex 68.45059587705572 -32.20824589160476 10.2
      vertex 69.86609783685635 -30.993942222546174 10.2
      vertex 66.95816775523011 37.44365127157467 10.2
    endloop
  endfacet
  facet normal 0 0 1
    outer loop
      vertex 69.86609783685635 -30.993942222546174 10.2
      vertex 71.35798835809722 -29.874816728457038 10.2
      vertex 70.0112687326623 32.76466779152746 10.2
    endloop
  endfacet
  facet normal 0 0 1
    outer loop
      vertex 71.35798835809722 -29.874816728457038 10.2
      vertex 72.91987893652717 -28.855661676514327 10.2
      vertex 70.0112687326623 32.76466779152746 10.2
    endloop
  endfacet
  facet normal 0 0 1
    outer loop
      vertex 72.91987893652717 -28.855661676514327 10.2
      vertex 74.54508131690356 -27.940841245113983 10.2
      vertex 71.2255724017209 31.349165831726822 10.2
    endloop
  endfacet
  facet normal 0 0 1
    outer loop
      vertex 74.54508131690356 -27.940841245113983 10.2
      vertex 76.22663613312803 -27.13427283578906 10.2
      vertex 73.91852962474306 28.77122011988227 10.2
    endloop
  endfacet
  facet normal 0 0 1
    outer loop
      vertex 76.22663613312803 -27.13427283578906 10.2
      vertex 77.95734270932047 -26.439410298294913 10.2
      vertex 73.91852962474306 28.77122011988227 10.2
    endloop
  endfacet
  facet normal 0 0 1
    outer loop
      vertex 77.95734270932047 -26.439410298294913 10.2
      vertex 77.27602844890376 -13.460169929839223 10.2
      vertex 73.91852962474306 28.77122011988227 10.2
    endloop
  endfacet
  facet normal 0 0 1
    outer loop
      vertex 77.36052738505062 -12.355708370588196 10.2
      vertex 77.42045278987172 -12.141440686182657 10.2
      vertex 78.37133627727604 10.795621511212616 10.2
    endloop
  endfacet
  facet normal 0 0 1
    outer loop
      vertex 77.42045278987172 -12.141440686182657 10.2
      vertex 77.49426366685418 -11.931551074332598 10.2
      vertex 78.41235898865867 10.576946336868781 10.2
    endloop
  endfacet
  facet normal 0 0 1
    outer loop
      vertex 77.49426366685418 -11.931551074332598 10.2
      vertex 77.58164394649108 -11.726938314578806 10.2
      vertex 78.46759590795428 10.361422376552959 10.2
    endloop
  endfacet
  facet normal 0 0 1
    outer loop
      vertex 77.58164394649108 -11.726938314578806 10.2
      vertex 77.68221945301018 -11.528478590171268 10.2
      vertex 78.53681050219434 10.149972536951056 10.2
    endloop
  endfacet
  facet normal 0 0 1
    outer loop
      vertex 77.68221945301018 -11.528478590171268 10.2
      vertex 77.7955595066519 -11.337021736117984 10.2
      vertex 78.61970638386032 9.943502278738624 10.2
    endloop
  endfacet
  facet normal 0 0 1
    outer loop
      vertex 77.7955595066519 -11.337021736117984 10.2
      vertex 77.92117876790626 -11.153387600061006 10.2
      vertex 78.61970638386032 9.943502278738624 10.2
    endloop
  endfacet
  facet normal 0 0 1
    outer loop
      vertex 77.92117876790626 -11.153387600061006 10.2
      vertex 78.05853931581117 -10.97836253156295 10.2
      vertex 78.61970638386032 9.943502278738624 10.2
    endloop
  endfacet
  facet normal 0 0 1
    outer loop
      vertex 78.05853931581117 -10.97836253156295 10.2
      vertex 78.20705295141254 -10.812696014837469 10.2
      vertex 78.61970638386032 9.943502278738624 10.2
    endloop
  endfacet
  facet normal 0 0 1
    outer loop
      vertex 78.20705295141254 -10.812696014837469 10.2
      vertex 78.36608371652245 -10.657097459342763 10.2
      vertex 78.61970638386032 9.943502278738624 10.2
    endloop
  endfacet
  facet normal 0 0 1
    outer loop
      vertex 78.36608371652245 -10.657097459342763 10.2
      vertex 78.5349506169899 -10.512233161981388 10.2
      vertex 78.61970638386032 9.943502278738624 10.2
    endloop
  endfacet
  facet normal 0 0 1
    outer loop
      vertex 78.5349506169899 -10.512233161981388 10.2
      vertex 78.71293053882215 -10.378723453914613 10.2
      vertex 78.61970638386032 9.943502278738624 10.2
    endloop
  endfacet
  facet normal 0 0 1
    outer loop
      vertex 78.71293053882215 -10.378723453914613 10.2
      vertex 78.89926134466992 -10.257140044209168 10.2
      vertex 78.61970638386032 9.943502278738624 10.2
    endloop
  endfacet
  facet normal 0 0 1
    outer loop
      vertex 78.89926134466992 -10.257140044209168 10.2
      vertex 79.09314513741658 -10.148003571691232 10.2
      vertex 78.61970638386032 9.943502278738624 10.2
    endloop
  endfacet
  facet normal 0 0 1
    outer loop
      vertex 79.09314513741658 -10.148003571691232 10.2
      vertex 79.293751676896 -10.051781375491066 10.2
      vertex 78.61970638386032 9.943502278738624 10.2
    endloop
  endfacet
  facet normal 0 0 1
    outer loop
      vertex 79.293751676896 -10.051781375491066 10.2
      vertex 79.50022193510843 -9.968885493825097 10.2
      vertex 78.61970638386032 9.943502278738624 10.2
    endloop
  endfacet
  facet normal 0 0 1
    outer loop
      vertex 79.50022193510843 -9.968885493825097 10.2
      vertex 79.71167177471033 -9.899670899585029 10.2
      vertex 80.29486332294806 8.231394548333721 10.2
    endloop
  endfacet
  facet normal 0 0 1
    outer loop
      vertex 79.71167177471033 -9.899670899585029 10.2
      vertex 79.92719573502615 -9.844433980289413 10.2
      vertex 80.49947608270185 8.144014268696818 10.2
    endloop
  endfacet
  facet normal 0 0 1
    outer loop
      vertex 79.92719573502615 -9.844433980289413 10.2
      vertex 80.14587090936999 -9.8034112689068 10.2
      vertex 80.49947608270185 8.144014268696818 10.2
    endloop
  endfacet
  facet normal 0 0 1
    outer loop
      vertex 80.14587090936999 -9.8034112689068 10.2
      vertex 80.36676089707366 -9.776778430985251 10.2
      vertex 80.49947608270185 8.144014268696818 10.2
    endloop
  endfacet
  facet normal 0 0 1
    outer loop
      vertex 80.36676089707366 -9.776778430985251 10.2
      vertex 80.58891981329819 -9.764649512425496 10.2
      vertex 80.49947608270185 8.144014268696818 10.2
    endloop
  endfacet
  facet normal 0 0 1
    outer loop
      vertex 80.58891981329819 -9.764649512425496 10.2
      vertex 80.81139633945784 -9.767076451118868 10.2
      vertex 80.49947608270185 8.144014268696818 10.2
    endloop
  endfacet
  facet normal 0 0 1
    outer loop
      vertex 80.81139633945784 -9.767076451118868 10.2
      vertex 81.03323779691237 -9.784048854541297 10.2
      vertex 81.58345949582429 7.916077070880014 10.2
    endloop
  endfacet
  facet normal 0 0 1
    outer loop
      vertex 81.03323779691237 -9.784048854541297 10.2
      vertex 81.25349422648327 -9.815494044255678 10.2
      vertex 81.80593602198394 7.913650132186639 10.2
    endloop
  endfacet
  facet normal 0 0 1
    outer loop
      vertex 81.47122245632468 -9.861277367132095 10.2
      vertex 81.68549014073022 -9.921202771953213 10.2
      vertex 82.02809493820847 7.925779050746396 10.2
    endloop
  endfacet
  facet normal 0 0 1
    outer loop
      vertex 81.68549014073022 -9.921202771953213 10.2
      vertex 81.89537975258028 -9.995013648935672 10.2
      vertex 82.02809493820847 7.925779050746396 10.2
    endloop
  endfacet
  facet normal 0 0 1
    outer loop
      vertex 81.89537975258028 -9.995013648935672 10.2
      vertex 82.09999251233408 -10.082393928572575 10.2
      vertex 82.02809493820847 7.925779050746396 10.2
    endloop
  endfacet
  facet normal 0 0 1
    outer loop
      vertex 82.29845223674161 -10.182969435091659 10.2
      vertex 82.02809493820847 7.925779050746396 10.2
      vertex 82.09999251233408 -10.082393928572575 10.2
    endloop
  endfacet
  facet normal 0 0 1
    outer loop
      vertex 82.29845223674161 -10.182969435091659 10.2
      vertex 82.4899090907949 -10.296309488733373 10.2
      vertex 82.02809493820847 7.925779050746396 10.2
    endloop
  endfacet
  facet normal 0 0 1
    outer loop
      vertex 81.47122245632468 -9.861277367132095 10.2
      vertex 82.02809493820847 7.925779050746396 10.2
      vertex 81.25349422648327 -9.815494044255678 10.2
    endloop
  endfacet
  facet normal 0 0 1
    outer loop
      vertex 82.4899090907949 -10.296309488733373 10.2
      vertex 95.5779049807325 -17.40220109949502 10.2
      vertex 94.66308454933215 -15.776998719118627 10.2
    endloop
  endfacet
  facet normal 0 0 1
    outer loop
      vertex 82.4899090907949 -10.296309488733373 10.2
      vertex 94.66308454933215 -15.776998719118627 10.2
      vertex 93.85651614000723 -14.095443902894173 10.2
    endloop
  endfacet
  facet normal 0 0 1
    outer loop
      vertex 82.4899090907949 -10.296309488733373 10.2
      vertex 93.85651614000723 -14.095443902894173 10.2
      vertex 93.16165360251308 -12.364737326701718 10.2
    endloop
  endfacet
  facet normal 0 0 1
    outer loop
      vertex 82.4899090907949 -10.296309488733373 10.2
      vertex 93.16165360251308 -12.364737326701718 10.2
      vertex 92.58147244491249 -10.592290141803435 10.2
    endloop
  endfacet
  facet normal 0 0 1
    outer loop
      vertex 82.4899090907949 -10.296309488733373 10.2
      vertex 97.05604985942112 -19.575964587160744 10.2
      vertex 96.5970600326752 -18.964091677924973 10.2
    endloop
  endfacet
  facet normal 0 0 1
    outer loop
      vertex 82.4899090907949 -10.296309488733373 10.2
      vertex 96.5970600326752 -18.964091677924973 10.2
      vertex 95.5779049807325 -17.40220109949502 10.2
    endloop
  endfacet
  facet normal 0 0 1
    outer loop
      vertex 82.4899090907949 -10.296309488733373 10.2
      vertex 92.11845709199336 -8.785692239156091 10.2
      vertex 91.77459024658029 -6.952679748332786 10.2
    endloop
  endfacet
  facet normal 0 0 1
    outer loop
      vertex 82.4899090907949 -10.296309488733373 10.2
      vertex 92.58147244491249 -10.592290141803435 10.2
      vertex 92.11845709199336 -8.785692239156091 10.2
    endloop
  endfacet
  facet normal 0 0 1
    outer loop
      vertex 82.4899090907949 -10.296309488733373 10.2
      vertex 91.77459024658029 -6.952679748332786 10.2
      vertex 91.55134439929672 -5.101101910228417 10.2
    endloop
  endfacet
  facet normal 0 0 1
    outer loop
      vertex 82.4899090907949 -10.296309488733373 10.2
      vertex 91.55134439929672 -5.101101910228417 10.2
      vertex 91.44967552313406 -3.238887465405152 10.2
    endloop
  endfacet
  facet normal 0 0 1
    outer loop
      vertex 82.4899090907949 -10.296309488733373 10.2
      vertex 91.61228765557536 0.4855426913608303 10.2
      vertex 83.30171069786554 8.297004191452377 10.2
    endloop
  endfacet
  facet normal 0 0 1
    outer loop
      vertex 82.4899090907949 -10.296309488733373 10.2
      vertex 91.44967552313406 -3.238887465405152 10.2
      vertex 91.47001897982852 -1.374010702008084 10.2
    endloop
  endfacet
  facet normal 0 0 1
    outer loop
      vertex 82.4899090907949 -10.296309488733373 10.2
      vertex 91.47001897982852 -1.374010702008084 10.2
      vertex 91.61228765557536 0.4855426913608303 10.2
    endloop
  endfacet
  facet normal 0 0 -1
    outer loop
      vertex 37.75101507408785 -7.952411888667944 4.2
      vertex 38.52877754367532 9.861277367132095 4.2
      vertex 38.74650577351674 9.815494044255678 4.2
    endloop
  endfacet
  facet normal 0 0 -1
    outer loop
      vertex 37.97190506179153 -7.925779050746396 4.2
      vertex 38.74650577351674 9.815494044255678 4.2
      vertex 38.966762203087626 9.784048854541297 4.2
    endloop
  endfacet
  facet normal 0 0 -1
    outer loop
      vertex 38.19406397801606 -7.913650132186639 4.2
      vertex 38.966762203087626 9.784048854541297 4.2
      vertex 39.18860366054216 9.767076451118868 4.2
    endloop
  endfacet
  facet normal 0 0 -1
    outer loop
      vertex 38.416540504175714 -7.916077070880014 4.2
      vertex 39.18860366054216 9.767076451118868 4.2
      vertex 39.41108018670181 9.764649512425496 4.2
    endloop
  endfacet
  facet normal 0 0 -1
    outer loop
      vertex 36.898895841613864 -8.20078199525221 4.2
      vertex 37.70154776325838 10.182969435091659 4.2
      vertex 37.90000748766592 10.082393928572575 4.2
    endloop
  endfacet
  facet normal 0 0 -1
    outer loop
      vertex 37.1053660998263 -8.117886113586241 4.2
      vertex 37.90000748766592 10.082393928572575 4.2
      vertex 38.10462024741972 9.995013648935672 4.2
    endloop
  endfacet
  facet normal 0 0 -1
    outer loop
      vertex 37.316815939428196 -8.048671519346174 4.2
      vertex 38.10462024741972 9.995013648935672 4.2
      vertex 38.31450985926977 9.921202771953213 4.2
    endloop
  endfacet
  facet normal 0 0 -1
    outer loop
      vertex 37.53233989974402 -7.993434600050557 4.2
      vertex 38.31450985926977 9.921202771953213 4.2
      vertex 38.52877754367532 9.861277367132095 4.2
    endloop
  endfacet
  facet normal 0 0 -1
    outer loop
      vertex 39.290634305448094 -8.070203391714358 4.2
      vertex 39.41108018670181 9.764649512425496 4.2
      vertex 39.63323910292634 9.776778430985251 4.2
    endloop
  endfacet
  facet normal 0 0 -1
    outer loop
      vertex 39.290634305448094 -8.070203391714358 4.2
      vertex 39.63323910292634 9.776778430985251 4.2
      vertex 39.85412909063001 9.8034112689068 4.2
    endloop
  endfacet
  facet normal 0 0 -1
    outer loop
      vertex 39.290634305448094 -8.070203391714358 4.2
      vertex 39.85412909063001 9.8034112689068 4.2
      vertex 40.07280426497385 9.844433980289413 4.2
    endloop
  endfacet
  facet normal 0 0 -1
    outer loop
      vertex 39.50052391729815 -8.144014268696818 4.2
      vertex 40.07280426497385 9.844433980289413 4.2
      vertex 40.288328225289675 9.899670899585029 4.2
    endloop
  endfacet
  facet normal 0 0 -1
    outer loop
      vertex 39.70513667705194 -8.231394548333721 4.2
      vertex 40.288328225289675 9.899670899585029 4.2
      vertex 40.49977806489157 9.968885493825097 4.2
    endloop
  endfacet
  facet normal 0 0 -1
    outer loop
      vertex 39.90359640145948 -8.331970054852805 4.2
      vertex 40.49977806489157 9.968885493825097 4.2
      vertex 40.706248323104006 10.051781375491066 4.2
    endloop
  endfacet
  facet normal 0 0 -1
    outer loop
      vertex 40.09505325551277 -8.445310108494521 4.2
      vertex 40.706248323104006 10.051781375491066 4.2
      vertex 40.906854862583415 10.148003571691232 4.2
    endloop
  endfacet
  facet normal 0 0 -1
    outer loop
      vertex 40.27868739156975 -8.57092936974889 4.2
      vertex 40.906854862583415 10.148003571691232 4.2
      vertex 41.100738655330076 10.257140044209168 4.2
    endloop
  endfacet
  facet normal 0 0 -1
    outer loop
      vertex 40.453712460067806 -8.708289917653806 4.2
      vertex 41.100738655330076 10.257140044209168 4.2
      vertex 41.28706946117786 10.378723453914613 4.2
    endloop
  endfacet
  facet normal 0 0 -1
    outer loop
      vertex 40.453712460067806 -8.708289917653806 4.2
      vertex 41.28706946117786 10.378723453914613 4.2
      vertex 41.4650493830101 10.512233161981388 4.2
    endloop
  endfacet
  facet normal 0 0 -1
    outer loop
      vertex 40.619378976793286 -8.856803553255162 4.2
      vertex 41.4650493830101 10.512233161981388 4.2
      vertex 41.63391628347755 10.657097459342763 4.2
    endloop
  endfacet
  facet normal 0 0 -1
    outer loop
      vertex 40.77497753228799 -9.015834318365085 4.2
      vertex 41.63391628347755 10.657097459342763 4.2
      vertex 41.792947048587465 10.812696014837469 4.2
    endloop
  endfacet
  facet normal 0 0 -1
    outer loop
      vertex 40.91984182964937 -9.18470121883253 4.2
      vertex 41.792947048587465 10.812696014837469 4.2
      vertex 41.941460684188826 10.97836253156295 4.2
    endloop
  endfacet
  facet normal 0 0 -1
    outer loop
      vertex 41.05335153771614 -9.362681140664774 4.2
      vertex 41.941460684188826 10.97836253156295 4.2
      vertex 42.078821232093745 11.153387600061006 4.2
    endloop
  endfacet
  facet normal 0 0 -1
    outer loop
      vertex 41.17493494742158 -9.549011946512557 4.2
      vertex 42.078821232093745 11.153387600061006 4.2
      vertex 42.20444049334811 11.337021736117984 4.2
    endloop
  endfacet
  facet normal 0 0 -1
    outer loop
      vertex 41.28407141993952 -9.742895739259216 4.2
      vertex 42.20444049334811 11.337021736117984 4.2
      vertex 42.31778054698982 11.528478590171268 4.2
    endloop
  endfacet
  facet normal 0 0 -1
    outer loop
      vertex 41.38029361613969 -9.943502278738624 4.2
      vertex 42.31778054698982 11.528478590171268 4.2
      vertex 42.41835605350891 11.726938314578806 4.2
    endloop
  endfacet
  facet normal 0 0 -1
    outer loop
      vertex 41.46318949780566 -10.149972536951056 4.2
      vertex 42.41835605350891 11.726938314578806 4.2
      vertex 42.50573633314582 11.931551074332598 4.2
    endloop
  endfacet
  facet normal 0 0 -1
    outer loop
      vertex 41.532404092045724 -10.361422376552959 4.2
      vertex 42.50573633314582 11.931551074332598 4.2
      vertex 42.579547210128275 12.141440686182657 4.2
    endloop
  endfacet
  facet normal 0 0 -1
    outer loop
      vertex 41.58764101134134 -10.576946336868781 4.2
      vertex 42.579547210128275 12.141440686182657 4.2
      vertex 42.63947261494938 12.355708370588196 4.2
    endloop
  endfacet
  facet normal 0 0 -1
    outer loop
      vertex 43.075062337075046 -26.5668305431059 4.2
      vertex 42.73610046965599 13.238011013614694 4.2
      vertex 45.45491868309643 27.940841245113983 4.2
    endloop
  endfacet
  facet normal 0 0 -1
    outer loop
      vertex 43.075062337075046 -26.5668305431059 4.2
      vertex 45.45491868309643 27.940841245113983 4.2
      vertex 47.08012106347282 28.855661676514327 4.2
    endloop
  endfacet
  facet normal 0 0 -1
    outer loop
      vertex 46.08147037525694 -28.77122011988227 4.2
      vertex 47.08012106347282 28.855661676514327 4.2
      vertex 48.642011641902776 29.874816728457038 4.2
    endloop
  endfacet
  facet normal 0 0 -1
    outer loop
      vertex 42.73610046965599 13.238011013614694 4.2
      vertex 42.723971551096234 13.460169929839223 4.2
      vertex 45.45491868309643 27.940841245113983 4.2
    endloop
  endfacet
  facet normal 0 0 -1
    outer loop
      vertex 41.1637282459635 16.031371320260995 4.2
      vertex 42.04265729067953 26.439410298294913 4.2
      vertex 41.34736238202048 15.905752059006625 4.2
    endloop
  endfacet
  facet normal 0 0 -1
    outer loop
      vertex 42.601079082496454 14.115259052202557 4.2
      vertex 42.53186448825639 14.32670889180446 4.2
      vertex 43.773363866871975 27.13427283578906 4.2
    endloop
  endfacet
  facet normal 0 0 -1
    outer loop
      vertex 42.24360993787232 14.927669482242958 4.2
      vertex 43.773363866871975 27.13427283578906 4.2
      vertex 42.35274641039025 14.733785689496301 4.2
    endloop
  endfacet
  facet normal 0 0 -1
    outer loop
      vertex 42.53186448825639 14.32670889180446 4.2
      vertex 42.44896860659042 14.533179150016892 4.2
      vertex 43.773363866871975 27.13427283578906 4.2
    endloop
  endfacet
  facet normal 0 0 -1
    outer loop
      vertex 42.44896860659042 14.533179150016892 4.2
      vertex 42.35274641039025 14.733785689496301 4.2
      vertex 43.773363866871975 27.13427283578906 4.2
    endloop
  endfacet
  facet normal 0 0 -1
    outer loop
      vertex 41.84365252273872 15.46084711039043 4.2
      vertex 43.773363866871975 27.13427283578906 4.2
      vertex 41.9885168201001 15.291980209922984 4.2
    endloop
  endfacet
  facet normal 0 0 -1
    outer loop
      vertex 41.34736238202048 15.905752059006625 4.2
      vertex 43.773363866871975 27.13427283578906 4.2
      vertex 41.522387450518536 15.768391511101711 4.2
    endloop
  endfacet
  facet normal 0 0 -1
    outer loop
      vertex 41.68805396724402 15.619877875500354 4.2
      vertex 41.522387450518536 15.768391511101711 4.2
      vertex 43.773363866871975 27.13427283578906 4.2
    endloop
  endfacet
  facet normal 0 0 -1
    outer loop
      vertex 41.68805396724402 15.619877875500354 4.2
      vertex 43.773363866871975 27.13427283578906 4.2
      vertex 41.84365252273872 15.46084711039043 4.2
    endloop
  endfacet
  facet normal 0 0 -1
    outer loop
      vertex 42.24360993787232 14.927669482242958 4.2
      vertex 42.12202652816687 15.114000288090741 4.2
      vertex 43.773363866871975 27.13427283578906 4.2
    endloop
  endfacet
  facet normal 0 0 -1
    outer loop
      vertex 41.9885168201001 15.291980209922984 4.2
      vertex 43.773363866871975 27.13427283578906 4.2
      vertex 42.12202652816687 15.114000288090741 4.2
    endloop
  endfacet
  facet normal 0 0 -1
    outer loop
      vertex 42.723971551096234 13.460169929839223 4.2
      vertex 42.69733871317469 13.681059917542903 4.2
      vertex 45.45491868309643 27.940841245113983 4.2
    endloop
  endfacet
  facet normal 0 0 -1
    outer loop
      vertex 42.69733871317469 13.681059917542903 4.2
      vertex 42.65631600179207 13.899735091886736 4.2
      vertex 45.45491868309643 27.940841245113983 4.2
    endloop
  endfacet
  facet normal 0 0 -1
    outer loop
      vertex 42.65631600179207 13.899735091886736 4.2
      vertex 42.601079082496454 14.115259052202557 4.2
      vertex 45.45491868309643 27.940841245113983 4.2
    endloop
  endfacet
  facet normal 0 0 -1
    outer loop
      vertex 46.08147037525694 -28.77122011988227 4.2
      vertex 48.642011641902776 29.874816728457038 4.2
      vertex 50.133902163143645 30.993942222546174 4.2
    endloop
  endfacet
  facet normal 0 0 -1
    outer loop
      vertex 48.774427598279104 -31.349165831726822 4.2
      vertex 50.133902163143645 30.993942222546174 4.2
      vertex 51.54940412294428 32.20824589160476 4.2
    endloop
  endfacet
  facet normal 0 0 -1
    outer loop
      vertex 49.9887312673377 -32.76466779152746 4.2
      vertex 51.54940412294428 32.20824589160476 4.2
      vertex 52.882456124601 33.512527900898625 4.2
    endloop
  endfacet
  facet normal 0 0 -1
    outer loop
      vertex 49.9887312673377 -32.76466779152746 4.2
      vertex 52.882456124601 33.512527900898625 4.2
      vertex 54.12734983478884 34.90120311462693 4.2
    endloop
  endfacet
  facet normal 0 0 -1
    outer loop
      vertex 55.62876197218418 -23.668549394846526 4.2
      vertex 56.33173941156521 37.90761115280882 4.2
      vertex 56 0 4.2
    endloop
  endfacet
  facet normal 0 0 -1
    outer loop
      vertex 56.41250903386925 1.7691547608760052 4.2
      vertex 57.87372007977864 23.31381294144824 4.2
      vertex 56.53589838486224 2 4.2
    endloop
  endfacet
  facet normal 0 0 -1
    outer loop
      vertex 56.53589838486224 2 4.2
      vertex 57.95661596144461 23.10734268323581 4.2
      vertex 56.67412155078982 2.2222809320784087 4.2
    endloop
  endfacet
  facet normal 0 0 -1
    outer loop
      vertex 56.67412155078982 2.2222809320784087 4.2
      vertex 58.05283815764478 22.906736143756405 4.2
      vertex 56.82658663883506 2.4350457160348826 4.2
    endloop
  endfacet
  facet normal 0 0 -1
    outer loop
      vertex 56.82658663883506 2.4350457160348826 4.2
      vertex 58.16197463016271 22.712852351009744 4.2
      vertex 56.992640770084094 2.6373832604002754 4.2
    endloop
  endfacet
  facet normal 0 0 -1
    outer loop
      vertex 56.992640770084094 2.6373832604002754 4.2
      vertex 58.28355803986816 22.52652154516196 4.2
      vertex 57.17157287525381 2.8284271247461903 4.2
    endloop
  endfacet
  facet normal 0 0 -1
    outer loop
      vertex 57.17157287525381 2.8284271247461903 4.2
      vertex 58.56193204529631 22.179674722862273 4.2
      vertex 57.36261673959972 3.0073592299159095 4.2
    endloop
  endfacet
  facet normal 0 0 -1
    outer loop
      vertex 57.36261673959972 3.0073592299159095 4.2
      vertex 58.717530600791015 22.02064395775235 4.2
      vertex 57.564954283965115 3.1734133611649407 4.2
    endloop
  endfacet
  facet normal 0 0 -1
    outer loop
      vertex 57.564954283965115 3.1734133611649407 4.2
      vertex 58.883197117516495 21.87213032215099 4.2
      vertex 57.777719067921595 3.325878449210181 4.2
    endloop
  endfacet
  facet normal 0 0 -1
    outer loop
      vertex 57.777719067921595 3.325878449210181 4.2
      vertex 59.058222186014554 21.734769774246075 4.2
      vertex 58 3.4641016151377544 4.2
    endloop
  endfacet
  facet normal 0 0 -1
    outer loop
      vertex 58 3.4641016151377544 4.2
      vertex 59.058222186014554 21.734769774246075 4.2
      vertex 58.230845239123994 3.587490966130753 4.2
    endloop
  endfacet
  facet normal 0 0 -1
    outer loop
      vertex 58.230845239123994 3.587490966130753 4.2
      vertex 59.43331317612481 21.49581045934999 4.2
      vertex 58.46926627053964 3.695518130045147 4.2
    endloop
  endfacet
  facet normal 0 0 -1
    outer loop
      vertex 58.46926627053964 3.695518130045147 4.2
      vertex 59.631772900532354 21.395234952830908 4.2
      vertex 58.714242138787355 3.7877205179804228 4.2
    endloop
  endfacet
  facet normal 0 0 -1
    outer loop
      vertex 58.714242138787355 3.7877205179804228 4.2
      vertex 59.631772900532354 21.395234952830908 4.2
      vertex 58.96472381958992 3.8637033051562732 4.2
    endloop
  endfacet
  facet normal 0 0 -1
    outer loop
      vertex 58.96472381958992 3.8637033051562732 4.2
      vertex 59.83638566028615 21.307854673194 4.2
      vertex 59.21963871193549 3.9231411216129217 4.2
    endloop
  endfacet
  facet normal 0 0 -1
    outer loop
      vertex 59.21963871193549 3.9231411216129217 4.2
      vertex 60.04627527213621 21.234043796211544 4.2
      vertex 59.477895231119795 3.9657794454952415 4.2
    endloop
  endfacet
  facet normal 0 0 -1
    outer loop
      vertex 59.477895231119795 3.9657794454952415 4.2
      vertex 60.04627527213621 21.234043796211544 4.2
      vertex 59.73838748307943 3.991435692954414 4.2
    endloop
  endfacet
  facet normal 0 0 -1
    outer loop
      vertex 59.73838748307943 3.991435692954414 4.2
      vertex 60.04627527213621 21.234043796211544 4.2
      vertex 60 4 4.2
    endloop
  endfacet
  facet normal 0 0 -1
    outer loop
      vertex 63.66826058843479 -37.90761115280882 4.2
      vertex 64.37123802781582 23.668549394846526 4.2
      vertex 64.41702135069224 23.886277624687953 4.2
    endloop
  endfacet
  facet normal 0 0 -1
    outer loop
      vertex 63.66826058843479 -37.90761115280882 4.2
      vertex 64.41702135069224 23.886277624687953 4.2
      vertex 64.44846654040661 24.106534054258837 4.2
    endloop
  endfacet
  facet normal 0 0 -1
    outer loop
      vertex 63.66826058843479 -37.90761115280882 4.2
      vertex 64.44846654040661 24.106534054258837 4.2
      vertex 64.46543894382904 24.32837551171337 4.2
    endloop
  endfacet
  facet normal 0 0 -1
    outer loop
      vertex 60 4 4.2
      vertex 60.92036907340859 21.0799174753772 4.2
      vertex 60.26161251692057 3.991435692954414 4.2
    endloop
  endfacet
  facet normal 0 0 -1
    outer loop
      vertex 60.26161251692057 3.991435692954414 4.2
      vertex 61.14284559956824 21.077490536683825 4.2
      vertex 60.522104768880205 3.9657794454952415 4.2
    endloop
  endfacet
  facet normal 0 0 -1
    outer loop
      vertex 60.78036128806451 3.9231411216129217 4.2
      vertex 60.522104768880205 3.9657794454952415 4.2
      vertex 61.36500451579277 21.089619455243582 4.2
    endloop
  endfacet
  facet normal 0 0 -1
    outer loop
      vertex 60.78036128806451 3.9231411216129217 4.2
      vertex 61.58589450349645 21.11625229316513 4.2
      vertex 61.03527618041008 3.8637033051562732 4.2
    endloop
  endfacet
  facet normal 0 0 -1
    outer loop
      vertex 61.03527618041008 3.8637033051562732 4.2
      vertex 61.804569677840284 21.157275004547742 4.2
      vertex 61.285757861212645 3.7877205179804228 4.2
    endloop
  endfacet
  facet normal 0 0 -1
    outer loop
      vertex 61.285757861212645 3.7877205179804228 4.2
      vertex 62.23154347775801 21.281726518083428 4.2
      vertex 61.53073372946036 3.695518130045147 4.2
    endloop
  endfacet
  facet normal 0 0 -1
    outer loop
      vertex 61.769154760876006 3.587490966130753 4.2
      vertex 61.53073372946036 3.695518130045147 4.2
      vertex 62.438013735970436 21.364622399749393 4.2
    endloop
  endfacet
  facet normal 0 0 -1
    outer loop
      vertex 61.769154760876006 3.587490966130753 4.2
      vertex 62.638620275449846 21.460844595949563 4.2
      vertex 62 3.4641016151377544 4.2
    endloop
  endfacet
  facet normal 0 0 -1
    outer loop
      vertex 64 0 4.2
      vertex 63.99143569295441 0.26161251692057225 4.2
      vertex 64.37123802781582 23.668549394846526 4.2
    endloop
  endfacet
  facet normal 0 0 -1
    outer loop
      vertex 63.99143569295441 0.26161251692057225 4.2
      vertex 63.965779445495244 0.5221047688802063 4.2
      vertex 64.37123802781582 23.668549394846526 4.2
    endloop
  endfacet
  facet normal 0 0 -1
    outer loop
      vertex 63.965779445495244 0.5221047688802063 4.2
      vertex 63.92314112161292 0.780361288064513 4.2
      vertex 64.37123802781582 23.668549394846526 4.2
    endloop
  endfacet
  facet normal 0 0 -1
    outer loop
      vertex 63.86370330515627 1.035276180410083 4.2
      vertex 64.37123802781582 23.668549394846526 4.2
      vertex 63.92314112161292 0.780361288064513 4.2
    endloop
  endfacet
  facet normal 0 0 -1
    outer loop
      vertex 63.17341336116494 2.4350457160348826 4.2
      vertex 63.673226097055256 22.29120355582128 4.2
      vertex 63.32587844921018 2.2222809320784087 4.2
    endloop
  endfacet
  facet normal 0 0 -1
    outer loop
      vertex 63.17341336116494 2.4350457160348826 4.2
      vertex 63.007359229915906 2.6373832604002754 4.2
      vertex 63.673226097055256 22.29120355582128 4.2
    endloop
  endfacet
  facet normal 0 0 -1
    outer loop
      vertex 63.46410161513776 2 4.2
      vertex 63.32587844921018 2.2222809320784087 4.2
      vertex 63.673226097055256 22.29120355582128 4.2
    endloop
  endfacet
  facet normal 0 0 -1
    outer loop
      vertex 63.58749096613075 1.7691547608760052 4.2
      vertex 64.15012146637534 23.039779338837135 4.2
      vertex 63.695518130045144 1.5307337294603591 4.2
    endloop
  endfacet
  facet normal 0 0 -1
    outer loop
      vertex 63.86370330515627 1.035276180410083 4.2
      vertex 63.787720517980425 1.2857578612126463 4.2
      vertex 64.3113126229947 23.454281710440988 4.2
    endloop
  endfacet
  facet normal 0 0 -1
    outer loop
      vertex 63.787720517980425 1.2857578612126463 4.2
      vertex 63.695518130045144 1.5307337294603591 4.2
      vertex 64.23750174601224 23.244392098590932 4.2
    endloop
  endfacet
  facet normal 0 0 -1
    outer loop
      vertex 63.58749096613075 1.7691547608760052 4.2
      vertex 63.46410161513776 2 4.2
      vertex 64.04954595985626 22.841319614429597 4.2
    endloop
  endfacet
  facet normal 0 0 -1
    outer loop
      vertex 62 3.4641016151377544 4.2
      vertex 62.638620275449846 21.460844595949563 4.2
      vertex 62.222280932078405 3.325878449210181 4.2
    endloop
  endfacet
  facet normal 0 0 -1
    outer loop
      vertex 62.222280932078405 3.325878449210181 4.2
      vertex 63.01883487404429 21.691564478172946 4.2
      vertex 62.435045716034885 3.1734133611649407 4.2
    endloop
  endfacet
  facet normal 0 0 -1
    outer loop
      vertex 62.435045716034885 3.1734133611649407 4.2
      vertex 63.196814795876534 21.825074186239718 4.2
      vertex 62.63738326040028 3.0073592299159095 4.2
    endloop
  endfacet
  facet normal 0 0 -1
    outer loop
      vertex 62.63738326040028 3.0073592299159095 4.2
      vertex 63.5247124614539 22.125537039095803 4.2
      vertex 62.82842712474619 2.8284271247461903 4.2
    endloop
  endfacet
  facet normal 0 0 -1
    outer loop
      vertex 62.82842712474619 2.8284271247461903 4.2
      vertex 63.673226097055256 22.29120355582128 4.2
      vertex 63.007359229915906 2.6373832604002754 4.2
    endloop
  endfacet
  facet normal 0 0 -1
    outer loop
      vertex 63.66826058843479 -37.90761115280882 4.2
      vertex 64.46543894382904 24.32837551171337 4.2
      vertex 66.95816775523011 37.44365127157467 4.2
    endloop
  endfacet
  facet normal 0 0 -1
    outer loop
      vertex 53.041832244769886 -37.44365127157467 4.2
      vertex 54.12734983478884 34.90120311462693 4.2
      vertex 55.278754427521214 36.36832501233121 4.2
    endloop
  endfacet
  facet normal 0 0 -1
    outer loop
      vertex 53.041832244769886 -37.44365127157467 4.2
      vertex 55.278754427521214 36.36832501233121 4.2
      vertex 56.33173941156521 37.90761115280882 4.2
    endloop
  endfacet
  facet normal 0 0 -1
    outer loop
      vertex 56 0 4.2
      vertex 56.33173941156521 37.90761115280882 4.2
      vertex 56.00856430704559 0.26161251692057225 4.2
    endloop
  endfacet
  facet normal 0 0 -1
    outer loop
      vertex 56.00856430704559 0.26161251692057225 4.2
      vertex 56.33173941156521 37.90761115280882 4.2
      vertex 56.034220554504756 0.5221047688802063 4.2
    endloop
  endfacet
  facet normal 0 0 -1
    outer loop
      vertex 56.034220554504756 0.5221047688802063 4.2
      vertex 56.33173941156521 37.90761115280882 4.2
      vertex 56.07685887838708 0.780361288064513 4.2
    endloop
  endfacet
  facet normal 0 0 -1
    outer loop
      vertex 56.07685887838708 0.780361288064513 4.2
      vertex 56.33173941156521 37.90761115280882 4.2
      vertex 56.13629669484373 1.035276180410083 4.2
    endloop
  endfacet
  facet normal 0 0 -1
    outer loop
      vertex 56.13629669484373 1.035276180410083 4.2
      vertex 56.33173941156521 37.90761115280882 4.2
      vertex 56.212279482019575 1.2857578612126463 4.2
    endloop
  endfacet
  facet normal 0 0 -1
    outer loop
      vertex 56.212279482019575 1.2857578612126463 4.2
      vertex 56.33173941156521 37.90761115280882 4.2
      vertex 56.304481869954856 1.5307337294603591 4.2
    endloop
  endfacet
  facet normal 0 0 -1
    outer loop
      vertex 56.304481869954856 1.5307337294603591 4.2
      vertex 56.33173941156521 37.90761115280882 4.2
      vertex 56.41250903386925 1.7691547608760052 4.2
    endloop
  endfacet
  facet normal 0 0 -1
    outer loop
      vertex 57.564954283965115 3.1734133611649407 4.2
      vertex 58.717530600791015 22.02064395775235 4.2
      vertex 58.883197117516495 21.87213032215099 4.2
    endloop
  endfacet
  facet normal 0 0 -1
    outer loop
      vertex 57.777719067921595 3.325878449210181 4.2
      vertex 58.883197117516495 21.87213032215099 4.2
      vertex 59.058222186014554 21.734769774246075 4.2
    endloop
  endfacet
  facet normal 0 0 -1
    outer loop
      vertex 58.230845239123994 3.587490966130753 4.2
      vertex 59.058222186014554 21.734769774246075 4.2
      vertex 59.241856322071534 21.609150512991707 4.2
    endloop
  endfacet
  facet normal 0 0 -1
    outer loop
      vertex 58.230845239123994 3.587490966130753 4.2
      vertex 59.241856322071534 21.609150512991707 4.2
      vertex 59.43331317612481 21.49581045934999 4.2
    endloop
  endfacet
  facet normal 0 0 -1
    outer loop
      vertex 58.46926627053964 3.695518130045147 4.2
      vertex 59.43331317612481 21.49581045934999 4.2
      vertex 59.631772900532354 21.395234952830908 4.2
    endloop
  endfacet
  facet normal 0 0 -1
    outer loop
      vertex 58.96472381958992 3.8637033051562732 4.2
      vertex 59.631772900532354 21.395234952830908 4.2
      vertex 59.83638566028615 21.307854673194 4.2
    endloop
  endfacet
  facet normal 0 0 -1
    outer loop
      vertex 59.21963871193549 3.9231411216129217 4.2
      vertex 59.83638566028615 21.307854673194 4.2
      vertex 60.04627527213621 21.234043796211544 4.2
    endloop
  endfacet
  facet normal 0 0 -1
    outer loop
      vertex 60 4 4.2
      vertex 60.04627527213621 21.234043796211544 4.2
      vertex 60.26054295654174 21.174118391390426 4.2
    endloop
  endfacet
  facet normal 0 0 -1
    outer loop
      vertex 60 4 4.2
      vertex 60.26054295654174 21.174118391390426 4.2
      vertex 60.47827118638317 21.12833506851401 4.2
    endloop
  endfacet
  facet normal 0 0 -1
    outer loop
      vertex 56.41250903386925 1.7691547608760052 4.2
      vertex 57.80450548553858 23.52526278105014 4.2
      vertex 57.87372007977864 23.31381294144824 4.2
    endloop
  endfacet
  facet normal 0 0 -1
    outer loop
      vertex 56.41250903386925 1.7691547608760052 4.2
      vertex 57.74926856624296 23.740786741365966 4.2
      vertex 57.80450548553858 23.52526278105014 4.2
    endloop
  endfacet
  facet normal 0 0 -1
    outer loop
      vertex 56.41250903386925 1.7691547608760052 4.2
      vertex 57.708245854860344 23.9594619157098 4.2
      vertex 57.74926856624296 23.740786741365966 4.2
    endloop
  endfacet
  facet normal 0 0 -1
    outer loop
      vertex 56.41250903386925 1.7691547608760052 4.2
      vertex 57.6816130169388 24.180351903413477 4.2
      vertex 57.708245854860344 23.9594619157098 4.2
    endloop
  endfacet
  facet normal 0 0 -1
    outer loop
      vertex 56.41250903386925 1.7691547608760052 4.2
      vertex 57.669484098379044 24.40251081963801 4.2
      vertex 57.6816130169388 24.180351903413477 4.2
    endloop
  endfacet
  facet normal 0 0 -1
    outer loop
      vertex 56.41250903386925 1.7691547608760052 4.2
      vertex 57.67191103707242 24.62498734579766 4.2
      vertex 57.669484098379044 24.40251081963801 4.2
    endloop
  endfacet
  facet normal 0 0 -1
    outer loop
      vertex 56.82658663883506 2.4350457160348826 4.2
      vertex 58.05283815764478 22.906736143756405 4.2
      vertex 58.16197463016271 22.712852351009744 4.2
    endloop
  endfacet
  facet normal 0 0 -1
    outer loop
      vertex 56.992640770084094 2.6373832604002754 4.2
      vertex 58.16197463016271 22.712852351009744 4.2
      vertex 58.28355803986816 22.52652154516196 4.2
    endloop
  endfacet
  facet normal 0 0 -1
    outer loop
      vertex 56.53589838486224 2 4.2
      vertex 57.87372007977864 23.31381294144824 4.2
      vertex 57.95661596144461 23.10734268323581 4.2
    endloop
  endfacet
  facet normal 0 0 -1
    outer loop
      vertex 56.67412155078982 2.2222809320784087 4.2
      vertex 57.95661596144461 23.10734268323581 4.2
      vertex 58.05283815764478 22.906736143756405 4.2
    endloop
  endfacet
  facet normal 0 0 -1
    outer loop
      vertex 57.17157287525381 2.8284271247461903 4.2
      vertex 58.41706774793494 22.348541623329716 4.2
      vertex 58.56193204529631 22.179674722862273 4.2
    endloop
  endfacet
  facet normal 0 0 -1
    outer loop
      vertex 57.17157287525381 2.8284271247461903 4.2
      vertex 58.28355803986816 22.52652154516196 4.2
      vertex 58.41706774793494 22.348541623329716 4.2
    endloop
  endfacet
  facet normal 0 0 -1
    outer loop
      vertex 57.36261673959972 3.0073592299159095 4.2
      vertex 58.56193204529631 22.179674722862273 4.2
      vertex 58.717530600791015 22.02064395775235 4.2
    endloop
  endfacet
  facet normal 0 0 -1
    outer loop
      vertex 60 4 4.2
      vertex 60.47827118638317 21.12833506851401 4.2
      vertex 60.69852761595405 21.09688987879963 4.2
    endloop
  endfacet
  facet normal 0 0 -1
    outer loop
      vertex 60 4 4.2
      vertex 60.69852761595405 21.09688987879963 4.2
      vertex 60.92036907340859 21.0799174753772 4.2
    endloop
  endfacet
  facet normal 0 0 -1
    outer loop
      vertex 60.26161251692057 3.991435692954414 4.2
      vertex 60.92036907340859 21.0799174753772 4.2
      vertex 61.14284559956824 21.077490536683825 4.2
    endloop
  endfacet
  facet normal 0 0 -1
    outer loop
      vertex 60.78036128806451 3.9231411216129217 4.2
      vertex 61.36500451579277 21.089619455243582 4.2
      vertex 61.58589450349645 21.11625229316513 4.2
    endloop
  endfacet
  facet normal 0 0 -1
    outer loop
      vertex 60.522104768880205 3.9657794454952415 4.2
      vertex 61.14284559956824 21.077490536683825 4.2
      vertex 61.36500451579277 21.089619455243582 4.2
    endloop
  endfacet
  facet normal 0 0 -1
    outer loop
      vertex 61.03527618041008 3.8637033051562732 4.2
      vertex 61.58589450349645 21.11625229316513 4.2
      vertex 61.804569677840284 21.157275004547742 4.2
    endloop
  endfacet
  facet normal 0 0 -1
    outer loop
      vertex 61.285757861212645 3.7877205179804228 4.2
      vertex 61.804569677840284 21.157275004547742 4.2
      vertex 62.020093638156105 21.21251192384336 4.2
    endloop
  endfacet
  facet normal 0 0 -1
    outer loop
      vertex 61.285757861212645 3.7877205179804228 4.2
      vertex 62.020093638156105 21.21251192384336 4.2
      vertex 62.23154347775801 21.281726518083428 4.2
    endloop
  endfacet
  facet normal 0 0 -1
    outer loop
      vertex 61.53073372946036 3.695518130045147 4.2
      vertex 62.23154347775801 21.281726518083428 4.2
      vertex 62.438013735970436 21.364622399749393 4.2
    endloop
  endfacet
  facet normal 0 0 -1
    outer loop
      vertex 61.769154760876006 3.587490966130753 4.2
      vertex 62.438013735970436 21.364622399749393 4.2
      vertex 62.638620275449846 21.460844595949563 4.2
    endloop
  endfacet
  facet normal 0 0 -1
    outer loop
      vertex 62.222280932078405 3.325878449210181 4.2
      vertex 62.638620275449846 21.460844595949563 4.2
      vertex 62.832504068196506 21.5699810684675 4.2
    endloop
  endfacet
  facet normal 0 0 -1
    outer loop
      vertex 62.222280932078405 3.325878449210181 4.2
      vertex 62.832504068196506 21.5699810684675 4.2
      vertex 63.01883487404429 21.691564478172946 4.2
    endloop
  endfacet
  facet normal 0 0 -1
    outer loop
      vertex 62.435045716034885 3.1734133611649407 4.2
      vertex 63.01883487404429 21.691564478172946 4.2
      vertex 63.196814795876534 21.825074186239718 4.2
    endloop
  endfacet
  facet normal 0 0 -1
    outer loop
      vertex 62.63738326040028 3.0073592299159095 4.2
      vertex 63.196814795876534 21.825074186239718 4.2
      vertex 63.36568169634398 21.969938483601098 4.2
    endloop
  endfacet
  facet normal 0 0 -1
    outer loop
      vertex 62.63738326040028 3.0073592299159095 4.2
      vertex 63.36568169634398 21.969938483601098 4.2
      vertex 63.5247124614539 22.125537039095803 4.2
    endloop
  endfacet
  facet normal 0 0 -1
    outer loop
      vertex 63.46410161513776 2 4.2
      vertex 63.673226097055256 22.29120355582128 4.2
      vertex 63.810586644960175 22.466228624319335 4.2
    endloop
  endfacet
  facet normal 0 0 -1
    outer loop
      vertex 65.87265016521116 -34.90120311462693 4.2
      vertex 67.87298818663047 35.81844889119829 4.2
      vertex 68.89214323857317 34.256558312768334 4.2
    endloop
  endfacet
  facet normal 0 0 -1
    outer loop
      vertex 65.87265016521116 -34.90120311462693 4.2
      vertex 66.95816775523011 37.44365127157467 4.2
      vertex 67.87298818663047 35.81844889119829 4.2
    endloop
  endfacet
  facet normal 0 0 -1
    outer loop
      vertex 62.82842712474619 2.8284271247461903 4.2
      vertex 63.5247124614539 22.125537039095803 4.2
      vertex 63.673226097055256 22.29120355582128 4.2
    endloop
  endfacet
  facet normal 0 0 -1
    outer loop
      vertex 63.46410161513776 2 4.2
      vertex 63.810586644960175 22.466228624319335 4.2
      vertex 63.936205906214546 22.649862760376315 4.2
    endloop
  endfacet
  facet normal 0 0 -1
    outer loop
      vertex 63.46410161513776 2 4.2
      vertex 63.936205906214546 22.649862760376315 4.2
      vertex 64.04954595985626 22.841319614429597 4.2
    endloop
  endfacet
  facet normal 0 0 -1
    outer loop
      vertex 63.58749096613075 1.7691547608760052 4.2
      vertex 64.04954595985626 22.841319614429597 4.2
      vertex 64.15012146637534 23.039779338837135 4.2
    endloop
  endfacet
  facet normal 0 0 -1
    outer loop
      vertex 63.695518130045144 1.5307337294603591 4.2
      vertex 64.15012146637534 23.039779338837135 4.2
      vertex 64.23750174601224 23.244392098590932 4.2
    endloop
  endfacet
  facet normal 0 0 -1
    outer loop
      vertex 63.787720517980425 1.2857578612126463 4.2
      vertex 64.23750174601224 23.244392098590932 4.2
      vertex 64.3113126229947 23.454281710440988 4.2
    endloop
  endfacet
  facet normal 0 0 -1
    outer loop
      vertex 63.86370330515627 1.035276180410083 4.2
      vertex 64.3113126229947 23.454281710440988 4.2
      vertex 64.37123802781582 23.668549394846526 4.2
    endloop
  endfacet
  facet normal 0 0 -1
    outer loop
      vertex 34.77902187420622 24.829101095078556 4.2
      vertex 36.63059971231059 25.05234694236212 4.2
      vertex 41.1637282459635 16.031371320260995 4.2
    endloop
  endfacet
  facet normal 0 0 -1
    outer loop
      vertex 36.63059971231059 25.05234694236212 4.2
      vertex 38.4636122031339 25.396213787775196 4.2
      vertex 41.1637282459635 16.031371320260995 4.2
    endloop
  endfacet
  facet normal 0 0 -1
    outer loop
      vertex 38.4636122031339 25.396213787775196 4.2
      vertex 40.27021010578124 25.85922914069434 4.2
      vertex 41.1637282459635 16.031371320260995 4.2
    endloop
  endfacet
  facet normal 0 0 -1
    outer loop
      vertex 40.27021010578124 25.85922914069434 4.2
      vertex 42.04265729067953 26.439410298294913 4.2
      vertex 41.1637282459635 16.031371320260995 4.2
    endloop
  endfacet
  facet normal 0 0 -1
    outer loop
      vertex 41.34736238202048 15.905752059006625 4.2
      vertex 42.04265729067953 26.439410298294913 4.2
      vertex 43.773363866871975 27.13427283578906 4.2
    endloop
  endfacet
  facet normal 0 0 -1
    outer loop
      vertex 42.601079082496454 14.115259052202557 4.2
      vertex 43.773363866871975 27.13427283578906 4.2
      vertex 45.45491868309643 27.940841245113983 4.2
    endloop
  endfacet
  facet normal 0 0 -1
    outer loop
      vertex 56.41250903386925 1.7691547608760052 4.2
      vertex 57.28179574356193 39.51247007649076 4.2
      vertex 57.67191103707242 24.62498734579766 4.2
    endloop
  endfacet
  facet normal 0 0 -1
    outer loop
      vertex 56.41250903386925 1.7691547608760052 4.2
      vertex 56.33173941156521 37.90761115280882 4.2
      vertex 57.28179574356193 39.51247007649076 4.2
    endloop
  endfacet
  facet normal 0 0 -1
    outer loop
      vertex 57.67191103707242 24.62498734579766 4.2
      vertex 57.28179574356193 39.51247007649076 4.2
      vertex 58.12485513644249 41.176029531083365 4.2
    endloop
  endfacet
  facet normal 0 0 -1
    outer loop
      vertex 57.67191103707242 24.62498734579766 4.2
      vertex 58.12485513644249 41.176029531083365 4.2
      vertex 58.42525770635519 41.87946283574183 4.2
    endloop
  endfacet
  facet normal 0 0 -1
    outer loop
      vertex 64.46543894382904 24.32837551171337 4.2
      vertex 66.1515993459052 39.125206087799135 4.2
      vertex 66.95816775523011 37.44365127157467 4.2
    endloop
  endfacet
  facet normal 0 0 -1
    outer loop
      vertex 64.46543894382904 24.32837551171337 4.2
      vertex 65.45673680841104 40.85591266399158 4.2
      vertex 66.1515993459052 39.125206087799135 4.2
    endloop
  endfacet
  facet normal 0 0 -1
    outer loop
      vertex 64.46543894382904 24.32837551171337 4.2
      vertex 65.21878561311182 41.58285100165756 4.2
      vertex 65.45673680841104 40.85591266399158 4.2
    endloop
  endfacet
  facet normal 0 0 -1
    outer loop
      vertex 69.86609783685635 -30.993942222546174 4.2
      vertex 71.2255724017209 31.349165831726822 4.2
      vertex 72.52985441101475 30.01611383007011 4.2
    endloop
  endfacet
  facet normal 0 0 -1
    outer loop
      vertex 69.86609783685635 -30.993942222546174 4.2
      vertex 72.52985441101475 30.01611383007011 4.2
      vertex 73.91852962474306 28.77122011988227 4.2
    endloop
  endfacet
  facet normal 0 0 -1
    outer loop
      vertex 72.91987893652717 -28.855661676514327 4.2
      vertex 75.38565152244733 27.61981552714989 4.2
      vertex 76.92493766292495 26.5668305431059 4.2
    endloop
  endfacet
  facet normal 0 0 -1
    outer loop
      vertex 72.91987893652717 -28.855661676514327 4.2
      vertex 73.91852962474306 28.77122011988227 4.2
      vertex 75.38565152244733 27.61981552714989 4.2
    endloop
  endfacet
  facet normal 0 0 -1
    outer loop
      vertex 77.26389953034402 -13.238011013614694 4.2
      vertex 76.92493766292495 26.5668305431059 4.2
      vertex 77.26632646903738 -13.015534487455044 4.2
    endloop
  endfacet
  facet normal 0 0 -1
    outer loop
      vertex 77.26632646903738 -13.015534487455044 4.2
      vertex 76.92493766292495 26.5668305431059 4.2
      vertex 77.28329887245981 -12.793693030000506 4.2
    endloop
  endfacet
  facet normal 0 0 -1
    outer loop
      vertex 77.28329887245981 -12.793693030000506 4.2
      vertex 76.92493766292495 26.5668305431059 4.2
      vertex 77.31474406217419 -12.573436600429623 4.2
    endloop
  endfacet
  facet normal 0 0 -1
    outer loop
      vertex 77.31474406217419 -12.573436600429623 4.2
      vertex 76.92493766292495 26.5668305431059 4.2
      vertex 77.36052738505062 -12.355708370588196 4.2
    endloop
  endfacet
  facet normal 0 0 -1
    outer loop
      vertex 77.92117876790626 -11.153387600061006 4.2
      vertex 78.82506505257842 9.549011946512557 4.2
      vertex 78.94664846228386 9.362681140664774 4.2
    endloop
  endfacet
  facet normal 0 0 -1
    outer loop
      vertex 78.05853931581117 -10.97836253156295 4.2
      vertex 78.94664846228386 9.362681140664774 4.2
      vertex 79.08015817035063 9.18470121883253 4.2
    endloop
  endfacet
  facet normal 0 0 -1
    outer loop
      vertex 78.20705295141254 -10.812696014837469 4.2
      vertex 79.08015817035063 9.18470121883253 4.2
      vertex 79.22502246771201 9.015834318365085 4.2
    endloop
  endfacet
  facet normal 0 0 -1
    outer loop
      vertex 78.36608371652245 -10.657097459342763 4.2
      vertex 79.22502246771201 9.015834318365085 4.2
      vertex 79.38062102320671 8.856803553255162 4.2
    endloop
  endfacet
  facet normal 0 0 -1
    outer loop
      vertex 78.5349506169899 -10.512233161981388 4.2
      vertex 79.38062102320671 8.856803553255162 4.2
      vertex 79.5462875399322 8.708289917653806 4.2
    endloop
  endfacet
  facet normal 0 0 -1
    outer loop
      vertex 78.89926134466992 -10.257140044209168 4.2
      vertex 79.5462875399322 8.708289917653806 4.2
      vertex 79.72131260843025 8.57092936974889 4.2
    endloop
  endfacet
  facet normal 0 0 -1
    outer loop
      vertex 77.42045278987172 -12.141440686182657 4.2
      vertex 78.41235898865867 10.576946336868781 4.2
      vertex 78.46759590795428 10.361422376552959 4.2
    endloop
  endfacet
  facet normal 0 0 -1
    outer loop
      vertex 77.49426366685418 -11.931551074332598 4.2
      vertex 78.46759590795428 10.361422376552959 4.2
      vertex 78.53681050219434 10.149972536951056 4.2
    endloop
  endfacet
  facet normal 0 0 -1
    outer loop
      vertex 77.58164394649108 -11.726938314578806 4.2
      vertex 78.53681050219434 10.149972536951056 4.2
      vertex 78.61970638386032 9.943502278738624 4.2
    endloop
  endfacet
  facet normal 0 0 -1
    outer loop
      vertex 77.68221945301018 -11.528478590171268 4.2
      vertex 78.61970638386032 9.943502278738624 4.2
      vertex 78.71592858006048 9.742895739259216 4.2
    endloop
  endfacet
  facet normal 0 0 -1
    outer loop
      vertex 77.7955595066519 -11.337021736117984 4.2
      vertex 78.71592858006048 9.742895739259216 4.2
      vertex 78.82506505257842 9.549011946512557 4.2
    endloop
  endfacet
  facet normal 0 0 -1
    outer loop
      vertex 77.36052738505062 -12.355708370588196 4.2
      vertex 78.37133627727604 10.795621511212616 4.2
      vertex 78.41235898865867 10.576946336868781 4.2
    endloop
  endfacet
  facet normal 0 0 -1
    outer loop
      vertex 77.36052738505062 -12.355708370588196 4.2
      vertex 78.3447034393545 11.016511498916293 4.2
      vertex 78.37133627727604 10.795621511212616 4.2
    endloop
  endfacet
  facet normal 0 0 -1
    outer loop
      vertex 79.09314513741658 -10.148003571691232 4.2
      vertex 79.72131260843025 8.57092936974889 4.2
      vertex 79.90494674448723 8.445310108494521 4.2
    endloop
  endfacet
  facet normal 0 0 -1
    outer loop
      vertex 79.293751676896 -10.051781375491066 4.2
      vertex 79.90494674448723 8.445310108494521 4.2
      vertex 80.09640359854052 8.331970054852805 4.2
    endloop
  endfacet
  facet normal 0 0 -1
    outer loop
      vertex 79.50022193510843 -9.968885493825097 4.2
      vertex 80.09640359854052 8.331970054852805 4.2
      vertex 80.29486332294806 8.231394548333721 4.2
    endloop
  endfacet
  facet normal 0 0 -1
    outer loop
      vertex 79.71167177471033 -9.899670899585029 4.2
      vertex 80.29486332294806 8.231394548333721 4.2
      vertex 80.49947608270185 8.144014268696818 4.2
    endloop
  endfacet
  facet normal 0 0 -1
    outer loop
      vertex 79.92719573502615 -9.844433980289413 4.2
      vertex 80.49947608270185 8.144014268696818 4.2
      vertex 80.7093656945519 8.070203391714358 4.2
    endloop
  endfacet
  facet normal 0 0 -1
    outer loop
      vertex 80.58891981329819 -9.764649512425496 4.2
      vertex 80.7093656945519 8.070203391714358 4.2
      vertex 80.92363337895745 8.010277986893243 4.2
    endloop
  endfacet
  facet normal 0 0 -1
    outer loop
      vertex 80.58891981329819 -9.764649512425496 4.2
      vertex 80.92363337895745 8.010277986893243 4.2
      vertex 81.14136160879886 7.964494664016823 4.2
    endloop
  endfacet
  facet normal 0 0 -1
    outer loop
      vertex 80.58891981329819 -9.764649512425496 4.2
      vertex 81.14136160879886 7.964494664016823 4.2
      vertex 81.36161803836976 7.933049474302445 4.2
    endloop
  endfacet
  facet normal 0 0 -1
    outer loop
      vertex 80.58891981329819 -9.764649512425496 4.2
      vertex 81.36161803836976 7.933049474302445 4.2
      vertex 81.58345949582429 7.916077070880014 4.2
    endloop
  endfacet
  facet normal 0 0 -1
    outer loop
      vertex 80.81139633945784 -9.767076451118868 4.2
      vertex 81.58345949582429 7.916077070880014 4.2
      vertex 81.80593602198394 7.913650132186639 4.2
    endloop
  endfacet
  facet normal 0 0 -1
    outer loop
      vertex 81.03323779691237 -9.784048854541297 4.2
      vertex 81.80593602198394 7.913650132186639 4.2
      vertex 82.02809493820847 7.925779050746396 4.2
    endloop
  endfacet
  facet normal 0 0 -1
    outer loop
      vertex 81.25349422648327 -9.815494044255678 4.2
      vertex 82.02809493820847 7.925779050746396 4.2
      vertex 82.24898492591214 7.952411888667944 4.2
    endloop
  endfacet
  facet normal 0 0 -1
    outer loop
      vertex 81.47122245632468 -9.861277367132095 4.2
      vertex 82.24898492591214 7.952411888667944 4.2
      vertex 82.46766010025598 7.993434600050557 4.2
    endloop
  endfacet
  facet normal 0 0 -1
    outer loop
      vertex 81.68549014073022 -9.921202771953213 4.2
      vertex 82.46766010025598 7.993434600050557 4.2
      vertex 82.6831840605718 8.048671519346174 4.2
    endloop
  endfacet
  facet normal 0 0 -1
    outer loop
      vertex 81.89537975258028 -9.995013648935672 4.2
      vertex 82.6831840605718 8.048671519346174 4.2
      vertex 82.8946339001737 8.117886113586241 4.2
    endloop
  endfacet
  facet normal 0 0 -1
    outer loop
      vertex 82.09999251233408 -10.082393928572575 4.2
      vertex 82.8946339001737 8.117886113586241 4.2
      vertex 83.10110415838614 8.20078199525221 4.2
    endloop
  endfacet
  facet normal 0 0 -1
    outer loop
      vertex 82.29845223674161 -10.182969435091659 4.2
      vertex 83.10110415838614 8.20078199525221 4.2
      vertex 83.30171069786554 8.297004191452377 4.2
    endloop
  endfacet
  facet normal 0 0 -1
    outer loop
      vertex 77.36052738505062 -12.355708370588196 4.2
      vertex 76.92493766292495 26.5668305431059 4.2
      vertex 78.3447034393545 11.016511498916293 4.2
    endloop
  endfacet
  facet normal 0 0 -1
    outer loop
      vertex 65.87265016521116 -34.90120311462693 4.2
      vertex 68.89214323857317 34.256558312768334 4.2
      vertex 70.0112687326623 32.76466779152746 4.2
    endloop
  endfacet
  facet normal 0 0 -1
    outer loop
      vertex 68.45059587705572 -32.20824589160476 4.2
      vertex 70.0112687326623 32.76466779152746 4.2
      vertex 71.2255724017209 31.349165831726822 4.2
    endloop
  endfacet
  facet normal 0 0 -1
    outer loop
      vertex 78.3447034393545 11.016511498916293 4.2
      vertex 76.92493766292495 26.5668305431059 4.2
      vertex 78.33257452079474 11.238670415140822 4.2
    endloop
  endfacet
  facet normal 0 0 -1
    outer loop
      vertex 78.33257452079474 11.238670415140822 4.2
      vertex 76.92493766292495 26.5668305431059 4.2
      vertex 78.33500145948813 11.461146941300473 4.2
    endloop
  endfacet
  facet normal 0 0 -1
    outer loop
      vertex 78.33500145948813 11.461146941300473 4.2
      vertex 76.92493766292495 26.5668305431059 4.2
      vertex 78.35197386291054 11.68298839875501 4.2
    endloop
  endfacet
  facet normal 0 0 -1
    outer loop
      vertex 78.35197386291054 11.68298839875501 4.2
      vertex 76.92493766292495 26.5668305431059 4.2
      vertex 78.38341905262493 11.903244828325896 4.2
    endloop
  endfacet
  facet normal 0 0 -1
    outer loop
      vertex 78.38341905262493 11.903244828325896 4.2
      vertex 76.92493766292495 26.5668305431059 4.2
      vertex 78.42920237550135 12.12097305816732 4.2
    endloop
  endfacet
  facet normal 0 0 -1
    outer loop
      vertex 78.42920237550135 12.12097305816732 4.2
      vertex 76.92493766292495 26.5668305431059 4.2
      vertex 78.48912778032246 12.33524074257286 4.2
    endloop
  endfacet
  facet normal 0 0 -1
    outer loop
      vertex 78.48912778032246 12.33524074257286 4.2
      vertex 76.92493766292495 26.5668305431059 4.2
      vertex 78.56293865730491 12.545130354422916 4.2
    endloop
  endfacet
  facet normal 0 0 -1
    outer loop
      vertex 78.56293865730491 12.545130354422916 4.2
      vertex 76.92493766292495 26.5668305431059 4.2
      vertex 78.65031893694183 12.74974311417671 4.2
    endloop
  endfacet
  facet normal 0 0 -1
    outer loop
      vertex 78.65031893694183 12.74974311417671 4.2
      vertex 76.92493766292495 26.5668305431059 4.2
      vertex 78.75089444346091 12.94820283858425 4.2
    endloop
  endfacet
  facet normal 0 0 -1
    outer loop
      vertex 78.75089444346091 12.94820283858425 4.2
      vertex 76.92493766292495 26.5668305431059 4.2
      vertex 78.86423449710261 13.139659692637533 4.2
    endloop
  endfacet
  facet normal 0 0 -1
    outer loop
      vertex 78.86423449710261 13.139659692637533 4.2
      vertex 76.92493766292495 26.5668305431059 4.2
      vertex 78.98985375835699 13.32329382869451 4.2
    endloop
  endfacet
  facet normal 0 0 -1
    outer loop
      vertex 78.98985375835699 13.32329382869451 4.2
      vertex 76.92493766292495 26.5668305431059 4.2
      vertex 79.1272143062619 13.498318897192565 4.2
    endloop
  endfacet
  facet normal 0 0 -1
    outer loop
      vertex 79.1272143062619 13.498318897192565 4.2
      vertex 76.92493766292495 26.5668305431059 4.2
      vertex 79.27572794186327 13.663985413918047 4.2
    endloop
  endfacet
  facet normal 0 0 -1
    outer loop
      vertex 79.27572794186327 13.663985413918047 4.2
      vertex 76.92493766292495 26.5668305431059 4.2
      vertex 79.43475870697318 13.819583969412752 4.2
    endloop
  endfacet
  facet normal 0 0 -1
    outer loop
      vertex 79.43475870697318 13.819583969412752 4.2
      vertex 80.1933560411995 24.773714818228623 4.2
      vertex 79.60362560744063 13.964448266774129 4.2
    endloop
  endfacet
  facet normal 0 0 -1
    outer loop
      vertex 79.60362560744063 13.964448266774129 4.2
      vertex 80.1933560411995 24.773714818228623 4.2
      vertex 79.78160552927288 14.097957974840902 4.2
    endloop
  endfacet
  facet normal 0 0 -1
    outer loop
      vertex 79.78160552927288 14.097957974840902 4.2
      vertex 80.1933560411995 24.773714818228623 4.2
      vertex 79.96793633512065 14.21954138454635 4.2
    endloop
  endfacet
  facet normal 0 0 -1
    outer loop
      vertex 79.96793633512065 14.21954138454635 4.2
      vertex 80.1933560411995 24.773714818228623 4.2
      vertex 80.16182012786732 14.328677857064285 4.2
    endloop
  endfacet
  facet normal 0 0 -1
    outer loop
      vertex 80.16182012786732 14.328677857064285 4.2
      vertex 81.90849240972393 24.04126247421339 4.2
      vertex 83.66786121493764 23.42255365244867 4.2
    endloop
  endfacet
  facet normal 0 0 -1
    outer loop
      vertex 80.16182012786732 14.328677857064285 4.2
      vertex 83.66786121493764 23.42255365244867 4.2
      vertex 85.4639285695135 22.92023775909519 4.2
    endloop
  endfacet
  facet normal 0 0 -1
    outer loop
      vertex 91.47001897982852 -1.374010702008084 4.2
      vertex 83.30171069786554 8.297004191452377 4.2
      vertex 91.61228765557536 0.4855426913608303 4.2
    endloop
  endfacet
  facet normal 0 0 -1
    outer loop
      vertex 83.30171069786554 8.297004191452377 4.2
      vertex 91.87587233406354 2.3318098215873544 4.2
      vertex 91.61228765557536 0.4855426913608303 4.2
    endloop
  endfacet
  facet normal 0 0 -1
    outer loop
      vertex 83.30171069786554 8.297004191452377 4.2
      vertex 92.25964430523352 4.156884689375772 4.2
      vertex 91.87587233406354 2.3318098215873544 4.2
    endloop
  endfacet
  facet normal 0 0 -1
    outer loop
      vertex 83.30171069786554 8.297004191452377 4.2
      vertex 92.76196019858699 5.9529520439516235 4.2
      vertex 92.25964430523352 4.156884689375772 4.2
    endloop
  endfacet
  facet normal 0 0 -1
    outer loop
      vertex 83.30171069786554 8.297004191452377 4.2
      vertex 93.38066902035172 7.712320849165337 4.2
      vertex 92.76196019858699 5.9529520439516235 4.2
    endloop
  endfacet
  facet normal 0 0 -1
    outer loop
      vertex 83.30171069786554 8.297004191452377 4.2
      vertex 94.11312136436695 9.427457217689774 4.2
      vertex 93.38066902035172 7.712320849165337 4.2
    endloop
  endfacet
  facet normal 0 0 -1
    outer loop
      vertex 83.30171069786554 8.297004191452377 4.2
      vertex 94.95618075724751 11.091016672282388 4.2
      vertex 94.11312136436695 9.427457217689774 4.2
    endloop
  endfacet
  facet normal 0 0 -1
    outer loop
      vertex 80.16182012786732 14.328677857064285 4.2
      vertex 85.4639285695135 22.92023775909519 4.2
      vertex 87.28900343730191 22.536465787925213 4.2
    endloop
  endfacet
  facet normal 0 0 -1
    outer loop
      vertex 80.16182012786732 14.328677857064285 4.2
      vertex 89.13527056752844 22.272881109437037 4.2
      vertex 90.99482396089735 22.130612433690196 4.2
    endloop
  endfacet
  facet normal 0 0 -1
    outer loop
      vertex 80.16182012786732 14.328677857064285 4.2
      vertex 87.28900343730191 22.536465787925213 4.2
      vertex 89.13527056752844 22.272881109437037 4.2
    endloop
  endfacet
  facet normal 0 0 -1
    outer loop
      vertex 80.16182012786732 14.328677857064285 4.2
      vertex 90.99482396089735 22.130612433690196 4.2
      vertex 92.85970072429443 22.110268976995734 4.2
    endloop
  endfacet
  facet normal 0 0 -1
    outer loop
      vertex 80.16182012786732 14.328677857064285 4.2
      vertex 92.85970072429443 22.110268976995734 4.2
      vertex 94.7219151691177 22.211937853158396 4.2
    endloop
  endfacet
  facet normal 0 0 -1
    outer loop
      vertex 80.16182012786732 14.328677857064285 4.2
      vertex 94.7219151691177 22.211937853158396 4.2
      vertex 95.4813075657763 22.3034982485811 4.2
    endloop
  endfacet
  facet normal 0 0 -1
    outer loop
      vertex 83.30171069786554 8.297004191452377 4.2
      vertex 95.90623708924423 12.69587559596432 4.2
      vertex 94.95618075724751 11.091016672282388 4.2
    endloop
  endfacet
  facet normal 0 0 -1
    outer loop
      vertex 83.30171069786554 8.297004191452377 4.2
      vertex 96.95922207328822 14.235161736441936 4.2
      vertex 95.90623708924423 12.69587559596432 4.2
    endloop
  endfacet
  facet normal 0 0 -1
    outer loop
      vertex 83.30171069786554 8.297004191452377 4.2
      vertex 98.1106266660206 15.702283634146209 4.2
      vertex 96.95922207328822 14.235161736441936 4.2
    endloop
  endfacet
  facet normal 0 0 -1
    outer loop
      vertex 83.30171069786554 8.297004191452377 4.2
      vertex 98.62119813577455 16.27182458296919 4.2
      vertex 98.1106266660206 15.702283634146209 4.2
    endloop
  endfacet
  facet normal 0 0 -1
    outer loop
      vertex 78.52979658660689 25.616774211109174 4.2
      vertex 79.43475870697318 13.819583969412752 4.2
      vertex 76.92493766292495 26.5668305431059 4.2
    endloop
  endfacet
  facet normal 0 0 -1
    outer loop
      vertex 78.52979658660689 25.616774211109174 4.2
      vertex 80.1933560411995 24.773714818228623 4.2
      vertex 79.43475870697318 13.819583969412752 4.2
    endloop
  endfacet
  facet normal 0 0 -1
    outer loop
      vertex 80.16182012786732 14.328677857064285 4.2
      vertex 80.1933560411995 24.773714818228623 4.2
      vertex 81.90849240972393 24.04126247421339 4.2
    endloop
  endfacet
  facet normal 0 0 1
    outer loop
      vertex 37.97190506179153 -7.925779050746396 10.2
      vertex 38.74650577351674 9.815494044255678 10.2
      vertex 38.52877754367532 9.861277367132095 10.2
    endloop
  endfacet
  facet normal 0 0 1
    outer loop
      vertex 38.19406397801606 -7.913650132186639 10.2
      vertex 38.966762203087626 9.784048854541297 10.2
      vertex 38.74650577351674 9.815494044255678 10.2
    endloop
  endfacet
  facet normal 0 0 1
    outer loop
      vertex 38.416540504175714 -7.916077070880014 10.2
      vertex 39.18860366054216 9.767076451118868 10.2
      vertex 38.966762203087626 9.784048854541297 10.2
    endloop
  endfacet
  facet normal 0 0 1
    outer loop
      vertex 37.97190506179153 -7.925779050746396 10.2
      vertex 37.70154776325838 10.182969435091659 10.2
      vertex 37.510090909205104 10.296309488733373 10.2
    endloop
  endfacet
  facet normal 0 0 1
    outer loop
      vertex 37.97190506179153 -7.925779050746396 10.2
      vertex 38.10462024741972 9.995013648935672 10.2
      vertex 37.90000748766592 10.082393928572575 10.2
    endloop
  endfacet
  facet normal 0 0 1
    outer loop
      vertex 37.97190506179153 -7.925779050746396 10.2
      vertex 37.90000748766592 10.082393928572575 10.2
      vertex 37.70154776325838 10.182969435091659 10.2
    endloop
  endfacet
  facet normal 0 0 1
    outer loop
      vertex 37.97190506179153 -7.925779050746396 10.2
      vertex 38.31450985926977 9.921202771953213 10.2
      vertex 38.10462024741972 9.995013648935672 10.2
    endloop
  endfacet
  facet normal 0 0 1
    outer loop
      vertex 37.97190506179153 -7.925779050746396 10.2
      vertex 38.52877754367532 9.861277367132095 10.2
      vertex 38.31450985926977 9.921202771953213 10.2
    endloop
  endfacet
  facet normal 0 0 1
    outer loop
      vertex 39.50052391729815 -8.144014268696818 10.2
      vertex 39.41108018670181 9.764649512425496 10.2
      vertex 39.18860366054216 9.767076451118868 10.2
    endloop
  endfacet
  facet normal 0 0 1
    outer loop
      vertex 39.50052391729815 -8.144014268696818 10.2
      vertex 39.63323910292634 9.776778430985251 10.2
      vertex 39.41108018670181 9.764649512425496 10.2
    endloop
  endfacet
  facet normal 0 0 1
    outer loop
      vertex 39.50052391729815 -8.144014268696818 10.2
      vertex 39.85412909063001 9.8034112689068 10.2
      vertex 39.63323910292634 9.776778430985251 10.2
    endloop
  endfacet
  facet normal 0 0 1
    outer loop
      vertex 39.50052391729815 -8.144014268696818 10.2
      vertex 40.07280426497385 9.844433980289413 10.2
      vertex 39.85412909063001 9.8034112689068 10.2
    endloop
  endfacet
  facet normal 0 0 1
    outer loop
      vertex 39.50052391729815 -8.144014268696818 10.2
      vertex 40.288328225289675 9.899670899585029 10.2
      vertex 40.07280426497385 9.844433980289413 10.2
    endloop
  endfacet
  facet normal 0 0 1
    outer loop
      vertex 39.70513667705194 -8.231394548333721 10.2
      vertex 40.49977806489157 9.968885493825097 10.2
      vertex 40.288328225289675 9.899670899585029 10.2
    endloop
  endfacet
  facet normal 0 0 1
    outer loop
      vertex 41.38029361613969 -9.943502278738624 10.2
      vertex 40.706248323104006 10.051781375491066 10.2
      vertex 40.49977806489157 9.968885493825097 10.2
    endloop
  endfacet
  facet normal 0 0 1
    outer loop
      vertex 41.38029361613969 -9.943502278738624 10.2
      vertex 40.906854862583415 10.148003571691232 10.2
      vertex 40.706248323104006 10.051781375491066 10.2
    endloop
  endfacet
  facet normal 0 0 1
    outer loop
      vertex 41.38029361613969 -9.943502278738624 10.2
      vertex 41.100738655330076 10.257140044209168 10.2
      vertex 40.906854862583415 10.148003571691232 10.2
    endloop
  endfacet
  facet normal 0 0 1
    outer loop
      vertex 41.38029361613969 -9.943502278738624 10.2
      vertex 41.28706946117786 10.378723453914613 10.2
      vertex 41.100738655330076 10.257140044209168 10.2
    endloop
  endfacet
  facet normal 0 0 1
    outer loop
      vertex 41.38029361613969 -9.943502278738624 10.2
      vertex 41.4650493830101 10.512233161981388 10.2
      vertex 41.28706946117786 10.378723453914613 10.2
    endloop
  endfacet
  facet normal 0 0 1
    outer loop
      vertex 41.38029361613969 -9.943502278738624 10.2
      vertex 41.63391628347755 10.657097459342763 10.2
      vertex 41.4650493830101 10.512233161981388 10.2
    endloop
  endfacet
  facet normal 0 0 1
    outer loop
      vertex 41.38029361613969 -9.943502278738624 10.2
      vertex 41.792947048587465 10.812696014837469 10.2
      vertex 41.63391628347755 10.657097459342763 10.2
    endloop
  endfacet
  facet normal 0 0 1
    outer loop
      vertex 41.38029361613969 -9.943502278738624 10.2
      vertex 41.941460684188826 10.97836253156295 10.2
      vertex 41.792947048587465 10.812696014837469 10.2
    endloop
  endfacet
  facet normal 0 0 1
    outer loop
      vertex 41.38029361613969 -9.943502278738624 10.2
      vertex 42.078821232093745 11.153387600061006 10.2
      vertex 41.941460684188826 10.97836253156295 10.2
    endloop
  endfacet
  facet normal 0 0 1
    outer loop
      vertex 41.38029361613969 -9.943502278738624 10.2
      vertex 42.20444049334811 11.337021736117984 10.2
      vertex 42.078821232093745 11.153387600061006 10.2
    endloop
  endfacet
  facet normal 0 0 1
    outer loop
      vertex 41.38029361613969 -9.943502278738624 10.2
      vertex 42.31778054698982 11.528478590171268 10.2
      vertex 42.20444049334811 11.337021736117984 10.2
    endloop
  endfacet
  facet normal 0 0 1
    outer loop
      vertex 41.46318949780566 -10.149972536951056 10.2
      vertex 42.41835605350891 11.726938314578806 10.2
      vertex 42.31778054698982 11.528478590171268 10.2
    endloop
  endfacet
  facet normal 0 0 1
    outer loop
      vertex 41.532404092045724 -10.361422376552959 10.2
      vertex 42.50573633314582 11.931551074332598 10.2
      vertex 42.41835605350891 11.726938314578806 10.2
    endloop
  endfacet
  facet normal 0 0 1
    outer loop
      vertex 41.58764101134134 -10.576946336868781 10.2
      vertex 42.579547210128275 12.141440686182657 10.2
      vertex 42.50573633314582 11.931551074332598 10.2
    endloop
  endfacet
  facet normal 0 0 1
    outer loop
      vertex 41.62866372272396 -10.795621511212616 10.2
      vertex 42.63947261494938 12.355708370588196 10.2
      vertex 42.579547210128275 12.141440686182657 10.2
    endloop
  endfacet
  facet normal 0 0 1
    outer loop
      vertex 46.08147037525694 -28.77122011988227 10.2
      vertex 42.04265729067953 26.439410298294913 10.2
      vertex 42.723971551096234 13.460169929839223 10.2
    endloop
  endfacet
  facet normal 0 0 1
    outer loop
      vertex 46.08147037525694 -28.77122011988227 10.2
      vertex 43.773363866871975 27.13427283578906 10.2
      vertex 42.04265729067953 26.439410298294913 10.2
    endloop
  endfacet
  facet normal 0 0 1
    outer loop
      vertex 46.08147037525694 -28.77122011988227 10.2
      vertex 45.45491868309643 27.940841245113983 10.2
      vertex 43.773363866871975 27.13427283578906 10.2
    endloop
  endfacet
  facet normal 0 0 1
    outer loop
      vertex 48.774427598279104 -31.349165831726822 10.2
      vertex 47.08012106347282 28.855661676514327 10.2
      vertex 45.45491868309643 27.940841245113983 10.2
    endloop
  endfacet
  facet normal 0 0 1
    outer loop
      vertex 49.9887312673377 -32.76466779152746 10.2
      vertex 48.642011641902776 29.874816728457038 10.2
      vertex 47.08012106347282 28.855661676514327 10.2
    endloop
  endfacet
  facet normal 0 0 1
    outer loop
      vertex 49.9887312673377 -32.76466779152746 10.2
      vertex 50.133902163143645 30.993942222546174 10.2
      vertex 48.642011641902776 29.874816728457038 10.2
    endloop
  endfacet
  facet normal 0 0 1
    outer loop
      vertex 53.041832244769886 -37.44365127157467 10.2
      vertex 51.54940412294428 32.20824589160476 10.2
      vertex 50.133902163143645 30.993942222546174 10.2
    endloop
  endfacet
  facet normal 0 0 1
    outer loop
      vertex 53.041832244769886 -37.44365127157467 10.2
      vertex 52.882456124601 33.512527900898625 10.2
      vertex 51.54940412294428 32.20824589160476 10.2
    endloop
  endfacet
  facet normal 0 0 1
    outer loop
      vertex 42.723971551096234 13.460169929839223 10.2
      vertex 42.04265729067953 26.439410298294913 10.2
      vertex 42.69733871317469 13.681059917542903 10.2
    endloop
  endfacet
  facet normal 0 0 1
    outer loop
      vertex 42.65631600179207 13.899735091886736 10.2
      vertex 42.04265729067953 26.439410298294913 10.2
      vertex 42.601079082496454 14.115259052202557 10.2
    endloop
  endfacet
  facet normal 0 0 1
    outer loop
      vertex 42.69733871317469 13.681059917542903 10.2
      vertex 42.04265729067953 26.439410298294913 10.2
      vertex 42.65631600179207 13.899735091886736 10.2
    endloop
  endfacet
  facet normal 0 0 1
    outer loop
      vertex 42.601079082496454 14.115259052202557 10.2
      vertex 42.04265729067953 26.439410298294913 10.2
      vertex 42.53186448825639 14.32670889180446 10.2
    endloop
  endfacet
  facet normal 0 0 1
    outer loop
      vertex 41.9885168201001 15.291980209922984 10.2
      vertex 42.12202652816687 15.114000288090741 10.2
      vertex 42.04265729067953 26.439410298294913 10.2
    endloop
  endfacet
  facet normal 0 0 1
    outer loop
      vertex 41.1637282459635 16.031371320260995 10.2
      vertex 41.34736238202048 15.905752059006625 10.2
      vertex 42.04265729067953 26.439410298294913 10.2
    endloop
  endfacet
  facet normal 0 0 1
    outer loop
      vertex 41.68805396724402 15.619877875500354 10.2
      vertex 41.84365252273872 15.46084711039043 10.2
      vertex 42.04265729067953 26.439410298294913 10.2
    endloop
  endfacet
  facet normal 0 0 1
    outer loop
      vertex 41.68805396724402 15.619877875500354 10.2
      vertex 42.04265729067953 26.439410298294913 10.2
      vertex 41.522387450518536 15.768391511101711 10.2
    endloop
  endfacet
  facet normal 0 0 1
    outer loop
      vertex 41.84365252273872 15.46084711039043 10.2
      vertex 41.9885168201001 15.291980209922984 10.2
      vertex 42.04265729067953 26.439410298294913 10.2
    endloop
  endfacet
  facet normal 0 0 1
    outer loop
      vertex 41.34736238202048 15.905752059006625 10.2
      vertex 41.522387450518536 15.768391511101711 10.2
      vertex 42.04265729067953 26.439410298294913 10.2
    endloop
  endfacet
  facet normal 0 0 1
    outer loop
      vertex 42.44896860659042 14.533179150016892 10.2
      vertex 42.04265729067953 26.439410298294913 10.2
      vertex 42.35274641039025 14.733785689496301 10.2
    endloop
  endfacet
  facet normal 0 0 1
    outer loop
      vertex 42.53186448825639 14.32670889180446 10.2
      vertex 42.04265729067953 26.439410298294913 10.2
      vertex 42.44896860659042 14.533179150016892 10.2
    endloop
  endfacet
  facet normal 0 0 1
    outer loop
      vertex 42.24360993787232 14.927669482242958 10.2
      vertex 42.35274641039025 14.733785689496301 10.2
      vertex 42.04265729067953 26.439410298294913 10.2
    endloop
  endfacet
  facet normal 0 0 1
    outer loop
      vertex 42.24360993787232 14.927669482242958 10.2
      vertex 42.04265729067953 26.439410298294913 10.2
      vertex 42.12202652816687 15.114000288090741 10.2
    endloop
  endfacet
  facet normal 0 0 1
    outer loop
      vertex 55.58297864930776 -23.886277624687953 10.2
      vertex 56.00856430704559 -0.26161251692057225 10.2
      vertex 52.882456124601 33.512527900898625 10.2
    endloop
  endfacet
  facet normal 0 0 1
    outer loop
      vertex 58.230845239123994 3.587490966130753 10.2
      vertex 58.46926627053964 3.695518130045147 10.2
      vertex 59.241856322071534 21.609150512991707 10.2
    endloop
  endfacet
  facet normal 0 0 1
    outer loop
      vertex 58.46926627053964 3.695518130045147 10.2
      vertex 58.714242138787355 3.7877205179804228 10.2
      vertex 59.43331317612481 21.49581045934999 10.2
    endloop
  endfacet
  facet normal 0 0 1
    outer loop
      vertex 58.714242138787355 3.7877205179804228 10.2
      vertex 58.96472381958992 3.8637033051562732 10.2
      vertex 59.631772900532354 21.395234952830908 10.2
    endloop
  endfacet
  facet normal 0 0 1
    outer loop
      vertex 58.96472381958992 3.8637033051562732 10.2
      vertex 59.21963871193549 3.9231411216129217 10.2
      vertex 59.83638566028615 21.307854673194 10.2
    endloop
  endfacet
  facet normal 0 0 1
    outer loop
      vertex 59.21963871193549 3.9231411216129217 10.2
      vertex 59.477895231119795 3.9657794454952415 10.2
      vertex 59.83638566028615 21.307854673194 10.2
    endloop
  endfacet
  facet normal 0 0 1
    outer loop
      vertex 59.477895231119795 3.9657794454952415 10.2
      vertex 59.73838748307943 3.991435692954414 10.2
      vertex 59.83638566028615 21.307854673194 10.2
    endloop
  endfacet
  facet normal 0 0 1
    outer loop
      vertex 59.73838748307943 3.991435692954414 10.2
      vertex 60 4 10.2
      vertex 59.83638566028615 21.307854673194 10.2
    endloop
  endfacet
  facet normal 0 0 1
    outer loop
      vertex 67.11754387539901 -33.512527900898625 10.2
      vertex 64.44846654040661 24.106534054258837 10.2
      vertex 64.41702135069224 23.886277624687953 10.2
    endloop
  endfacet
  facet normal 0 0 1
    outer loop
      vertex 67.11754387539901 -33.512527900898625 10.2
      vertex 64.46543894382904 24.32837551171337 10.2
      vertex 64.44846654040661 24.106534054258837 10.2
    endloop
  endfacet
  facet normal 0 0 1
    outer loop
      vertex 60 4 10.2
      vertex 60.26161251692057 3.991435692954414 10.2
      vertex 60.92036907340859 21.0799174753772 10.2
    endloop
  endfacet
  facet normal 0 0 1
    outer loop
      vertex 60.26161251692057 3.991435692954414 10.2
      vertex 60.522104768880205 3.9657794454952415 10.2
      vertex 60.92036907340859 21.0799174753772 10.2
    endloop
  endfacet
  facet normal 0 0 1
    outer loop
      vertex 60.78036128806451 3.9231411216129217 10.2
      vertex 60.92036907340859 21.0799174753772 10.2
      vertex 60.522104768880205 3.9657794454952415 10.2
    endloop
  endfacet
  facet normal 0 0 1
    outer loop
      vertex 60.78036128806451 3.9231411216129217 10.2
      vertex 61.03527618041008 3.8637033051562732 10.2
      vertex 60.92036907340859 21.0799174753772 10.2
    endloop
  endfacet
  facet normal 0 0 1
    outer loop
      vertex 61.03527618041008 3.8637033051562732 10.2
      vertex 61.285757861212645 3.7877205179804228 10.2
      vertex 60.92036907340859 21.0799174753772 10.2
    endloop
  endfacet
  facet normal 0 0 1
    outer loop
      vertex 61.285757861212645 3.7877205179804228 10.2
      vertex 61.53073372946036 3.695518130045147 10.2
      vertex 60.92036907340859 21.0799174753772 10.2
    endloop
  endfacet
  facet normal 0 0 1
    outer loop
      vertex 61.769154760876006 3.587490966130753 10.2
      vertex 60.92036907340859 21.0799174753772 10.2
      vertex 61.53073372946036 3.695518130045147 10.2
    endloop
  endfacet
  facet normal 0 0 1
    outer loop
      vertex 61.769154760876006 3.587490966130753 10.2
      vertex 62 3.4641016151377544 10.2
      vertex 62.020093638156105 21.21251192384336 10.2
    endloop
  endfacet
  facet normal 0 0 1
    outer loop
      vertex 63.99143569295441 0.26161251692057225 10.2
      vertex 64.41702135069224 23.886277624687953 10.2
      vertex 63.965779445495244 0.5221047688802063 10.2
    endloop
  endfacet
  facet normal 0 0 1
    outer loop
      vertex 63.86370330515627 1.035276180410083 10.2
      vertex 63.92314112161292 0.780361288064513 10.2
      vertex 64.3113126229947 23.454281710440988 10.2
    endloop
  endfacet
  facet normal 0 0 1
    outer loop
      vertex 63.965779445495244 0.5221047688802063 10.2
      vertex 64.41702135069224 23.886277624687953 10.2
      vertex 63.92314112161292 0.780361288064513 10.2
    endloop
  endfacet
  facet normal 0 0 1
    outer loop
      vertex 63.58749096613075 1.7691547608760052 10.2
      vertex 63.5247124614539 22.125537039095803 10.2
      vertex 63.46410161513776 2 10.2
    endloop
  endfacet
  facet normal 0 0 1
    outer loop
      vertex 63.46410161513776 2 10.2
      vertex 63.5247124614539 22.125537039095803 10.2
      vertex 63.32587844921018 2.2222809320784087 10.2
    endloop
  endfacet
  facet normal 0 0 1
    outer loop
      vertex 63.17341336116494 2.4350457160348826 10.2
      vertex 63.32587844921018 2.2222809320784087 10.2
      vertex 63.5247124614539 22.125537039095803 10.2
    endloop
  endfacet
  facet normal 0 0 1
    outer loop
      vertex 63.17341336116494 2.4350457160348826 10.2
      vertex 63.5247124614539 22.125537039095803 10.2
      vertex 63.007359229915906 2.6373832604002754 10.2
    endloop
  endfacet
  facet normal 0 0 1
    outer loop
      vertex 63.787720517980425 1.2857578612126463 10.2
      vertex 64.15012146637534 23.039779338837135 10.2
      vertex 63.695518130045144 1.5307337294603591 10.2
    endloop
  endfacet
  facet normal 0 0 1
    outer loop
      vertex 63.58749096613075 1.7691547608760052 10.2
      vertex 63.695518130045144 1.5307337294603591 10.2
      vertex 64.04954595985626 22.841319614429597 10.2
    endloop
  endfacet
  facet normal 0 0 1
    outer loop
      vertex 63.86370330515627 1.035276180410083 10.2
      vertex 64.23750174601224 23.244392098590932 10.2
      vertex 63.787720517980425 1.2857578612126463 10.2
    endloop
  endfacet
  facet normal 0 0 1
    outer loop
      vertex 62.222280932078405 3.325878449210181 10.2
      vertex 62.435045716034885 3.1734133611649407 10.2
      vertex 62.638620275449846 21.460844595949563 10.2
    endloop
  endfacet
  facet normal 0 0 1
    outer loop
      vertex 62 3.4641016151377544 10.2
      vertex 62.222280932078405 3.325878449210181 10.2
      vertex 62.438013735970436 21.364622399749393 10.2
    endloop
  endfacet
  facet normal 0 0 1
    outer loop
      vertex 62.435045716034885 3.1734133611649407 10.2
      vertex 62.63738326040028 3.0073592299159095 10.2
      vertex 62.832504068196506 21.5699810684675 10.2
    endloop
  endfacet
  facet normal 0 0 1
    outer loop
      vertex 62.63738326040028 3.0073592299159095 10.2
      vertex 62.82842712474619 2.8284271247461903 10.2
      vertex 63.01883487404429 21.691564478172946 10.2
    endloop
  endfacet
  facet normal 0 0 1
    outer loop
      vertex 62.82842712474619 2.8284271247461903 10.2
      vertex 63.007359229915906 2.6373832604002754 10.2
      vertex 63.5247124614539 22.125537039095803 10.2
    endloop
  endfacet
  facet normal 0 0 1
    outer loop
      vertex 67.11754387539901 -33.512527900898625 10.2
      vertex 66.95816775523011 37.44365127157467 10.2
      vertex 64.46543894382904 24.32837551171337 10.2
    endloop
  endfacet
  facet normal 0 0 1
    outer loop
      vertex 56.00856430704559 -0.26161251692057225 10.2
      vertex 56 0 10.2
      vertex 52.882456124601 33.512527900898625 10.2
    endloop
  endfacet
  facet normal 0 0 1
    outer loop
      vertex 56 0 10.2
      vertex 56.00856430704559 0.26161251692057225 10.2
      vertex 52.882456124601 33.512527900898625 10.2
    endloop
  endfacet
  facet normal 0 0 1
    outer loop
      vertex 56.00856430704559 0.26161251692057225 10.2
      vertex 56.034220554504756 0.5221047688802063 10.2
      vertex 52.882456124601 33.512527900898625 10.2
    endloop
  endfacet
  facet normal 0 0 1
    outer loop
      vertex 56.034220554504756 0.5221047688802063 10.2
      vertex 56.07685887838708 0.780361288064513 10.2
      vertex 52.882456124601 33.512527900898625 10.2
    endloop
  endfacet
  facet normal 0 0 1
    outer loop
      vertex 56.07685887838708 0.780361288064513 10.2
      vertex 56.13629669484373 1.035276180410083 10.2
      vertex 52.882456124601 33.512527900898625 10.2
    endloop
  endfacet
  facet normal 0 0 1
    outer loop
      vertex 56.13629669484373 1.035276180410083 10.2
      vertex 56.212279482019575 1.2857578612126463 10.2
      vertex 52.882456124601 33.512527900898625 10.2
    endloop
  endfacet
  facet normal 0 0 1
    outer loop
      vertex 56.212279482019575 1.2857578612126463 10.2
      vertex 56.304481869954856 1.5307337294603591 10.2
      vertex 52.882456124601 33.512527900898625 10.2
    endloop
  endfacet
  facet normal 0 0 1
    outer loop
      vertex 56.304481869954856 1.5307337294603591 10.2
      vertex 56.41250903386925 1.7691547608760052 10.2
      vertex 52.882456124601 33.512527900898625 10.2
    endloop
  endfacet
  facet normal 0 0 1
    outer loop
      vertex 56.41250903386925 1.7691547608760052 10.2
      vertex 56.53589838486224 2 10.2
      vertex 52.882456124601 33.512527900898625 10.2
    endloop
  endfacet
  facet normal 0 0 1
    outer loop
      vertex 56.53589838486224 2 10.2
      vertex 56.67412155078982 2.2222809320784087 10.2
      vertex 56.33173941156521 37.90761115280882 10.2
    endloop
  endfacet
  facet normal 0 0 1
    outer loop
      vertex 56.67412155078982 2.2222809320784087 10.2
      vertex 56.82658663883506 2.4350457160348826 10.2
      vertex 56.33173941156521 37.90761115280882 10.2
    endloop
  endfacet
  facet normal 0 0 1
    outer loop
      vertex 56.82658663883506 2.4350457160348826 10.2
      vertex 56.992640770084094 2.6373832604002754 10.2
      vertex 56.33173941156521 37.90761115280882 10.2
    endloop
  endfacet
  facet normal 0 0 1
    outer loop
      vertex 56.992640770084094 2.6373832604002754 10.2
      vertex 57.17157287525381 2.8284271247461903 10.2
      vertex 56.33173941156521 37.90761115280882 10.2
    endloop
  endfacet
  facet normal 0 0 1
    outer loop
      vertex 57.17157287525381 2.8284271247461903 10.2
      vertex 57.36261673959972 3.0073592299159095 10.2
      vertex 56.33173941156521 37.90761115280882 10.2
    endloop
  endfacet
  facet normal 0 0 1
    outer loop
      vertex 57.36261673959972 3.0073592299159095 10.2
      vertex 57.564954283965115 3.1734133611649407 10.2
      vertex 56.33173941156521 37.90761115280882 10.2
    endloop
  endfacet
  facet normal 0 0 1
    outer loop
      vertex 57.564954283965115 3.1734133611649407 10.2
      vertex 57.777719067921595 3.325878449210181 10.2
      vertex 56.33173941156521 37.90761115280882 10.2
    endloop
  endfacet
  facet normal 0 0 1
    outer loop
      vertex 57.777719067921595 3.325878449210181 10.2
      vertex 58 3.4641016151377544 10.2
      vertex 56.33173941156521 37.90761115280882 10.2
    endloop
  endfacet
  facet normal 0 0 1
    outer loop
      vertex 58 3.4641016151377544 10.2
      vertex 58.230845239123994 3.587490966130753 10.2
      vertex 56.33173941156521 37.90761115280882 10.2
    endloop
  endfacet
  facet normal 0 0 1
    outer loop
      vertex 58.230845239123994 3.587490966130753 10.2
      vertex 59.241856322071534 21.609150512991707 10.2
      vertex 59.058222186014554 21.734769774246075 10.2
    endloop
  endfacet
  facet normal 0 0 1
    outer loop
      vertex 58.46926627053964 3.695518130045147 10.2
      vertex 59.43331317612481 21.49581045934999 10.2
      vertex 59.241856322071534 21.609150512991707 10.2
    endloop
  endfacet
  facet normal 0 0 1
    outer loop
      vertex 58.714242138787355 3.7877205179804228 10.2
      vertex 59.631772900532354 21.395234952830908 10.2
      vertex 59.43331317612481 21.49581045934999 10.2
    endloop
  endfacet
  facet normal 0 0 1
    outer loop
      vertex 58.96472381958992 3.8637033051562732 10.2
      vertex 59.83638566028615 21.307854673194 10.2
      vertex 59.631772900532354 21.395234952830908 10.2
    endloop
  endfacet
  facet normal 0 0 1
    outer loop
      vertex 59.83638566028615 21.307854673194 10.2
      vertex 60 4 10.2
      vertex 60.04627527213621 21.234043796211544 10.2
    endloop
  endfacet
  facet normal 0 0 1
    outer loop
      vertex 60 4 10.2
      vertex 60.26054295654174 21.174118391390426 10.2
      vertex 60.04627527213621 21.234043796211544 10.2
    endloop
  endfacet
  facet normal 0 0 1
    outer loop
      vertex 60 4 10.2
      vertex 60.47827118638317 21.12833506851401 10.2
      vertex 60.26054295654174 21.174118391390426 10.2
    endloop
  endfacet
  facet normal 0 0 1
    outer loop
      vertex 58.230845239123994 3.587490966130753 10.2
      vertex 58.41706774793494 22.348541623329716 10.2
      vertex 58.28355803986816 22.52652154516196 10.2
    endloop
  endfacet
  facet normal 0 0 1
    outer loop
      vertex 58.230845239123994 3.587490966130753 10.2
      vertex 58.28355803986816 22.52652154516196 10.2
      vertex 58.16197463016271 22.712852351009744 10.2
    endloop
  endfacet
  facet normal 0 0 1
    outer loop
      vertex 58.230845239123994 3.587490966130753 10.2
      vertex 57.95661596144461 23.10734268323581 10.2
      vertex 57.87372007977864 23.31381294144824 10.2
    endloop
  endfacet
  facet normal 0 0 1
    outer loop
      vertex 58.230845239123994 3.587490966130753 10.2
      vertex 58.05283815764478 22.906736143756405 10.2
      vertex 57.95661596144461 23.10734268323581 10.2
    endloop
  endfacet
  facet normal 0 0 1
    outer loop
      vertex 58.230845239123994 3.587490966130753 10.2
      vertex 58.16197463016271 22.712852351009744 10.2
      vertex 58.05283815764478 22.906736143756405 10.2
    endloop
  endfacet
  facet normal 0 0 1
    outer loop
      vertex 58.230845239123994 3.587490966130753 10.2
      vertex 57.87372007977864 23.31381294144824 10.2
      vertex 57.80450548553858 23.52526278105014 10.2
    endloop
  endfacet
  facet normal 0 0 1
    outer loop
      vertex 58.230845239123994 3.587490966130753 10.2
      vertex 57.80450548553858 23.52526278105014 10.2
      vertex 57.74926856624296 23.740786741365966 10.2
    endloop
  endfacet
  facet normal 0 0 1
    outer loop
      vertex 58.230845239123994 3.587490966130753 10.2
      vertex 57.74926856624296 23.740786741365966 10.2
      vertex 57.708245854860344 23.9594619157098 10.2
    endloop
  endfacet
  facet normal 0 0 1
    outer loop
      vertex 58.230845239123994 3.587490966130753 10.2
      vertex 57.708245854860344 23.9594619157098 10.2
      vertex 57.6816130169388 24.180351903413477 10.2
    endloop
  endfacet
  facet normal 0 0 1
    outer loop
      vertex 58.230845239123994 3.587490966130753 10.2
      vertex 57.6816130169388 24.180351903413477 10.2
      vertex 57.669484098379044 24.40251081963801 10.2
    endloop
  endfacet
  facet normal 0 0 1
    outer loop
      vertex 58.230845239123994 3.587490966130753 10.2
      vertex 58.883197117516495 21.87213032215099 10.2
      vertex 58.717530600791015 22.02064395775235 10.2
    endloop
  endfacet
  facet normal 0 0 1
    outer loop
      vertex 58.230845239123994 3.587490966130753 10.2
      vertex 58.717530600791015 22.02064395775235 10.2
      vertex 58.56193204529631 22.179674722862273 10.2
    endloop
  endfacet
  facet normal 0 0 1
    outer loop
      vertex 58.230845239123994 3.587490966130753 10.2
      vertex 59.058222186014554 21.734769774246075 10.2
      vertex 58.883197117516495 21.87213032215099 10.2
    endloop
  endfacet
  facet normal 0 0 1
    outer loop
      vertex 58.230845239123994 3.587490966130753 10.2
      vertex 58.56193204529631 22.179674722862273 10.2
      vertex 58.41706774793494 22.348541623329716 10.2
    endloop
  endfacet
  facet normal 0 0 1
    outer loop
      vertex 60 4 10.2
      vertex 60.69852761595405 21.09688987879963 10.2
      vertex 60.47827118638317 21.12833506851401 10.2
    endloop
  endfacet
  facet normal 0 0 1
    outer loop
      vertex 60 4 10.2
      vertex 60.92036907340859 21.0799174753772 10.2
      vertex 60.69852761595405 21.09688987879963 10.2
    endloop
  endfacet
  facet normal 0 0 1
    outer loop
      vertex 61.769154760876006 3.587490966130753 10.2
      vertex 61.14284559956824 21.077490536683825 10.2
      vertex 60.92036907340859 21.0799174753772 10.2
    endloop
  endfacet
  facet normal 0 0 1
    outer loop
      vertex 61.769154760876006 3.587490966130753 10.2
      vertex 61.36500451579277 21.089619455243582 10.2
      vertex 61.14284559956824 21.077490536683825 10.2
    endloop
  endfacet
  facet normal 0 0 1
    outer loop
      vertex 61.769154760876006 3.587490966130753 10.2
      vertex 61.58589450349645 21.11625229316513 10.2
      vertex 61.36500451579277 21.089619455243582 10.2
    endloop
  endfacet
  facet normal 0 0 1
    outer loop
      vertex 61.769154760876006 3.587490966130753 10.2
      vertex 61.804569677840284 21.157275004547742 10.2
      vertex 61.58589450349645 21.11625229316513 10.2
    endloop
  endfacet
  facet normal 0 0 1
    outer loop
      vertex 61.769154760876006 3.587490966130753 10.2
      vertex 62.020093638156105 21.21251192384336 10.2
      vertex 61.804569677840284 21.157275004547742 10.2
    endloop
  endfacet
  facet normal 0 0 1
    outer loop
      vertex 62 3.4641016151377544 10.2
      vertex 62.23154347775801 21.281726518083428 10.2
      vertex 62.020093638156105 21.21251192384336 10.2
    endloop
  endfacet
  facet normal 0 0 1
    outer loop
      vertex 62 3.4641016151377544 10.2
      vertex 62.438013735970436 21.364622399749393 10.2
      vertex 62.23154347775801 21.281726518083428 10.2
    endloop
  endfacet
  facet normal 0 0 1
    outer loop
      vertex 62.222280932078405 3.325878449210181 10.2
      vertex 62.638620275449846 21.460844595949563 10.2
      vertex 62.438013735970436 21.364622399749393 10.2
    endloop
  endfacet
  facet normal 0 0 1
    outer loop
      vertex 62.435045716034885 3.1734133611649407 10.2
      vertex 62.832504068196506 21.5699810684675 10.2
      vertex 62.638620275449846 21.460844595949563 10.2
    endloop
  endfacet
  facet normal 0 0 1
    outer loop
      vertex 62.63738326040028 3.0073592299159095 10.2
      vertex 63.01883487404429 21.691564478172946 10.2
      vertex 62.832504068196506 21.5699810684675 10.2
    endloop
  endfacet
  facet normal 0 0 1
    outer loop
      vertex 62.82842712474619 2.8284271247461903 10.2
      vertex 63.196814795876534 21.825074186239718 10.2
      vertex 63.01883487404429 21.691564478172946 10.2
    endloop
  endfacet
  facet normal 0 0 1
    outer loop
      vertex 62.82842712474619 2.8284271247461903 10.2
      vertex 63.36568169634398 21.969938483601098 10.2
      vertex 63.196814795876534 21.825074186239718 10.2
    endloop
  endfacet
  facet normal 0 0 1
    outer loop
      vertex 62.82842712474619 2.8284271247461903 10.2
      vertex 63.5247124614539 22.125537039095803 10.2
      vertex 63.36568169634398 21.969938483601098 10.2
    endloop
  endfacet
  facet normal 0 0 1
    outer loop
      vertex 63.58749096613075 1.7691547608760052 10.2
      vertex 63.673226097055256 22.29120355582128 10.2
      vertex 63.5247124614539 22.125537039095803 10.2
    endloop
  endfacet
  facet normal 0 0 1
    outer loop
      vertex 63.58749096613075 1.7691547608760052 10.2
      vertex 63.810586644960175 22.466228624319335 10.2
      vertex 63.673226097055256 22.29120355582128 10.2
    endloop
  endfacet
  facet normal 0 0 1
    outer loop
      vertex 63.58749096613075 1.7691547608760052 10.2
      vertex 63.936205906214546 22.649862760376315 10.2
      vertex 63.810586644960175 22.466228624319335 10.2
    endloop
  endfacet
  facet normal 0 0 1
    outer loop
      vertex 63.58749096613075 1.7691547608760052 10.2
      vertex 64.04954595985626 22.841319614429597 10.2
      vertex 63.936205906214546 22.649862760376315 10.2
    endloop
  endfacet
  facet normal 0 0 1
    outer loop
      vertex 63.695518130045144 1.5307337294603591 10.2
      vertex 64.15012146637534 23.039779338837135 10.2
      vertex 64.04954595985626 22.841319614429597 10.2
    endloop
  endfacet
  facet normal 0 0 1
    outer loop
      vertex 63.787720517980425 1.2857578612126463 10.2
      vertex 64.23750174601224 23.244392098590932 10.2
      vertex 64.15012146637534 23.039779338837135 10.2
    endloop
  endfacet
  facet normal 0 0 1
    outer loop
      vertex 63.86370330515627 1.035276180410083 10.2
      vertex 64.3113126229947 23.454281710440988 10.2
      vertex 64.23750174601224 23.244392098590932 10.2
    endloop
  endfacet
  facet normal 0 0 1
    outer loop
      vertex 63.92314112161292 0.780361288064513 10.2
      vertex 64.37123802781582 23.668549394846526 10.2
      vertex 64.3113126229947 23.454281710440988 10.2
    endloop
  endfacet
  facet normal 0 0 1
    outer loop
      vertex 63.92314112161292 0.780361288064513 10.2
      vertex 64.41702135069224 23.886277624687953 10.2
      vertex 64.37123802781582 23.668549394846526 10.2
    endloop
  endfacet
  facet normal 0 0 1
    outer loop
      vertex 34.77902187420622 24.829101095078556 10.2
      vertex 41.1637282459635 16.031371320260995 10.2
      vertex 36.63059971231059 25.05234694236212 10.2
    endloop
  endfacet
  facet normal 0 0 1
    outer loop
      vertex 36.63059971231059 25.05234694236212 10.2
      vertex 41.1637282459635 16.031371320260995 10.2
      vertex 38.4636122031339 25.396213787775196 10.2
    endloop
  endfacet
  facet normal 0 0 1
    outer loop
      vertex 38.4636122031339 25.396213787775196 10.2
      vertex 41.1637282459635 16.031371320260995 10.2
      vertex 40.27021010578124 25.85922914069434 10.2
    endloop
  endfacet
  facet normal 0 0 1
    outer loop
      vertex 40.27021010578124 25.85922914069434 10.2
      vertex 41.1637282459635 16.031371320260995 10.2
      vertex 42.04265729067953 26.439410298294913 10.2
    endloop
  endfacet
  facet normal 0 0 1
    outer loop
      vertex 56.53589838486224 2 10.2
      vertex 54.12734983478884 34.90120311462693 10.2
      vertex 52.882456124601 33.512527900898625 10.2
    endloop
  endfacet
  facet normal 0 0 1
    outer loop
      vertex 56.53589838486224 2 10.2
      vertex 55.278754427521214 36.36832501233121 10.2
      vertex 54.12734983478884 34.90120311462693 10.2
    endloop
  endfacet
  facet normal 0 0 1
    outer loop
      vertex 56.53589838486224 2 10.2
      vertex 56.33173941156521 37.90761115280882 10.2
      vertex 55.278754427521214 36.36832501233121 10.2
    endloop
  endfacet
  facet normal 0 0 1
    outer loop
      vertex 58.230845239123994 3.587490966130753 10.2
      vertex 57.669484098379044 24.40251081963801 10.2
      vertex 56.33173941156521 37.90761115280882 10.2
    endloop
  endfacet
  facet normal 0 0 1
    outer loop
      vertex 57.669484098379044 24.40251081963801 10.2
      vertex 57.67191103707242 24.62498734579766 10.2
      vertex 56.33173941156521 37.90761115280882 10.2
    endloop
  endfacet
  facet normal 0 0 1
    outer loop
      vertex 57.67191103707242 24.62498734579766 10.2
      vertex 57.28179574356193 39.51247007649076 10.2
      vertex 56.33173941156521 37.90761115280882 10.2
    endloop
  endfacet
  facet normal 0 0 1
    outer loop
      vertex 57.67191103707242 24.62498734579766 10.2
      vertex 58.12485513644249 41.176029531083365 10.2
      vertex 57.28179574356193 39.51247007649076 10.2
    endloop
  endfacet
  facet normal 0 0 1
    outer loop
      vertex 57.67191103707242 24.62498734579766 10.2
      vertex 58.42525770635519 41.87946283574183 10.2
      vertex 58.12485513644249 41.176029531083365 10.2
    endloop
  endfacet
  facet normal 0 0 1
    outer loop
      vertex 64.46543894382904 24.32837551171337 10.2
      vertex 66.95816775523011 37.44365127157467 10.2
      vertex 66.1515993459052 39.125206087799135 10.2
    endloop
  endfacet
  facet normal 0 0 1
    outer loop
      vertex 64.46543894382904 24.32837551171337 10.2
      vertex 66.1515993459052 39.125206087799135 10.2
      vertex 65.45673680841104 40.85591266399158 10.2
    endloop
  endfacet
  facet normal 0 0 1
    outer loop
      vertex 64.46543894382904 24.32837551171337 10.2
      vertex 65.45673680841104 40.85591266399158 10.2
      vertex 65.21878561311182 41.58285100165756 10.2
    endloop
  endfacet
  facet normal 0 0 1
    outer loop
      vertex 74.54508131690356 -27.940841245113983 10.2
      vertex 73.91852962474306 28.77122011988227 10.2
      vertex 72.52985441101475 30.01611383007011 10.2
    endloop
  endfacet
  facet normal 0 0 1
    outer loop
      vertex 77.27602844890376 -13.460169929839223 10.2
      vertex 77.26389953034402 -13.238011013614694 10.2
      vertex 73.91852962474306 28.77122011988227 10.2
    endloop
  endfacet
  facet normal 0 0 1
    outer loop
      vertex 77.26389953034402 -13.238011013614694 10.2
      vertex 77.26632646903738 -13.015534487455044 10.2
      vertex 73.91852962474306 28.77122011988227 10.2
    endloop
  endfacet
  facet normal 0 0 1
    outer loop
      vertex 77.26632646903738 -13.015534487455044 10.2
      vertex 77.28329887245981 -12.793693030000506 10.2
      vertex 73.91852962474306 28.77122011988227 10.2
    endloop
  endfacet
  facet normal 0 0 1
    outer loop
      vertex 77.28329887245981 -12.793693030000506 10.2
      vertex 77.31474406217419 -12.573436600429623 10.2
      vertex 73.91852962474306 28.77122011988227 10.2
    endloop
  endfacet
  facet normal 0 0 1
    outer loop
      vertex 77.31474406217419 -12.573436600429623 10.2
      vertex 77.36052738505062 -12.355708370588196 10.2
      vertex 73.91852962474306 28.77122011988227 10.2
    endloop
  endfacet
  facet normal 0 0 1
    outer loop
      vertex 77.58164394649108 -11.726938314578806 10.2
      vertex 78.53681050219434 10.149972536951056 10.2
      vertex 78.46759590795428 10.361422376552959 10.2
    endloop
  endfacet
  facet normal 0 0 1
    outer loop
      vertex 77.68221945301018 -11.528478590171268 10.2
      vertex 78.61970638386032 9.943502278738624 10.2
      vertex 78.53681050219434 10.149972536951056 10.2
    endloop
  endfacet
  facet normal 0 0 1
    outer loop
      vertex 77.49426366685418 -11.931551074332598 10.2
      vertex 78.46759590795428 10.361422376552959 10.2
      vertex 78.41235898865867 10.576946336868781 10.2
    endloop
  endfacet
  facet normal 0 0 1
    outer loop
      vertex 77.42045278987172 -12.141440686182657 10.2
      vertex 78.41235898865867 10.576946336868781 10.2
      vertex 78.37133627727604 10.795621511212616 10.2
    endloop
  endfacet
  facet normal 0 0 1
    outer loop
      vertex 77.36052738505062 -12.355708370588196 10.2
      vertex 78.37133627727604 10.795621511212616 10.2
      vertex 78.3447034393545 11.016511498916293 10.2
    endloop
  endfacet
  facet normal 0 0 1
    outer loop
      vertex 79.50022193510843 -9.968885493825097 10.2
      vertex 78.71592858006048 9.742895739259216 10.2
      vertex 78.61970638386032 9.943502278738624 10.2
    endloop
  endfacet
  facet normal 0 0 1
    outer loop
      vertex 79.50022193510843 -9.968885493825097 10.2
      vertex 79.08015817035063 9.18470121883253 10.2
      vertex 78.94664846228386 9.362681140664774 10.2
    endloop
  endfacet
  facet normal 0 0 1
    outer loop
      vertex 79.50022193510843 -9.968885493825097 10.2
      vertex 79.22502246771201 9.015834318365085 10.2
      vertex 79.08015817035063 9.18470121883253 10.2
    endloop
  endfacet
  facet normal 0 0 1
    outer loop
      vertex 79.50022193510843 -9.968885493825097 10.2
      vertex 79.38062102320671 8.856803553255162 10.2
      vertex 79.22502246771201 9.015834318365085 10.2
    endloop
  endfacet
  facet normal 0 0 1
    outer loop
      vertex 79.50022193510843 -9.968885493825097 10.2
      vertex 78.94664846228386 9.362681140664774 10.2
      vertex 78.82506505257842 9.549011946512557 10.2
    endloop
  endfacet
  facet normal 0 0 1
    outer loop
      vertex 79.50022193510843 -9.968885493825097 10.2
      vertex 78.82506505257842 9.549011946512557 10.2
      vertex 78.71592858006048 9.742895739259216 10.2
    endloop
  endfacet
  facet normal 0 0 1
    outer loop
      vertex 79.50022193510843 -9.968885493825097 10.2
      vertex 80.09640359854052 8.331970054852805 10.2
      vertex 79.90494674448723 8.445310108494521 10.2
    endloop
  endfacet
  facet normal 0 0 1
    outer loop
      vertex 79.50022193510843 -9.968885493825097 10.2
      vertex 79.72131260843025 8.57092936974889 10.2
      vertex 79.5462875399322 8.708289917653806 10.2
    endloop
  endfacet
  facet normal 0 0 1
    outer loop
      vertex 79.50022193510843 -9.968885493825097 10.2
      vertex 79.5462875399322 8.708289917653806 10.2
      vertex 79.38062102320671 8.856803553255162 10.2
    endloop
  endfacet
  facet normal 0 0 1
    outer loop
      vertex 79.50022193510843 -9.968885493825097 10.2
      vertex 79.90494674448723 8.445310108494521 10.2
      vertex 79.72131260843025 8.57092936974889 10.2
    endloop
  endfacet
  facet normal 0 0 1
    outer loop
      vertex 79.50022193510843 -9.968885493825097 10.2
      vertex 80.29486332294806 8.231394548333721 10.2
      vertex 80.09640359854052 8.331970054852805 10.2
    endloop
  endfacet
  facet normal 0 0 1
    outer loop
      vertex 79.71167177471033 -9.899670899585029 10.2
      vertex 80.49947608270185 8.144014268696818 10.2
      vertex 80.29486332294806 8.231394548333721 10.2
    endloop
  endfacet
  facet normal 0 0 1
    outer loop
      vertex 80.81139633945784 -9.767076451118868 10.2
      vertex 80.92363337895745 8.010277986893243 10.2
      vertex 80.7093656945519 8.070203391714358 10.2
    endloop
  endfacet
  facet normal 0 0 1
    outer loop
      vertex 80.81139633945784 -9.767076451118868 10.2
      vertex 80.7093656945519 8.070203391714358 10.2
      vertex 80.49947608270185 8.144014268696818 10.2
    endloop
  endfacet
  facet normal 0 0 1
    outer loop
      vertex 80.81139633945784 -9.767076451118868 10.2
      vertex 81.14136160879886 7.964494664016823 10.2
      vertex 80.92363337895745 8.010277986893243 10.2
    endloop
  endfacet
  facet normal 0 0 1
    outer loop
      vertex 80.81139633945784 -9.767076451118868 10.2
      vertex 81.36161803836976 7.933049474302445 10.2
      vertex 81.14136160879886 7.964494664016823 10.2
    endloop
  endfacet
  facet normal 0 0 1
    outer loop
      vertex 80.81139633945784 -9.767076451118868 10.2
      vertex 81.58345949582429 7.916077070880014 10.2
      vertex 81.36161803836976 7.933049474302445 10.2
    endloop
  endfacet
  facet normal 0 0 1
    outer loop
      vertex 82.4899090907949 -10.296309488733373 10.2
      vertex 82.24898492591214 7.952411888667944 10.2
      vertex 82.02809493820847 7.925779050746396 10.2
    endloop
  endfacet
  facet normal 0 0 1
    outer loop
      vertex 81.03323779691237 -9.784048854541297 10.2
      vertex 81.80593602198394 7.913650132186639 10.2
      vertex 81.58345949582429 7.916077070880014 10.2
    endloop
  endfacet
  facet normal 0 0 1
    outer loop
      vertex 81.25349422648327 -9.815494044255678 10.2
      vertex 82.02809493820847 7.925779050746396 10.2
      vertex 81.80593602198394 7.913650132186639 10.2
    endloop
  endfacet
  facet normal 0 0 1
    outer loop
      vertex 82.4899090907949 -10.296309488733373 10.2
      vertex 82.46766010025598 7.993434600050557 10.2
      vertex 82.24898492591214 7.952411888667944 10.2
    endloop
  endfacet
  facet normal 0 0 1
    outer loop
      vertex 82.4899090907949 -10.296309488733373 10.2
      vertex 82.6831840605718 8.048671519346174 10.2
      vertex 82.46766010025598 7.993434600050557 10.2
    endloop
  endfacet
  facet normal 0 0 1
    outer loop
      vertex 82.4899090907949 -10.296309488733373 10.2
      vertex 82.8946339001737 8.117886113586241 10.2
      vertex 82.6831840605718 8.048671519346174 10.2
    endloop
  endfacet
  facet normal 0 0 1
    outer loop
      vertex 82.4899090907949 -10.296309488733373 10.2
      vertex 83.10110415838614 8.20078199525221 10.2
      vertex 82.8946339001737 8.117886113586241 10.2
    endloop
  endfacet
  facet normal 0 0 1
    outer loop
      vertex 82.4899090907949 -10.296309488733373 10.2
      vertex 83.30171069786554 8.297004191452377 10.2
      vertex 83.10110415838614 8.20078199525221 10.2
    endloop
  endfacet
  facet normal 0 0 1
    outer loop
      vertex 77.36052738505062 -12.355708370588196 10.2
      vertex 78.3447034393545 11.016511498916293 10.2
      vertex 76.92493766292495 26.5668305431059 10.2
    endloop
  endfacet
  facet normal 0 0 1
    outer loop
      vertex 69.86609783685635 -30.993942222546174 10.2
      vertex 68.89214323857317 34.256558312768334 10.2
      vertex 67.87298818663047 35.81844889119829 10.2
    endloop
  endfacet
  facet normal 0 0 1
    outer loop
      vertex 69.86609783685635 -30.993942222546174 10.2
      vertex 70.0112687326623 32.76466779152746 10.2
      vertex 68.89214323857317 34.256558312768334 10.2
    endloop
  endfacet
  facet normal 0 0 1
    outer loop
      vertex 72.91987893652717 -28.855661676514327 10.2
      vertex 71.2255724017209 31.349165831726822 10.2
      vertex 70.0112687326623 32.76466779152746 10.2
    endloop
  endfacet
  facet normal 0 0 1
    outer loop
      vertex 69.86609783685635 -30.993942222546174 10.2
      vertex 67.87298818663047 35.81844889119829 10.2
      vertex 66.95816775523011 37.44365127157467 10.2
    endloop
  endfacet
  facet normal 0 0 1
    outer loop
      vertex 74.54508131690356 -27.940841245113983 10.2
      vertex 72.52985441101475 30.01611383007011 10.2
      vertex 71.2255724017209 31.349165831726822 10.2
    endloop
  endfacet
  facet normal 0 0 1
    outer loop
      vertex 77.36052738505062 -12.355708370588196 10.2
      vertex 75.38565152244733 27.61981552714989 10.2
      vertex 73.91852962474306 28.77122011988227 10.2
    endloop
  endfacet
  facet normal 0 0 1
    outer loop
      vertex 77.36052738505062 -12.355708370588196 10.2
      vertex 76.92493766292495 26.5668305431059 10.2
      vertex 75.38565152244733 27.61981552714989 10.2
    endloop
  endfacet
  facet normal 0 0 1
    outer loop
      vertex 78.3447034393545 11.016511498916293 10.2
      vertex 78.33257452079474 11.238670415140822 10.2
      vertex 76.92493766292495 26.5668305431059 10.2
    endloop
  endfacet
  facet normal 0 0 1
    outer loop
      vertex 78.33257452079474 11.238670415140822 10.2
      vertex 78.33500145948813 11.461146941300473 10.2
      vertex 76.92493766292495 26.5668305431059 10.2
    endloop
  endfacet
  facet normal 0 0 1
    outer loop
      vertex 78.33500145948813 11.461146941300473 10.2
      vertex 78.35197386291054 11.68298839875501 10.2
      vertex 76.92493766292495 26.5668305431059 10.2
    endloop
  endfacet
  facet normal 0 0 1
    outer loop
      vertex 78.35197386291054 11.68298839875501 10.2
      vertex 78.38341905262493 11.903244828325896 10.2
      vertex 76.92493766292495 26.5668305431059 10.2
    endloop
  endfacet
  facet normal 0 0 1
    outer loop
      vertex 78.38341905262493 11.903244828325896 10.2
      vertex 78.42920237550135 12.12097305816732 10.2
      vertex 76.92493766292495 26.5668305431059 10.2
    endloop
  endfacet
  facet normal 0 0 1
    outer loop
      vertex 78.42920237550135 12.12097305816732 10.2
      vertex 78.48912778032246 12.33524074257286 10.2
      vertex 76.92493766292495 26.5668305431059 10.2
    endloop
  endfacet
  facet normal 0 0 1
    outer loop
      vertex 78.48912778032246 12.33524074257286 10.2
      vertex 78.56293865730491 12.545130354422916 10.2
      vertex 76.92493766292495 26.5668305431059 10.2
    endloop
  endfacet
  facet normal 0 0 1
    outer loop
      vertex 78.56293865730491 12.545130354422916 10.2
      vertex 78.65031893694183 12.74974311417671 10.2
      vertex 76.92493766292495 26.5668305431059 10.2
    endloop
  endfacet
  facet normal 0 0 1
    outer loop
      vertex 78.65031893694183 12.74974311417671 10.2
      vertex 78.75089444346091 12.94820283858425 10.2
      vertex 76.92493766292495 26.5668305431059 10.2
    endloop
  endfacet
  facet normal 0 0 1
    outer loop
      vertex 78.75089444346091 12.94820283858425 10.2
      vertex 78.86423449710261 13.139659692637533 10.2
      vertex 76.92493766292495 26.5668305431059 10.2
    endloop
  endfacet
  facet normal 0 0 1
    outer loop
      vertex 78.86423449710261 13.139659692637533 10.2
      vertex 78.98985375835699 13.32329382869451 10.2
      vertex 76.92493766292495 26.5668305431059 10.2
    endloop
  endfacet
  facet normal 0 0 1
    outer loop
      vertex 78.98985375835699 13.32329382869451 10.2
      vertex 79.1272143062619 13.498318897192565 10.2
      vertex 76.92493766292495 26.5668305431059 10.2
    endloop
  endfacet
  facet normal 0 0 1
    outer loop
      vertex 79.1272143062619 13.498318897192565 10.2
      vertex 79.27572794186327 13.663985413918047 10.2
      vertex 76.92493766292495 26.5668305431059 10.2
    endloop
  endfacet
  facet normal 0 0 1
    outer loop
      vertex 79.27572794186327 13.663985413918047 10.2
      vertex 79.43475870697318 13.819583969412752 10.2
      vertex 78.52979658660689 25.616774211109174 10.2
    endloop
  endfacet
  facet normal 0 0 1
    outer loop
      vertex 78.52979658660689 25.616774211109174 10.2
      vertex 79.43475870697318 13.819583969412752 10.2
      vertex 79.60362560744063 13.964448266774129 10.2
    endloop
  endfacet
  facet normal 0 0 1
    outer loop
      vertex 78.52979658660689 25.616774211109174 10.2
      vertex 79.60362560744063 13.964448266774129 10.2
      vertex 79.78160552927288 14.097957974840902 10.2
    endloop
  endfacet
  facet normal 0 0 1
    outer loop
      vertex 78.52979658660689 25.616774211109174 10.2
      vertex 79.78160552927288 14.097957974840902 10.2
      vertex 79.96793633512065 14.21954138454635 10.2
    endloop
  endfacet
  facet normal 0 0 1
    outer loop
      vertex 78.52979658660689 25.616774211109174 10.2
      vertex 79.96793633512065 14.21954138454635 10.2
      vertex 80.16182012786732 14.328677857064285 10.2
    endloop
  endfacet
  facet normal 0 0 1
    outer loop
      vertex 80.16182012786732 14.328677857064285 10.2
      vertex 83.66786121493764 23.42255365244867 10.2
      vertex 81.90849240972393 24.04126247421339 10.2
    endloop
  endfacet
  facet normal 0 0 1
    outer loop
      vertex 80.16182012786732 14.328677857064285 10.2
      vertex 85.4639285695135 22.92023775909519 10.2
      vertex 83.66786121493764 23.42255365244867 10.2
    endloop
  endfacet
  facet normal 0 0 1
    outer loop
      vertex 83.30171069786554 8.297004191452377 10.2
      vertex 91.61228765557536 0.4855426913608303 10.2
      vertex 91.87587233406354 2.3318098215873544 10.2
    endloop
  endfacet
  facet normal 0 0 1
    outer loop
      vertex 83.30171069786554 8.297004191452377 10.2
      vertex 91.87587233406354 2.3318098215873544 10.2
      vertex 92.25964430523352 4.156884689375772 10.2
    endloop
  endfacet
  facet normal 0 0 1
    outer loop
      vertex 83.30171069786554 8.297004191452377 10.2
      vertex 92.25964430523352 4.156884689375772 10.2
      vertex 92.76196019858699 5.9529520439516235 10.2
    endloop
  endfacet
  facet normal 0 0 1
    outer loop
      vertex 83.30171069786554 8.297004191452377 10.2
      vertex 92.76196019858699 5.9529520439516235 10.2
      vertex 93.38066902035172 7.712320849165337 10.2
    endloop
  endfacet
  facet normal 0 0 1
    outer loop
      vertex 83.30171069786554 8.297004191452377 10.2
      vertex 93.38066902035172 7.712320849165337 10.2
      vertex 94.11312136436695 9.427457217689774 10.2
    endloop
  endfacet
  facet normal 0 0 1
    outer loop
      vertex 83.30171069786554 8.297004191452377 10.2
      vertex 94.11312136436695 9.427457217689774 10.2
      vertex 94.95618075724751 11.091016672282388 10.2
    endloop
  endfacet
  facet normal 0 0 1
    outer loop
      vertex 80.16182012786732 14.328677857064285 10.2
      vertex 87.28900343730191 22.536465787925213 10.2
      vertex 85.4639285695135 22.92023775909519 10.2
    endloop
  endfacet
  facet normal 0 0 1
    outer loop
      vertex 80.16182012786732 14.328677857064285 10.2
      vertex 90.99482396089735 22.130612433690196 10.2
      vertex 89.13527056752844 22.272881109437037 10.2
    endloop
  endfacet
  facet normal 0 0 1
    outer loop
      vertex 80.16182012786732 14.328677857064285 10.2
      vertex 89.13527056752844 22.272881109437037 10.2
      vertex 87.28900343730191 22.536465787925213 10.2
    endloop
  endfacet
  facet normal 0 0 1
    outer loop
      vertex 80.16182012786732 14.328677857064285 10.2
      vertex 92.85970072429443 22.110268976995734 10.2
      vertex 90.99482396089735 22.130612433690196 10.2
    endloop
  endfacet
  facet normal 0 0 1
    outer loop
      vertex 80.16182012786732 14.328677857064285 10.2
      vertex 94.7219151691177 22.211937853158396 10.2
      vertex 92.85970072429443 22.110268976995734 10.2
    endloop
  endfacet
  facet normal 0 0 1
    outer loop
      vertex 80.16182012786732 14.328677857064285 10.2
      vertex 95.4813075657763 22.3034982485811 10.2
      vertex 94.7219151691177 22.211937853158396 10.2
    endloop
  endfacet
  facet normal 0 0 1
    outer loop
      vertex 83.30171069786554 8.297004191452377 10.2
      vertex 94.95618075724751 11.091016672282388 10.2
      vertex 95.90623708924423 12.69587559596432 10.2
    endloop
  endfacet
  facet normal 0 0 1
    outer loop
      vertex 83.30171069786554 8.297004191452377 10.2
      vertex 95.90623708924423 12.69587559596432 10.2
      vertex 96.95922207328822 14.235161736441936 10.2
    endloop
  endfacet
  facet normal 0 0 1
    outer loop
      vertex 83.30171069786554 8.297004191452377 10.2
      vertex 96.95922207328822 14.235161736441936 10.2
      vertex 98.1106266660206 15.702283634146209 10.2
    endloop
  endfacet
  facet normal 0 0 1
    outer loop
      vertex 83.30171069786554 8.297004191452377 10.2
      vertex 98.1106266660206 15.702283634146209 10.2
      vertex 98.62119813577455 16.27182458296919 10.2
    endloop
  endfacet
  facet normal 0 0 1
    outer loop
      vertex 79.27572794186327 13.663985413918047 10.2
      vertex 78.52979658660689 25.616774211109174 10.2
      vertex 76.92493766292495 26.5668305431059 10.2
    endloop
  endfacet
  facet normal 0 0 1
    outer loop
      vertex 78.52979658660689 25.616774211109174 10.2
      vertex 80.16182012786732 14.328677857064285 10.2
      vertex 80.1933560411995 24.773714818228623 10.2
    endloop
  endfacet
  facet normal 0 0 1
    outer loop
      vertex 80.16182012786732 14.328677857064285 10.2
      vertex 81.90849240972393 24.04126247421339 10.2
      vertex 80.1933560411995 24.773714818228623 10.2
    endloop
  endfacet
  facet normal 0.881921264348362 0.4713967368259846 0
    outer loop
      vertex 56.53589838486224 -2 4.2
      vertex 56.41250903386925 -1.7691547608760052 4.2
      vertex 56.41250903386925 -1.7691547608760052 10.2
    endloop
  endfacet
  facet normal 0.9108638249211769 0.4127070298043922 0
    outer loop
      vertex 56.304481869954856 -1.5307337294603591 4.2
      vertex 56.304481869954856 -1.5307337294603591 10.2
      vertex 56.41250903386925 -1.7691547608760052 4.2
    endloop
  endfacet
  facet normal 0.9359059267573193 0.35225004792125036 0
    outer loop
      vertex 56.304481869954856 -1.5307337294603591 4.2
      vertex 56.212279482019575 -1.2857578612126463 4.2
      vertex 56.212279482019575 -1.2857578612126463 10.2
    endloop
  endfacet
  facet normal 0.9569403357322136 0.29028467725444673 0
    outer loop
      vertex 56.212279482019575 -1.2857578612126463 4.2
      vertex 56.13629669484373 -1.035276180410083 4.2
      vertex 56.13629669484373 -1.035276180410083 10.2
    endloop
  endfacet
  facet normal 0.9738769792773319 0.2270762630343806 0
    outer loop
      vertex 56.07685887838708 -0.780361288064513 4.2
      vertex 56.07685887838708 -0.780361288064513 10.2
      vertex 56.13629669484373 -1.035276180410083 4.2
    endloop
  endfacet
  facet normal 0.9866433320848776 0.16289547339459684 0
    outer loop
      vertex 56.07685887838708 -0.780361288064513 4.2
      vertex 56.034220554504756 -0.5221047688802063 4.2
      vertex 56.034220554504756 -0.5221047688802063 10.2
    endloop
  endfacet
  facet normal 0.9951847266721987 0.09801714032954216 0
    outer loop
      vertex 56.034220554504756 -0.5221047688802063 4.2
      vertex 56.00856430704559 -0.26161251692057225 4.2
      vertex 56.00856430704559 -0.26161251692057225 10.2
    endloop
  endfacet
  facet normal 0.9994645874763654 0.03271908282178674 0
    outer loop
      vertex 56.00856430704559 -0.26161251692057225 4.2
      vertex 56 0 4.2
      vertex 56 0 10.2
    endloop
  endfacet
  facet normal 0.729864072697846 0.6835923020228604 0
    outer loop
      vertex 56.992640770084094 -2.6373832604002754 4.2
      vertex 56.992640770084094 -2.6373832604002754 10.2
      vertex 57.17157287525381 -2.8284271247461903 4.2
    endloop
  endfacet
  facet normal 0.683592302022871 0.7298640726978358 0
    outer loop
      vertex 57.17157287525381 -2.8284271247461903 4.2
      vertex 57.17157287525381 -2.8284271247461903 10.2
      vertex 57.36261673959972 -3.0073592299159095 4.2
    endloop
  endfacet
  facet normal 0.5280678506503739 0.8492021815265752 0
    outer loop
      vertex 57.777719067921595 -3.325878449210181 4.2
      vertex 57.777719067921595 -3.325878449210181 10.2
      vertex 58 -3.4641016151377544 4.2
    endloop
  endfacet
  facet normal 0.41270702980439283 0.9108638249211767 0
    outer loop
      vertex 58.46926627053964 -3.695518130045147 4.2
      vertex 58.230845239123994 -3.587490966130753 4.2
      vertex 58.230845239123994 -3.587490966130753 10.2
    endloop
  endfacet
  facet normal 0.4713967368259992 0.8819212643483542 0
    outer loop
      vertex 58 -3.4641016151377544 4.2
      vertex 58 -3.4641016151377544 10.2
      vertex 58.230845239123994 -3.587490966130753 4.2
    endloop
  endfacet
  facet normal 0.5824776968677904 0.8128466845916236 0
    outer loop
      vertex 57.564954283965115 -3.1734133611649407 4.2
      vertex 57.564954283965115 -3.1734133611649407 10.2
      vertex 57.777719067921595 -3.325878449210181 4.2
    endloop
  endfacet
  facet normal 0.6343932841636476 0.7730104533627352 0
    outer loop
      vertex 57.36261673959972 -3.0073592299159095 4.2
      vertex 57.36261673959972 -3.0073592299159095 10.2
      vertex 57.564954283965115 -3.1734133611649407 4.2
    endloop
  endfacet
  facet normal 0.16289547339458818 0.9866433320848792 0
    outer loop
      vertex 59.477895231119795 -3.9657794454952415 4.2
      vertex 59.21963871193549 -3.9231411216129217 4.2
      vertex 59.21963871193549 -3.9231411216129217 10.2
    endloop
  endfacet
  facet normal 0.09801714032956108 0.9951847266721968 0
    outer loop
      vertex 59.477895231119795 -3.9657794454952415 4.2
      vertex 59.477895231119795 -3.9657794454952415 10.2
      vertex 59.73838748307943 -3.991435692954414 4.2
    endloop
  endfacet
  facet normal 0.03271908282177664 0.9994645874763656 0
    outer loop
      vertex 59.73838748307943 -3.991435692954414 4.2
      vertex 59.73838748307943 -3.991435692954414 10.2
      vertex 60 -4 4.2
    endloop
  endfacet
  facet normal -0.03271908282177664 0.9994645874763656 0
    outer loop
      vertex 60 -4 4.2
      vertex 60 -4 10.2
      vertex 60.26161251692057 -3.991435692954414 4.2
    endloop
  endfacet
  facet normal 0.3522500479212326 0.935905926757326 0
    outer loop
      vertex 58.46926627053964 -3.695518130045147 4.2
      vertex 58.46926627053964 -3.695518130045147 10.2
      vertex 58.714242138787355 -3.7877205179804228 4.2
    endloop
  endfacet
  facet normal 0.2902846772544604 0.9569403357322094 0
    outer loop
      vertex 58.714242138787355 -3.7877205179804228 4.2
      vertex 58.714242138787355 -3.7877205179804228 10.2
      vertex 58.96472381958992 -3.8637033051562732 4.2
    endloop
  endfacet
  facet normal 0.22707626303437464 0.9738769792773333 0
    outer loop
      vertex 58.96472381958992 -3.8637033051562732 4.2
      vertex 58.96472381958992 -3.8637033051562732 10.2
      vertex 59.21963871193549 -3.9231411216129217 4.2
    endloop
  endfacet
  facet normal 0.7730104533627316 0.634393284163652 0
    outer loop
      vertex 56.992640770084094 -2.6373832604002754 4.2
      vertex 56.82658663883506 -2.4350457160348826 4.2
      vertex 56.82658663883506 -2.4350457160348826 10.2
    endloop
  endfacet
  facet normal 0.8128466845916164 0.5824776968678006 0
    outer loop
      vertex 56.67412155078982 -2.2222809320784087 4.2
      vertex 56.67412155078982 -2.2222809320784087 10.2
      vertex 56.82658663883506 -2.4350457160348826 4.2
    endloop
  endfacet
  facet normal 0.8492021815265721 0.5280678506503788 0
    outer loop
      vertex 56.67412155078982 -2.2222809320784087 4.2
      vertex 56.53589838486224 -2 4.2
      vertex 56.53589838486224 -2 10.2
    endloop
  endfacet
  facet normal -0.09801714032956108 0.9951847266721968 0
    outer loop
      vertex 60.26161251692057 -3.991435692954414 4.2
      vertex 60.26161251692057 -3.991435692954414 10.2
      vertex 60.522104768880205 -3.9657794454952415 4.2
    endloop
  endfacet
  facet normal -0.16289547339458818 0.9866433320848792 0
    outer loop
      vertex 60.522104768880205 -3.9657794454952415 4.2
      vertex 60.522104768880205 -3.9657794454952415 10.2
      vertex 60.78036128806451 -3.9231411216129217 4.2
    endloop
  endfacet
  facet normal -0.22707626303437464 0.9738769792773333 0
    outer loop
      vertex 60.78036128806451 -3.9231411216129217 4.2
      vertex 60.78036128806451 -3.9231411216129217 10.2
      vertex 61.03527618041008 -3.8637033051562732 4.2
    endloop
  endfacet
  facet normal -0.2902846772544604 0.9569403357322094 0
    outer loop
      vertex 61.03527618041008 -3.8637033051562732 4.2
      vertex 61.03527618041008 -3.8637033051562732 10.2
      vertex 61.285757861212645 -3.7877205179804228 4.2
    endloop
  endfacet
  facet normal -0.3522500479212326 0.935905926757326 0
    outer loop
      vertex 61.285757861212645 -3.7877205179804228 4.2
      vertex 61.285757861212645 -3.7877205179804228 10.2
      vertex 61.53073372946036 -3.695518130045147 4.2
    endloop
  endfacet
  facet normal -0.41270702980439283 0.9108638249211767 0
    outer loop
      vertex 61.53073372946036 -3.695518130045147 4.2
      vertex 61.53073372946036 -3.695518130045147 10.2
      vertex 61.769154760876006 -3.587490966130753 4.2
    endloop
  endfacet
  facet normal -0.4713967368259992 0.8819212643483542 0
    outer loop
      vertex 61.769154760876006 -3.587490966130753 4.2
      vertex 61.769154760876006 -3.587490966130753 10.2
      vertex 62 -3.4641016151377544 4.2
    endloop
  endfacet
  facet normal -0.5280678506503739 0.8492021815265752 0
    outer loop
      vertex 62 -3.4641016151377544 4.2
      vertex 62 -3.4641016151377544 10.2
      vertex 62.222280932078405 -3.325878449210181 4.2
    endloop
  endfacet
  facet normal -0.5824776968677904 0.8128466845916236 0
    outer loop
      vertex 62.222280932078405 -3.325878449210181 4.2
      vertex 62.222280932078405 -3.325878449210181 10.2
      vertex 62.435045716034885 -3.1734133611649407 4.2
    endloop
  endfacet
  facet normal -0.6343932841636476 0.7730104533627352 0
    outer loop
      vertex 62.435045716034885 -3.1734133611649407 4.2
      vertex 62.435045716034885 -3.1734133611649407 10.2
      vertex 62.63738326040028 -3.0073592299159095 4.2
    endloop
  endfacet
  facet normal -0.683592302022871 0.7298640726978358 0
    outer loop
      vertex 62.63738326040028 -3.0073592299159095 4.2
      vertex 62.63738326040028 -3.0073592299159095 10.2
      vertex 62.82842712474619 -2.8284271247461903 4.2
    endloop
  endfacet
  facet normal -0.729864072697846 0.6835923020228604 0
    outer loop
      vertex 62.82842712474619 -2.8284271247461903 4.2
      vertex 62.82842712474619 -2.8284271247461903 10.2
      vertex 63.007359229915906 -2.6373832604002754 4.2
    endloop
  endfacet
  facet normal -0.7730104533627316 0.634393284163652 0
    outer loop
      vertex 63.007359229915906 -2.6373832604002754 4.2
      vertex 63.007359229915906 -2.6373832604002754 10.2
      vertex 63.17341336116494 -2.4350457160348826 4.2
    endloop
  endfacet
  facet normal -0.8128466845916164 0.5824776968678006 0
    outer loop
      vertex 63.17341336116494 -2.4350457160348826 4.2
      vertex 63.17341336116494 -2.4350457160348826 10.2
      vertex 63.32587844921018 -2.2222809320784087 4.2
    endloop
  endfacet
  facet normal -0.8492021815265721 0.5280678506503788 0
    outer loop
      vertex 63.32587844921018 -2.2222809320784087 4.2
      vertex 63.32587844921018 -2.2222809320784087 10.2
      vertex 63.46410161513776 -2 4.2
    endloop
  endfacet
  facet normal -0.881921264348362 0.4713967368259846 0
    outer loop
      vertex 63.46410161513776 -2 4.2
      vertex 63.46410161513776 -2 10.2
      vertex 63.58749096613075 -1.7691547608760052 4.2
    endloop
  endfacet
  facet normal -0.9108638249211769 0.4127070298043922 0
    outer loop
      vertex 63.58749096613075 -1.7691547608760052 4.2
      vertex 63.58749096613075 -1.7691547608760052 10.2
      vertex 63.695518130045144 -1.5307337294603591 4.2
    endloop
  endfacet
  facet normal -0.9359059267573193 0.35225004792125036 0
    outer loop
      vertex 63.695518130045144 -1.5307337294603591 4.2
      vertex 63.695518130045144 -1.5307337294603591 10.2
      vertex 63.787720517980425 -1.2857578612126463 4.2
    endloop
  endfacet
  facet normal -0.9569403357322136 0.29028467725444673 0
    outer loop
      vertex 63.787720517980425 -1.2857578612126463 4.2
      vertex 63.787720517980425 -1.2857578612126463 10.2
      vertex 63.86370330515627 -1.035276180410083 4.2
    endloop
  endfacet
  facet normal -0.9738769792773319 0.2270762630343806 0
    outer loop
      vertex 63.86370330515627 -1.035276180410083 4.2
      vertex 63.86370330515627 -1.035276180410083 10.2
      vertex 63.92314112161292 -0.780361288064513 4.2
    endloop
  endfacet
  facet normal -0.9866433320848776 0.16289547339459684 0
    outer loop
      vertex 63.92314112161292 -0.780361288064513 4.2
      vertex 63.92314112161292 -0.780361288064513 10.2
      vertex 63.965779445495244 -0.5221047688802063 4.2
    endloop
  endfacet
  facet normal -0.9951847266721987 0.09801714032954216 0
    outer loop
      vertex 63.965779445495244 -0.5221047688802063 4.2
      vertex 63.965779445495244 -0.5221047688802063 10.2
      vertex 63.99143569295441 -0.26161251692057225 4.2
    endloop
  endfacet
  facet normal -0.9994645874763654 0.03271908282178674 0
    outer loop
      vertex 63.99143569295441 -0.26161251692057225 4.2
      vertex 63.99143569295441 -0.26161251692057225 10.2
      vertex 64 0 4.2
    endloop
  endfacet
  facet normal 0.9108638249211769 0.4127070298043922 0
    outer loop
      vertex 56.41250903386925 -1.7691547608760052 4.2
      vertex 56.304481869954856 -1.5307337294603591 10.2
      vertex 56.41250903386925 -1.7691547608760052 10.2
    endloop
  endfacet
  facet normal 0.9359059267573193 0.35225004792125036 0
    outer loop
      vertex 56.304481869954856 -1.5307337294603591 4.2
      vertex 56.212279482019575 -1.2857578612126463 10.2
      vertex 56.304481869954856 -1.5307337294603591 10.2
    endloop
  endfacet
  facet normal 0.9569403357322136 0.29028467725444673 0
    outer loop
      vertex 56.212279482019575 -1.2857578612126463 4.2
      vertex 56.13629669484373 -1.035276180410083 10.2
      vertex 56.212279482019575 -1.2857578612126463 10.2
    endloop
  endfacet
  facet normal 0.9738769792773319 0.2270762630343806 0
    outer loop
      vertex 56.13629669484373 -1.035276180410083 4.2
      vertex 56.07685887838708 -0.780361288064513 10.2
      vertex 56.13629669484373 -1.035276180410083 10.2
    endloop
  endfacet
  facet normal 0.9866433320848776 0.16289547339459684 0
    outer loop
      vertex 56.07685887838708 -0.780361288064513 4.2
      vertex 56.034220554504756 -0.5221047688802063 10.2
      vertex 56.07685887838708 -0.780361288064513 10.2
    endloop
  endfacet
  facet normal 0.9951847266721987 0.09801714032954216 0
    outer loop
      vertex 56.034220554504756 -0.5221047688802063 4.2
      vertex 56.00856430704559 -0.26161251692057225 10.2
      vertex 56.034220554504756 -0.5221047688802063 10.2
    endloop
  endfacet
  facet normal 0.9994645874763654 0.03271908282178674 0
    outer loop
      vertex 56.00856430704559 -0.26161251692057225 4.2
      vertex 56 0 10.2
      vertex 56.00856430704559 -0.26161251692057225 10.2
    endloop
  endfacet
  facet normal 0.683592302022871 0.7298640726978358 0
    outer loop
      vertex 57.36261673959972 -3.0073592299159095 4.2
      vertex 57.17157287525381 -2.8284271247461903 10.2
      vertex 57.36261673959972 -3.0073592299159095 10.2
    endloop
  endfacet
  facet normal 0.729864072697846 0.6835923020228604 0
    outer loop
      vertex 57.17157287525381 -2.8284271247461903 4.2
      vertex 56.992640770084094 -2.6373832604002754 10.2
      vertex 57.17157287525381 -2.8284271247461903 10.2
    endloop
  endfacet
  facet normal 0.5824776968677904 0.8128466845916236 0
    outer loop
      vertex 57.777719067921595 -3.325878449210181 4.2
      vertex 57.564954283965115 -3.1734133611649407 10.2
      vertex 57.777719067921595 -3.325878449210181 10.2
    endloop
  endfacet
  facet normal 0.5280678506503739 0.8492021815265752 0
    outer loop
      vertex 58 -3.4641016151377544 4.2
      vertex 57.777719067921595 -3.325878449210181 10.2
      vertex 58 -3.4641016151377544 10.2
    endloop
  endfacet
  facet normal 0.4713967368259992 0.8819212643483542 0
    outer loop
      vertex 58.230845239123994 -3.587490966130753 4.2
      vertex 58 -3.4641016151377544 10.2
      vertex 58.230845239123994 -3.587490966130753 10.2
    endloop
  endfacet
  facet normal 0.6343932841636476 0.7730104533627352 0
    outer loop
      vertex 57.564954283965115 -3.1734133611649407 4.2
      vertex 57.36261673959972 -3.0073592299159095 10.2
      vertex 57.564954283965115 -3.1734133611649407 10.2
    endloop
  endfacet
  facet normal 0.16289547339458818 0.9866433320848792 0
    outer loop
      vertex 59.477895231119795 -3.9657794454952415 4.2
      vertex 59.21963871193549 -3.9231411216129217 10.2
      vertex 59.477895231119795 -3.9657794454952415 10.2
    endloop
  endfacet
  facet normal 0.09801714032956108 0.9951847266721968 0
    outer loop
      vertex 59.73838748307943 -3.991435692954414 4.2
      vertex 59.477895231119795 -3.9657794454952415 10.2
      vertex 59.73838748307943 -3.991435692954414 10.2
    endloop
  endfacet
  facet normal 0.03271908282177664 0.9994645874763656 0
    outer loop
      vertex 59.73838748307943 -3.991435692954414 10.2
      vertex 60 -4 10.2
      vertex 60 -4 4.2
    endloop
  endfacet
  facet normal -0.03271908282177664 0.9994645874763656 0
    outer loop
      vertex 60.26161251692057 -3.991435692954414 4.2
      vertex 60 -4 10.2
      vertex 60.26161251692057 -3.991435692954414 10.2
    endloop
  endfacet
  facet normal 0.41270702980439283 0.9108638249211767 0
    outer loop
      vertex 58.46926627053964 -3.695518130045147 4.2
      vertex 58.230845239123994 -3.587490966130753 10.2
      vertex 58.46926627053964 -3.695518130045147 10.2
    endloop
  endfacet
  facet normal 0.3522500479212326 0.935905926757326 0
    outer loop
      vertex 58.714242138787355 -3.7877205179804228 4.2
      vertex 58.46926627053964 -3.695518130045147 10.2
      vertex 58.714242138787355 -3.7877205179804228 10.2
    endloop
  endfacet
  facet normal 0.2902846772544604 0.9569403357322094 0
    outer loop
      vertex 58.96472381958992 -3.8637033051562732 4.2
      vertex 58.714242138787355 -3.7877205179804228 10.2
      vertex 58.96472381958992 -3.8637033051562732 10.2
    endloop
  endfacet
  facet normal 0.22707626303437464 0.9738769792773333 0
    outer loop
      vertex 59.21963871193549 -3.9231411216129217 4.2
      vertex 58.96472381958992 -3.8637033051562732 10.2
      vertex 59.21963871193549 -3.9231411216129217 10.2
    endloop
  endfacet
  facet normal 0.7730104533627316 0.634393284163652 0
    outer loop
      vertex 56.992640770084094 -2.6373832604002754 4.2
      vertex 56.82658663883506 -2.4350457160348826 10.2
      vertex 56.992640770084094 -2.6373832604002754 10.2
    endloop
  endfacet
  facet normal 0.8128466845916164 0.5824776968678006 0
    outer loop
      vertex 56.82658663883506 -2.4350457160348826 4.2
      vertex 56.67412155078982 -2.2222809320784087 10.2
      vertex 56.82658663883506 -2.4350457160348826 10.2
    endloop
  endfacet
  facet normal 0.8492021815265721 0.5280678506503788 0
    outer loop
      vertex 56.67412155078982 -2.2222809320784087 4.2
      vertex 56.53589838486224 -2 10.2
      vertex 56.67412155078982 -2.2222809320784087 10.2
    endloop
  endfacet
  facet normal 0.881921264348362 0.4713967368259846 0
    outer loop
      vertex 56.53589838486224 -2 4.2
      vertex 56.41250903386925 -1.7691547608760052 10.2
      vertex 56.53589838486224 -2 10.2
    endloop
  endfacet
  facet normal -0.09801714032956108 0.9951847266721968 0
    outer loop
      vertex 60.522104768880205 -3.9657794454952415 4.2
      vertex 60.26161251692057 -3.991435692954414 10.2
      vertex 60.522104768880205 -3.9657794454952415 10.2
    endloop
  endfacet
  facet normal -0.16289547339458818 0.9866433320848792 0
    outer loop
      vertex 60.78036128806451 -3.9231411216129217 4.2
      vertex 60.522104768880205 -3.9657794454952415 10.2
      vertex 60.78036128806451 -3.9231411216129217 10.2
    endloop
  endfacet
  facet normal -0.22707626303437464 0.9738769792773333 0
    outer loop
      vertex 61.03527618041008 -3.8637033051562732 4.2
      vertex 60.78036128806451 -3.9231411216129217 10.2
      vertex 61.03527618041008 -3.8637033051562732 10.2
    endloop
  endfacet
  facet normal -0.2902846772544604 0.9569403357322094 0
    outer loop
      vertex 61.285757861212645 -3.7877205179804228 4.2
      vertex 61.03527618041008 -3.8637033051562732 10.2
      vertex 61.285757861212645 -3.7877205179804228 10.2
    endloop
  endfacet
  facet normal -0.3522500479212326 0.935905926757326 0
    outer loop
      vertex 61.53073372946036 -3.695518130045147 4.2
      vertex 61.285757861212645 -3.7877205179804228 10.2
      vertex 61.53073372946036 -3.695518130045147 10.2
    endloop
  endfacet
  facet normal -0.41270702980439283 0.9108638249211767 0
    outer loop
      vertex 61.769154760876006 -3.587490966130753 4.2
      vertex 61.53073372946036 -3.695518130045147 10.2
      vertex 61.769154760876006 -3.587490966130753 10.2
    endloop
  endfacet
  facet normal -0.4713967368259992 0.8819212643483542 0
    outer loop
      vertex 62 -3.4641016151377544 4.2
      vertex 61.769154760876006 -3.587490966130753 10.2
      vertex 62 -3.4641016151377544 10.2
    endloop
  endfacet
  facet normal -0.5280678506503739 0.8492021815265752 0
    outer loop
      vertex 62.222280932078405 -3.325878449210181 4.2
      vertex 62 -3.4641016151377544 10.2
      vertex 62.222280932078405 -3.325878449210181 10.2
    endloop
  endfacet
  facet normal -0.5824776968677904 0.8128466845916236 0
    outer loop
      vertex 62.435045716034885 -3.1734133611649407 4.2
      vertex 62.222280932078405 -3.325878449210181 10.2
      vertex 62.435045716034885 -3.1734133611649407 10.2
    endloop
  endfacet
  facet normal -0.6343932841636476 0.7730104533627352 0
    outer loop
      vertex 62.63738326040028 -3.0073592299159095 4.2
      vertex 62.435045716034885 -3.1734133611649407 10.2
      vertex 62.63738326040028 -3.0073592299159095 10.2
    endloop
  endfacet
  facet normal -0.683592302022871 0.7298640726978358 0
    outer loop
      vertex 62.82842712474619 -2.8284271247461903 4.2
      vertex 62.63738326040028 -3.0073592299159095 10.2
      vertex 62.82842712474619 -2.8284271247461903 10.2
    endloop
  endfacet
  facet normal -0.729864072697846 0.6835923020228604 0
    outer loop
      vertex 63.007359229915906 -2.6373832604002754 4.2
      vertex 62.82842712474619 -2.8284271247461903 10.2
      vertex 63.007359229915906 -2.6373832604002754 10.2
    endloop
  endfacet
  facet normal -0.7730104533627316 0.634393284163652 0
    outer loop
      vertex 63.17341336116494 -2.4350457160348826 4.2
      vertex 63.007359229915906 -2.6373832604002754 10.2
      vertex 63.17341336116494 -2.4350457160348826 10.2
    endloop
  endfacet
  facet normal -0.8128466845916164 0.5824776968678006 0
    outer loop
      vertex 63.32587844921018 -2.2222809320784087 4.2
      vertex 63.17341336116494 -2.4350457160348826 10.2
      vertex 63.32587844921018 -2.2222809320784087 10.2
    endloop
  endfacet
  facet normal -0.8492021815265721 0.5280678506503788 0
    outer loop
      vertex 63.46410161513776 -2 4.2
      vertex 63.32587844921018 -2.2222809320784087 10.2
      vertex 63.46410161513776 -2 10.2
    endloop
  endfacet
  facet normal -0.881921264348362 0.4713967368259846 0
    outer loop
      vertex 63.58749096613075 -1.7691547608760052 4.2
      vertex 63.46410161513776 -2 10.2
      vertex 63.58749096613075 -1.7691547608760052 10.2
    endloop
  endfacet
  facet normal -0.9108638249211769 0.4127070298043922 0
    outer loop
      vertex 63.695518130045144 -1.5307337294603591 4.2
      vertex 63.58749096613075 -1.7691547608760052 10.2
      vertex 63.695518130045144 -1.5307337294603591 10.2
    endloop
  endfacet
  facet normal -0.9359059267573193 0.35225004792125036 0
    outer loop
      vertex 63.787720517980425 -1.2857578612126463 4.2
      vertex 63.695518130045144 -1.5307337294603591 10.2
      vertex 63.787720517980425 -1.2857578612126463 10.2
    endloop
  endfacet
  facet normal -0.9569403357322136 0.29028467725444673 0
    outer loop
      vertex 63.86370330515627 -1.035276180410083 4.2
      vertex 63.787720517980425 -1.2857578612126463 10.2
      vertex 63.86370330515627 -1.035276180410083 10.2
    endloop
  endfacet
  facet normal -0.9738769792773319 0.2270762630343806 0
    outer loop
      vertex 63.92314112161292 -0.780361288064513 4.2
      vertex 63.86370330515627 -1.035276180410083 10.2
      vertex 63.92314112161292 -0.780361288064513 10.2
    endloop
  endfacet
  facet normal -0.9866433320848776 0.16289547339459684 0
    outer loop
      vertex 63.965779445495244 -0.5221047688802063 4.2
      vertex 63.92314112161292 -0.780361288064513 10.2
      vertex 63.965779445495244 -0.5221047688802063 10.2
    endloop
  endfacet
  facet normal -0.9951847266721987 0.09801714032954216 0
    outer loop
      vertex 63.99143569295441 -0.26161251692057225 4.2
      vertex 63.965779445495244 -0.5221047688802063 10.2
      vertex 63.99143569295441 -0.26161251692057225 10.2
    endloop
  endfacet
  facet normal -0.9994645874763654 0.03271908282178674 0
    outer loop
      vertex 63.99143569295441 -0.26161251692057225 10.2
      vertex 64 0 10.2
      vertex 64 0 4.2
    endloop
  endfacet
  facet normal 0.9994645874763654 -0.03271908282178674 0
    outer loop
      vertex 56 0 4.2
      vertex 56.00856430704559 0.26161251692057225 4.2
      vertex 56.00856430704559 0.26161251692057225 10.2
    endloop
  endfacet
  facet normal 0.9951847266721987 -0.09801714032954216 0
    outer loop
      vertex 56.00856430704559 0.26161251692057225 4.2
      vertex 56.034220554504756 0.5221047688802063 4.2
      vertex 56.034220554504756 0.5221047688802063 10.2
    endloop
  endfacet
  facet normal 0.9866433320848776 -0.16289547339459684 0
    outer loop
      vertex 56.034220554504756 0.5221047688802063 4.2
      vertex 56.07685887838708 0.780361288064513 4.2
      vertex 56.07685887838708 0.780361288064513 10.2
    endloop
  endfacet
  facet normal 0.9738769792773319 -0.2270762630343806 0
    outer loop
      vertex 56.07685887838708 0.780361288064513 4.2
      vertex 56.13629669484373 1.035276180410083 4.2
      vertex 56.13629669484373 1.035276180410083 10.2
    endloop
  endfacet
  facet normal 0.9569403357322136 -0.29028467725444673 0
    outer loop
      vertex 56.13629669484373 1.035276180410083 4.2
      vertex 56.212279482019575 1.2857578612126463 4.2
      vertex 56.212279482019575 1.2857578612126463 10.2
    endloop
  endfacet
  facet normal 0.9359059267573193 -0.35225004792125036 0
    outer loop
      vertex 56.212279482019575 1.2857578612126463 4.2
      vertex 56.304481869954856 1.5307337294603591 4.2
      vertex 56.304481869954856 1.5307337294603591 10.2
    endloop
  endfacet
  facet normal 0.9108638249211769 -0.4127070298043922 0
    outer loop
      vertex 56.304481869954856 1.5307337294603591 4.2
      vertex 56.41250903386925 1.7691547608760052 4.2
      vertex 56.41250903386925 1.7691547608760052 10.2
    endloop
  endfacet
  facet normal 0.881921264348362 -0.4713967368259846 0
    outer loop
      vertex 56.41250903386925 1.7691547608760052 4.2
      vertex 56.53589838486224 2 4.2
      vertex 56.53589838486224 2 10.2
    endloop
  endfacet
  facet normal 0.8492021815265721 -0.5280678506503788 0
    outer loop
      vertex 56.53589838486224 2 4.2
      vertex 56.67412155078982 2.2222809320784087 4.2
      vertex 56.67412155078982 2.2222809320784087 10.2
    endloop
  endfacet
  facet normal 0.8128466845916164 -0.5824776968678006 0
    outer loop
      vertex 56.67412155078982 2.2222809320784087 4.2
      vertex 56.82658663883506 2.4350457160348826 4.2
      vertex 56.82658663883506 2.4350457160348826 10.2
    endloop
  endfacet
  facet normal 0.7730104533627316 -0.634393284163652 0
    outer loop
      vertex 56.82658663883506 2.4350457160348826 4.2
      vertex 56.992640770084094 2.6373832604002754 4.2
      vertex 56.992640770084094 2.6373832604002754 10.2
    endloop
  endfacet
  facet normal 0.729864072697846 -0.6835923020228604 0
    outer loop
      vertex 56.992640770084094 2.6373832604002754 4.2
      vertex 57.17157287525381 2.8284271247461903 4.2
      vertex 57.17157287525381 2.8284271247461903 10.2
    endloop
  endfacet
  facet normal 0.683592302022871 -0.7298640726978358 0
    outer loop
      vertex 57.17157287525381 2.8284271247461903 4.2
      vertex 57.36261673959972 3.0073592299159095 4.2
      vertex 57.36261673959972 3.0073592299159095 10.2
    endloop
  endfacet
  facet normal 0.6343932841636476 -0.7730104533627352 0
    outer loop
      vertex 57.36261673959972 3.0073592299159095 4.2
      vertex 57.564954283965115 3.1734133611649407 4.2
      vertex 57.564954283965115 3.1734133611649407 10.2
    endloop
  endfacet
  facet normal 0.5824776968677904 -0.8128466845916236 0
    outer loop
      vertex 57.564954283965115 3.1734133611649407 4.2
      vertex 57.777719067921595 3.325878449210181 4.2
      vertex 57.777719067921595 3.325878449210181 10.2
    endloop
  endfacet
  facet normal 0.5280678506503739 -0.8492021815265752 0
    outer loop
      vertex 57.777719067921595 3.325878449210181 4.2
      vertex 58 3.4641016151377544 4.2
      vertex 58 3.4641016151377544 10.2
    endloop
  endfacet
  facet normal 0.4713967368259992 -0.8819212643483542 0
    outer loop
      vertex 58 3.4641016151377544 4.2
      vertex 58.230845239123994 3.587490966130753 4.2
      vertex 58.230845239123994 3.587490966130753 10.2
    endloop
  endfacet
  facet normal 0.41270702980439283 -0.9108638249211767 0
    outer loop
      vertex 58.230845239123994 3.587490966130753 4.2
      vertex 58.46926627053964 3.695518130045147 4.2
      vertex 58.46926627053964 3.695518130045147 10.2
    endloop
  endfacet
  facet normal 0.3522500479212326 -0.935905926757326 0
    outer loop
      vertex 58.46926627053964 3.695518130045147 4.2
      vertex 58.714242138787355 3.7877205179804228 4.2
      vertex 58.714242138787355 3.7877205179804228 10.2
    endloop
  endfacet
  facet normal 0.2902846772544604 -0.9569403357322094 0
    outer loop
      vertex 58.714242138787355 3.7877205179804228 4.2
      vertex 58.96472381958992 3.8637033051562732 4.2
      vertex 58.96472381958992 3.8637033051562732 10.2
    endloop
  endfacet
  facet normal 0.22707626303437464 -0.9738769792773333 0
    outer loop
      vertex 58.96472381958992 3.8637033051562732 4.2
      vertex 59.21963871193549 3.9231411216129217 4.2
      vertex 59.21963871193549 3.9231411216129217 10.2
    endloop
  endfacet
  facet normal 0.16289547339458818 -0.9866433320848792 0
    outer loop
      vertex 59.21963871193549 3.9231411216129217 4.2
      vertex 59.477895231119795 3.9657794454952415 4.2
      vertex 59.477895231119795 3.9657794454952415 10.2
    endloop
  endfacet
  facet normal 0.09801714032956108 -0.9951847266721968 0
    outer loop
      vertex 59.477895231119795 3.9657794454952415 4.2
      vertex 59.73838748307943 3.991435692954414 4.2
      vertex 59.73838748307943 3.991435692954414 10.2
    endloop
  endfacet
  facet normal 0.03271908282177664 -0.9994645874763656 0
    outer loop
      vertex 59.73838748307943 3.991435692954414 4.2
      vertex 60 4 4.2
      vertex 60 4 10.2
    endloop
  endfacet
  facet normal -0.03271908282177664 -0.9994645874763656 0
    outer loop
      vertex 60 4 4.2
      vertex 60.26161251692057 3.991435692954414 4.2
      vertex 60.26161251692057 3.991435692954414 10.2
    endloop
  endfacet
  facet normal -0.9994645874763654 -0.03271908282178674 0
    outer loop
      vertex 64 0 4.2
      vertex 64 0 10.2
      vertex 63.99143569295441 0.26161251692057225 4.2
    endloop
  endfacet
  facet normal -0.9951847266721987 -0.09801714032954216 0
    outer loop
      vertex 63.99143569295441 0.26161251692057225 4.2
      vertex 63.99143569295441 0.26161251692057225 10.2
      vertex 63.965779445495244 0.5221047688802063 4.2
    endloop
  endfacet
  facet normal -0.9866433320848776 -0.16289547339459684 0
    outer loop
      vertex 63.965779445495244 0.5221047688802063 4.2
      vertex 63.965779445495244 0.5221047688802063 10.2
      vertex 63.92314112161292 0.780361288064513 4.2
    endloop
  endfacet
  facet normal -0.9738769792773319 -0.2270762630343806 0
    outer loop
      vertex 63.86370330515627 1.035276180410083 4.2
      vertex 63.92314112161292 0.780361288064513 4.2
      vertex 63.92314112161292 0.780361288064513 10.2
    endloop
  endfacet
  facet normal -0.9569403357322136 -0.29028467725444673 0
    outer loop
      vertex 63.86370330515627 1.035276180410083 4.2
      vertex 63.86370330515627 1.035276180410083 10.2
      vertex 63.787720517980425 1.2857578612126463 4.2
    endloop
  endfacet
  facet normal -0.7730104533627316 -0.634393284163652 0
    outer loop
      vertex 63.17341336116494 2.4350457160348826 4.2
      vertex 63.17341336116494 2.4350457160348826 10.2
      vertex 63.007359229915906 2.6373832604002754 4.2
    endloop
  endfacet
  facet normal -0.881921264348362 -0.4713967368259846 0
    outer loop
      vertex 63.58749096613075 1.7691547608760052 4.2
      vertex 63.58749096613075 1.7691547608760052 10.2
      vertex 63.46410161513776 2 4.2
    endloop
  endfacet
  facet normal -0.9359059267573193 -0.35225004792125036 0
    outer loop
      vertex 63.787720517980425 1.2857578612126463 4.2
      vertex 63.787720517980425 1.2857578612126463 10.2
      vertex 63.695518130045144 1.5307337294603591 4.2
    endloop
  endfacet
  facet normal -0.9108638249211769 -0.4127070298043922 0
    outer loop
      vertex 63.58749096613075 1.7691547608760052 4.2
      vertex 63.695518130045144 1.5307337294603591 4.2
      vertex 63.695518130045144 1.5307337294603591 10.2
    endloop
  endfacet
  facet normal -0.8492021815265721 -0.5280678506503788 0
    outer loop
      vertex 63.46410161513776 2 4.2
      vertex 63.46410161513776 2 10.2
      vertex 63.32587844921018 2.2222809320784087 4.2
    endloop
  endfacet
  facet normal -0.8128466845916164 -0.5824776968678006 0
    outer loop
      vertex 63.17341336116494 2.4350457160348826 4.2
      vertex 63.32587844921018 2.2222809320784087 4.2
      vertex 63.32587844921018 2.2222809320784087 10.2
    endloop
  endfacet
  facet normal -0.22707626303437464 -0.9738769792773333 0
    outer loop
      vertex 60.78036128806451 3.9231411216129217 4.2
      vertex 61.03527618041008 3.8637033051562732 4.2
      vertex 61.03527618041008 3.8637033051562732 10.2
    endloop
  endfacet
  facet normal -0.2902846772544604 -0.9569403357322094 0
    outer loop
      vertex 61.03527618041008 3.8637033051562732 4.2
      vertex 61.285757861212645 3.7877205179804228 4.2
      vertex 61.285757861212645 3.7877205179804228 10.2
    endloop
  endfacet
  facet normal -0.3522500479212326 -0.935905926757326 0
    outer loop
      vertex 61.285757861212645 3.7877205179804228 4.2
      vertex 61.53073372946036 3.695518130045147 4.2
      vertex 61.53073372946036 3.695518130045147 10.2
    endloop
  endfacet
  facet normal -0.41270702980439283 -0.9108638249211767 0
    outer loop
      vertex 61.769154760876006 3.587490966130753 4.2
      vertex 61.769154760876006 3.587490966130753 10.2
      vertex 61.53073372946036 3.695518130045147 4.2
    endloop
  endfacet
  facet normal -0.4713967368259992 -0.8819212643483542 0
    outer loop
      vertex 61.769154760876006 3.587490966130753 4.2
      vertex 62 3.4641016151377544 4.2
      vertex 62 3.4641016151377544 10.2
    endloop
  endfacet
  facet normal -0.5280678506503739 -0.8492021815265752 0
    outer loop
      vertex 62 3.4641016151377544 4.2
      vertex 62.222280932078405 3.325878449210181 4.2
      vertex 62.222280932078405 3.325878449210181 10.2
    endloop
  endfacet
  facet normal -0.09801714032956108 -0.9951847266721968 0
    outer loop
      vertex 60.26161251692057 3.991435692954414 4.2
      vertex 60.522104768880205 3.9657794454952415 4.2
      vertex 60.522104768880205 3.9657794454952415 10.2
    endloop
  endfacet
  facet normal -0.16289547339458818 -0.9866433320848792 0
    outer loop
      vertex 60.78036128806451 3.9231411216129217 4.2
      vertex 60.78036128806451 3.9231411216129217 10.2
      vertex 60.522104768880205 3.9657794454952415 4.2
    endloop
  endfacet
  facet normal -0.5824776968677904 -0.8128466845916236 0
    outer loop
      vertex 62.222280932078405 3.325878449210181 4.2
      vertex 62.435045716034885 3.1734133611649407 4.2
      vertex 62.435045716034885 3.1734133611649407 10.2
    endloop
  endfacet
  facet normal -0.6343932841636476 -0.7730104533627352 0
    outer loop
      vertex 62.435045716034885 3.1734133611649407 4.2
      vertex 62.63738326040028 3.0073592299159095 4.2
      vertex 62.63738326040028 3.0073592299159095 10.2
    endloop
  endfacet
  facet normal -0.683592302022871 -0.7298640726978358 0
    outer loop
      vertex 62.63738326040028 3.0073592299159095 4.2
      vertex 62.82842712474619 2.8284271247461903 4.2
      vertex 62.82842712474619 2.8284271247461903 10.2
    endloop
  endfacet
  facet normal -0.729864072697846 -0.6835923020228604 0
    outer loop
      vertex 62.82842712474619 2.8284271247461903 4.2
      vertex 63.007359229915906 2.6373832604002754 4.2
      vertex 63.007359229915906 2.6373832604002754 10.2
    endloop
  endfacet
  facet normal 0.9994645874763654 -0.03271908282178674 0
    outer loop
      vertex 56 0 4.2
      vertex 56.00856430704559 0.26161251692057225 10.2
      vertex 56 0 10.2
    endloop
  endfacet
  facet normal 0.9951847266721987 -0.09801714032954216 0
    outer loop
      vertex 56.00856430704559 0.26161251692057225 4.2
      vertex 56.034220554504756 0.5221047688802063 10.2
      vertex 56.00856430704559 0.26161251692057225 10.2
    endloop
  endfacet
  facet normal 0.9866433320848776 -0.16289547339459684 0
    outer loop
      vertex 56.034220554504756 0.5221047688802063 4.2
      vertex 56.07685887838708 0.780361288064513 10.2
      vertex 56.034220554504756 0.5221047688802063 10.2
    endloop
  endfacet
  facet normal 0.9738769792773319 -0.2270762630343806 0
    outer loop
      vertex 56.07685887838708 0.780361288064513 4.2
      vertex 56.13629669484373 1.035276180410083 10.2
      vertex 56.07685887838708 0.780361288064513 10.2
    endloop
  endfacet
  facet normal 0.9569403357322136 -0.29028467725444673 0
    outer loop
      vertex 56.13629669484373 1.035276180410083 4.2
      vertex 56.212279482019575 1.2857578612126463 10.2
      vertex 56.13629669484373 1.035276180410083 10.2
    endloop
  endfacet
  facet normal 0.9359059267573193 -0.35225004792125036 0
    outer loop
      vertex 56.212279482019575 1.2857578612126463 4.2
      vertex 56.304481869954856 1.5307337294603591 10.2
      vertex 56.212279482019575 1.2857578612126463 10.2
    endloop
  endfacet
  facet normal 0.9108638249211769 -0.4127070298043922 0
    outer loop
      vertex 56.304481869954856 1.5307337294603591 4.2
      vertex 56.41250903386925 1.7691547608760052 10.2
      vertex 56.304481869954856 1.5307337294603591 10.2
    endloop
  endfacet
  facet normal 0.881921264348362 -0.4713967368259846 0
    outer loop
      vertex 56.41250903386925 1.7691547608760052 4.2
      vertex 56.53589838486224 2 10.2
      vertex 56.41250903386925 1.7691547608760052 10.2
    endloop
  endfacet
  facet normal 0.8492021815265721 -0.5280678506503788 0
    outer loop
      vertex 56.53589838486224 2 4.2
      vertex 56.67412155078982 2.2222809320784087 10.2
      vertex 56.53589838486224 2 10.2
    endloop
  endfacet
  facet normal 0.8128466845916164 -0.5824776968678006 0
    outer loop
      vertex 56.67412155078982 2.2222809320784087 4.2
      vertex 56.82658663883506 2.4350457160348826 10.2
      vertex 56.67412155078982 2.2222809320784087 10.2
    endloop
  endfacet
  facet normal 0.7730104533627316 -0.634393284163652 0
    outer loop
      vertex 56.82658663883506 2.4350457160348826 4.2
      vertex 56.992640770084094 2.6373832604002754 10.2
      vertex 56.82658663883506 2.4350457160348826 10.2
    endloop
  endfacet
  facet normal 0.729864072697846 -0.6835923020228604 0
    outer loop
      vertex 56.992640770084094 2.6373832604002754 4.2
      vertex 57.17157287525381 2.8284271247461903 10.2
      vertex 56.992640770084094 2.6373832604002754 10.2
    endloop
  endfacet
  facet normal 0.683592302022871 -0.7298640726978358 0
    outer loop
      vertex 57.17157287525381 2.8284271247461903 4.2
      vertex 57.36261673959972 3.0073592299159095 10.2
      vertex 57.17157287525381 2.8284271247461903 10.2
    endloop
  endfacet
  facet normal 0.6343932841636476 -0.7730104533627352 0
    outer loop
      vertex 57.36261673959972 3.0073592299159095 4.2
      vertex 57.564954283965115 3.1734133611649407 10.2
      vertex 57.36261673959972 3.0073592299159095 10.2
    endloop
  endfacet
  facet normal 0.5824776968677904 -0.8128466845916236 0
    outer loop
      vertex 57.564954283965115 3.1734133611649407 4.2
      vertex 57.777719067921595 3.325878449210181 10.2
      vertex 57.564954283965115 3.1734133611649407 10.2
    endloop
  endfacet
  facet normal 0.5280678506503739 -0.8492021815265752 0
    outer loop
      vertex 57.777719067921595 3.325878449210181 4.2
      vertex 58 3.4641016151377544 10.2
      vertex 57.777719067921595 3.325878449210181 10.2
    endloop
  endfacet
  facet normal 0.4713967368259992 -0.8819212643483542 0
    outer loop
      vertex 58 3.4641016151377544 4.2
      vertex 58.230845239123994 3.587490966130753 10.2
      vertex 58 3.4641016151377544 10.2
    endloop
  endfacet
  facet normal 0.41270702980439283 -0.9108638249211767 0
    outer loop
      vertex 58.230845239123994 3.587490966130753 4.2
      vertex 58.46926627053964 3.695518130045147 10.2
      vertex 58.230845239123994 3.587490966130753 10.2
    endloop
  endfacet
  facet normal 0.3522500479212326 -0.935905926757326 0
    outer loop
      vertex 58.46926627053964 3.695518130045147 4.2
      vertex 58.714242138787355 3.7877205179804228 10.2
      vertex 58.46926627053964 3.695518130045147 10.2
    endloop
  endfacet
  facet normal 0.2902846772544604 -0.9569403357322094 0
    outer loop
      vertex 58.714242138787355 3.7877205179804228 4.2
      vertex 58.96472381958992 3.8637033051562732 10.2
      vertex 58.714242138787355 3.7877205179804228 10.2
    endloop
  endfacet
  facet normal 0.22707626303437464 -0.9738769792773333 0
    outer loop
      vertex 58.96472381958992 3.8637033051562732 4.2
      vertex 59.21963871193549 3.9231411216129217 10.2
      vertex 58.96472381958992 3.8637033051562732 10.2
    endloop
  endfacet
  facet normal 0.16289547339458818 -0.9866433320848792 0
    outer loop
      vertex 59.21963871193549 3.9231411216129217 4.2
      vertex 59.477895231119795 3.9657794454952415 10.2
      vertex 59.21963871193549 3.9231411216129217 10.2
    endloop
  endfacet
  facet normal 0.09801714032956108 -0.9951847266721968 0
    outer loop
      vertex 59.477895231119795 3.9657794454952415 4.2
      vertex 59.73838748307943 3.991435692954414 10.2
      vertex 59.477895231119795 3.9657794454952415 10.2
    endloop
  endfacet
  facet normal 0.03271908282177664 -0.9994645874763656 0
    outer loop
      vertex 59.73838748307943 3.991435692954414 4.2
      vertex 60 4 10.2
      vertex 59.73838748307943 3.991435692954414 10.2
    endloop
  endfacet
  facet normal -0.03271908282177664 -0.9994645874763656 0
    outer loop
      vertex 60 4 4.2
      vertex 60.26161251692057 3.991435692954414 10.2
      vertex 60 4 10.2
    endloop
  endfacet
  facet normal -0.9994645874763654 -0.03271908282178674 0
    outer loop
      vertex 63.99143569295441 0.26161251692057225 4.2
      vertex 64 0 10.2
      vertex 63.99143569295441 0.26161251692057225 10.2
    endloop
  endfacet
  facet normal -0.9951847266721987 -0.09801714032954216 0
    outer loop
      vertex 63.965779445495244 0.5221047688802063 4.2
      vertex 63.99143569295441 0.26161251692057225 10.2
      vertex 63.965779445495244 0.5221047688802063 10.2
    endloop
  endfacet
  facet normal -0.9738769792773319 -0.2270762630343806 0
    outer loop
      vertex 63.86370330515627 1.035276180410083 4.2
      vertex 63.92314112161292 0.780361288064513 10.2
      vertex 63.86370330515627 1.035276180410083 10.2
    endloop
  endfacet
  facet normal -0.9866433320848776 -0.16289547339459684 0
    outer loop
      vertex 63.92314112161292 0.780361288064513 4.2
      vertex 63.965779445495244 0.5221047688802063 10.2
      vertex 63.92314112161292 0.780361288064513 10.2
    endloop
  endfacet
  facet normal -0.9569403357322136 -0.29028467725444673 0
    outer loop
      vertex 63.787720517980425 1.2857578612126463 4.2
      vertex 63.86370330515627 1.035276180410083 10.2
      vertex 63.787720517980425 1.2857578612126463 10.2
    endloop
  endfacet
  facet normal -0.7730104533627316 -0.634393284163652 0
    outer loop
      vertex 63.007359229915906 2.6373832604002754 4.2
      vertex 63.17341336116494 2.4350457160348826 10.2
      vertex 63.007359229915906 2.6373832604002754 10.2
    endloop
  endfacet
  facet normal -0.9108638249211769 -0.4127070298043922 0
    outer loop
      vertex 63.58749096613075 1.7691547608760052 4.2
      vertex 63.695518130045144 1.5307337294603591 10.2
      vertex 63.58749096613075 1.7691547608760052 10.2
    endloop
  endfacet
  facet normal -0.881921264348362 -0.4713967368259846 0
    outer loop
      vertex 63.46410161513776 2 4.2
      vertex 63.58749096613075 1.7691547608760052 10.2
      vertex 63.46410161513776 2 10.2
    endloop
  endfacet
  facet normal -0.9359059267573193 -0.35225004792125036 0
    outer loop
      vertex 63.695518130045144 1.5307337294603591 4.2
      vertex 63.787720517980425 1.2857578612126463 10.2
      vertex 63.695518130045144 1.5307337294603591 10.2
    endloop
  endfacet
  facet normal -0.8492021815265721 -0.5280678506503788 0
    outer loop
      vertex 63.32587844921018 2.2222809320784087 4.2
      vertex 63.46410161513776 2 10.2
      vertex 63.32587844921018 2.2222809320784087 10.2
    endloop
  endfacet
  facet normal -0.8128466845916164 -0.5824776968678006 0
    outer loop
      vertex 63.17341336116494 2.4350457160348826 4.2
      vertex 63.32587844921018 2.2222809320784087 10.2
      vertex 63.17341336116494 2.4350457160348826 10.2
    endloop
  endfacet
  facet normal -0.22707626303437464 -0.9738769792773333 0
    outer loop
      vertex 60.78036128806451 3.9231411216129217 4.2
      vertex 61.03527618041008 3.8637033051562732 10.2
      vertex 60.78036128806451 3.9231411216129217 10.2
    endloop
  endfacet
  facet normal -0.2902846772544604 -0.9569403357322094 0
    outer loop
      vertex 61.03527618041008 3.8637033051562732 4.2
      vertex 61.285757861212645 3.7877205179804228 10.2
      vertex 61.03527618041008 3.8637033051562732 10.2
    endloop
  endfacet
  facet normal -0.3522500479212326 -0.935905926757326 0
    outer loop
      vertex 61.285757861212645 3.7877205179804228 4.2
      vertex 61.53073372946036 3.695518130045147 10.2
      vertex 61.285757861212645 3.7877205179804228 10.2
    endloop
  endfacet
  facet normal -0.41270702980439283 -0.9108638249211767 0
    outer loop
      vertex 61.53073372946036 3.695518130045147 4.2
      vertex 61.769154760876006 3.587490966130753 10.2
      vertex 61.53073372946036 3.695518130045147 10.2
    endloop
  endfacet
  facet normal -0.4713967368259992 -0.8819212643483542 0
    outer loop
      vertex 61.769154760876006 3.587490966130753 4.2
      vertex 62 3.4641016151377544 10.2
      vertex 61.769154760876006 3.587490966130753 10.2
    endloop
  endfacet
  facet normal -0.5280678506503739 -0.8492021815265752 0
    outer loop
      vertex 62 3.4641016151377544 4.2
      vertex 62.222280932078405 3.325878449210181 10.2
      vertex 62 3.4641016151377544 10.2
    endloop
  endfacet
  facet normal -0.09801714032956108 -0.9951847266721968 0
    outer loop
      vertex 60.26161251692057 3.991435692954414 4.2
      vertex 60.522104768880205 3.9657794454952415 10.2
      vertex 60.26161251692057 3.991435692954414 10.2
    endloop
  endfacet
  facet normal -0.16289547339458818 -0.9866433320848792 0
    outer loop
      vertex 60.522104768880205 3.9657794454952415 4.2
      vertex 60.78036128806451 3.9231411216129217 10.2
      vertex 60.522104768880205 3.9657794454952415 10.2
    endloop
  endfacet
  facet normal -0.6343932841636476 -0.7730104533627352 0
    outer loop
      vertex 62.435045716034885 3.1734133611649407 4.2
      vertex 62.63738326040028 3.0073592299159095 10.2
      vertex 62.435045716034885 3.1734133611649407 10.2
    endloop
  endfacet
  facet normal -0.729864072697846 -0.6835923020228604 0
    outer loop
      vertex 62.82842712474619 2.8284271247461903 4.2
      vertex 63.007359229915906 2.6373832604002754 10.2
      vertex 62.82842712474619 2.8284271247461903 10.2
    endloop
  endfacet
  facet normal -0.683592302022871 -0.7298640726978358 0
    outer loop
      vertex 62.63738326040028 3.0073592299159095 4.2
      vertex 62.82842712474619 2.8284271247461903 10.2
      vertex 62.63738326040028 3.0073592299159095 10.2
    endloop
  endfacet
  facet normal -0.5824776968677904 -0.8128466845916236 0
    outer loop
      vertex 62.222280932078405 3.325878449210181 4.2
      vertex 62.435045716034885 3.1734133611649407 10.2
      vertex 62.222280932078405 3.325878449210181 10.2
    endloop
  endfacet
  facet normal 0 0 -1
    outer loop
      vertex -10.614928565256031 -21.524945796784518 3.4
      vertex -8.419035512031975 -20.325349715248308 3.4
      vertex -9.184402376762154 -22.17310878027088 3.4
    endloop
  endfacet
  facet normal 0 0 -1
    outer loop
      vertex -9.184402376762154 -22.17310878027088 3.4
      vertex -7.071668236669555 -20.832462848892327 3.4
      vertex -7.714547167275878 -22.726323107882536 3.4
    endloop
  endfacet
  facet normal 0 0 -1
    outer loop
      vertex -9.184402376762154 -22.17310878027088 3.4
      vertex -8.419035512031975 -20.325349715248308 3.4
      vertex -7.071668236669555 -20.832462848892327 3.4
    endloop
  endfacet
  facet normal 0 0 -1
    outer loop
      vertex -7.714547167275878 -22.726323107882536 3.4
      vertex -7.071668236669555 -20.832462848892327 3.4
      vertex -5.694018992255456 -21.2503681783595 3.4
    endloop
  endfacet
  facet normal 0 0 -1
    outer loop
      vertex -7.714547167275878 -22.726323107882536 3.4
      vertex -5.694018992255456 -21.2503681783595 3.4
      vertex -6.211657082460498 -23.18221983093764 3.4
    endloop
  endfacet
  facet normal 0 0 -1
    outer loop
      vertex -6.211657082460498 -23.18221983093764 3.4
      vertex -4.291987084354822 -21.57727616887107 3.4
      vertex -4.682167728387078 -23.53884672967753 3.4
    endloop
  endfacet
  facet normal 0 0 -1
    outer loop
      vertex -6.211657082460498 -23.18221983093764 3.4
      vertex -5.694018992255456 -21.2503681783595 3.4
      vertex -4.291987084354822 -21.57727616887107 3.4
    endloop
  endfacet
  facet normal 0 0 -1
    outer loop
      vertex -4.682167728387078 -23.53884672967753 3.4
      vertex -4.291987084354822 -21.57727616887107 3.4
      vertex -2.8715762288411346 -21.81178695022383 3.4
    endloop
  endfacet
  facet normal 0 0 -1
    outer loop
      vertex -4.682167728387078 -23.53884672967753 3.4
      vertex -2.8715762288411346 -21.81178695022383 3.4
      vertex -3.1326286132812378 -23.79467667297145 3.4
    endloop
  endfacet
  facet normal 0 0 -1
    outer loop
      vertex -3.1326286132812378 -23.79467667297145 3.4
      vertex -1.4388688430631473 -21.952896311249276 3.4
      vertex -1.5696751015234334 -23.94861415772648 3.4
    endloop
  endfacet
  facet normal 0 0 -1
    outer loop
      vertex -3.1326286132812378 -23.79467667297145 3.4
      vertex -2.8715762288411346 -21.81178695022383 3.4
      vertex -1.4388688430631473 -21.952896311249276 3.4
    endloop
  endfacet
  facet normal 0 0 -1
    outer loop
      vertex -1.5696751015234334 -23.94861415772648 3.4
      vertex 0 -22 3.4
      vertex 0 -24 3.4
    endloop
  endfacet
  facet normal 0 0 -1
    outer loop
      vertex -1.5696751015234334 -23.94861415772648 3.4
      vertex -1.4388688430631473 -21.952896311249276 3.4
      vertex 0 -22 3.4
    endloop
  endfacet
  facet normal 0 0 -1
    outer loop
      vertex 0 -24 3.4
      vertex 0 -22 3.4
      vertex 1.4388688430631473 -21.952896311249276 3.4
    endloop
  endfacet
  facet normal 0 0 -1
    outer loop
      vertex 0 -24 3.4
      vertex 1.4388688430631473 -21.952896311249276 3.4
      vertex 1.5696751015234334 -23.94861415772648 3.4
    endloop
  endfacet
  facet normal 0 0 -1
    outer loop
      vertex 1.5696751015234334 -23.94861415772648 3.4
      vertex 2.8715762288411346 -21.81178695022383 3.4
      vertex 3.1326286132812378 -23.79467667297145 3.4
    endloop
  endfacet
  facet normal 0 0 -1
    outer loop
      vertex 1.5696751015234334 -23.94861415772648 3.4
      vertex 1.4388688430631473 -21.952896311249276 3.4
      vertex 2.8715762288411346 -21.81178695022383 3.4
    endloop
  endfacet
  facet normal 0 0 -1
    outer loop
      vertex 3.1326286132812378 -23.79467667297145 3.4
      vertex 2.8715762288411346 -21.81178695022383 3.4
      vertex 4.291987084354822 -21.57727616887107 3.4
    endloop
  endfacet
  facet normal 0 0 -1
    outer loop
      vertex 3.1326286132812378 -23.79467667297145 3.4
      vertex 4.291987084354822 -21.57727616887107 3.4
      vertex 4.682167728387078 -23.53884672967753 3.4
    endloop
  endfacet
  facet normal 0 0 -1
    outer loop
      vertex 4.682167728387078 -23.53884672967753 3.4
      vertex 5.694018992255456 -21.2503681783595 3.4
      vertex 6.211657082460498 -23.18221983093764 3.4
    endloop
  endfacet
  facet normal 0 0 -1
    outer loop
      vertex 4.682167728387078 -23.53884672967753 3.4
      vertex 4.291987084354822 -21.57727616887107 3.4
      vertex 5.694018992255456 -21.2503681783595 3.4
    endloop
  endfacet
  facet normal 0 0 -1
    outer loop
      vertex 5.694018992255456 -21.2503681783595 3.4
      vertex 7.071668236669555 -20.832462848892327 3.4
      vertex 6.211657082460498 -23.18221983093764 3.4
    endloop
  endfacet
  facet normal -0.4713967368259969 -0.8819212643483554 0
    outer loop
      vertex -12 -20.784609690826528 3.4
      vertex -10.614928565256031 -21.524945796784518 3.4
      vertex -10.614928565256031 -21.524945796784518 7.4
    endloop
  endfacet
  facet normal -0.41270702980439405 -0.9108638249211762 0
    outer loop
      vertex -10.614928565256031 -21.524945796784518 3.4
      vertex -9.184402376762154 -22.17310878027088 3.4
      vertex -9.184402376762154 -22.17310878027088 7.4
    endloop
  endfacet
  facet normal -0.4713967368259969 -0.8819212643483554 0
    outer loop
      vertex -12 -20.784609690826528 3.4
      vertex -10.614928565256031 -21.524945796784518 7.4
      vertex -12 -20.784609690826528 7.4
    endloop
  endfacet
  facet normal -0.35225004792123465 -0.9359059267573253 0
    outer loop
      vertex -9.184402376762154 -22.17310878027088 3.4
      vertex -7.714547167275878 -22.726323107882536 7.4
      vertex -9.184402376762154 -22.17310878027088 7.4
    endloop
  endfacet
  facet normal -0.41270702980439405 -0.9108638249211762 0
    outer loop
      vertex -10.614928565256031 -21.524945796784518 3.4
      vertex -9.184402376762154 -22.17310878027088 7.4
      vertex -10.614928565256031 -21.524945796784518 7.4
    endloop
  endfacet
  facet normal -0.35225004792123465 -0.9359059267573253 0
    outer loop
      vertex -9.184402376762154 -22.17310878027088 3.4
      vertex -7.714547167275878 -22.726323107882536 3.4
      vertex -7.714547167275878 -22.726323107882536 7.4
    endloop
  endfacet
  facet normal -0.29028467725446333 -0.9569403357322086 0
    outer loop
      vertex -7.714547167275878 -22.726323107882536 3.4
      vertex -6.211657082460498 -23.18221983093764 3.4
      vertex -6.211657082460498 -23.18221983093764 7.4
    endloop
  endfacet
  facet normal -0.2270762630343721 -0.9738769792773339 0
    outer loop
      vertex -6.211657082460498 -23.18221983093764 3.4
      vertex -4.682167728387078 -23.53884672967753 3.4
      vertex -4.682167728387078 -23.53884672967753 7.4
    endloop
  endfacet
  facet normal -0.162895473394588 -0.9866433320848791 0
    outer loop
      vertex -4.682167728387078 -23.53884672967753 3.4
      vertex -3.1326286132812378 -23.79467667297145 3.4
      vertex -3.1326286132812378 -23.79467667297145 7.4
    endloop
  endfacet
  facet normal -0.09801714032956008 -0.995184726672197 0
    outer loop
      vertex -3.1326286132812378 -23.79467667297145 3.4
      vertex -1.5696751015234334 -23.94861415772648 3.4
      vertex -1.5696751015234334 -23.94861415772648 7.4
    endloop
  endfacet
  facet normal -0.0327190828217777 -0.9994645874763656 0
    outer loop
      vertex -1.5696751015234334 -23.94861415772648 3.4
      vertex 0 -24 3.4
      vertex 0 -24 7.4
    endloop
  endfacet
  facet normal 0.0327190828217777 -0.9994645874763656 0
    outer loop
      vertex 0 -24 3.4
      vertex 1.5696751015234334 -23.94861415772648 3.4
      vertex 1.5696751015234334 -23.94861415772648 7.4
    endloop
  endfacet
  facet normal 0.09801714032956008 -0.995184726672197 0
    outer loop
      vertex 1.5696751015234334 -23.94861415772648 3.4
      vertex 3.1326286132812378 -23.79467667297145 3.4
      vertex 3.1326286132812378 -23.79467667297145 7.4
    endloop
  endfacet
  facet normal 0.162895473394588 -0.9866433320848791 0
    outer loop
      vertex 3.1326286132812378 -23.79467667297145 3.4
      vertex 4.682167728387078 -23.53884672967753 3.4
      vertex 4.682167728387078 -23.53884672967753 7.4
    endloop
  endfacet
  facet normal 0.2270762630343721 -0.9738769792773339 0
    outer loop
      vertex 4.682167728387078 -23.53884672967753 3.4
      vertex 6.211657082460498 -23.18221983093764 3.4
      vertex 6.211657082460498 -23.18221983093764 7.4
    endloop
  endfacet
  facet normal -0.29028467725446333 -0.9569403357322086 0
    outer loop
      vertex -7.714547167275878 -22.726323107882536 3.4
      vertex -6.211657082460498 -23.18221983093764 7.4
      vertex -7.714547167275878 -22.726323107882536 7.4
    endloop
  endfacet
  facet normal -0.2270762630343721 -0.9738769792773339 0
    outer loop
      vertex -6.211657082460498 -23.18221983093764 3.4
      vertex -4.682167728387078 -23.53884672967753 7.4
      vertex -6.211657082460498 -23.18221983093764 7.4
    endloop
  endfacet
  facet normal -0.162895473394588 -0.9866433320848791 0
    outer loop
      vertex -4.682167728387078 -23.53884672967753 3.4
      vertex -3.1326286132812378 -23.79467667297145 7.4
      vertex -4.682167728387078 -23.53884672967753 7.4
    endloop
  endfacet
  facet normal -0.09801714032956008 -0.995184726672197 0
    outer loop
      vertex -3.1326286132812378 -23.79467667297145 3.4
      vertex -1.5696751015234334 -23.94861415772648 7.4
      vertex -3.1326286132812378 -23.79467667297145 7.4
    endloop
  endfacet
  facet normal -0.0327190828217777 -0.9994645874763656 0
    outer loop
      vertex -1.5696751015234334 -23.94861415772648 3.4
      vertex 0 -24 7.4
      vertex -1.5696751015234334 -23.94861415772648 7.4
    endloop
  endfacet
  facet normal 0.0327190828217777 -0.9994645874763656 0
    outer loop
      vertex 0 -24 3.4
      vertex 1.5696751015234334 -23.94861415772648 7.4
      vertex 0 -24 7.4
    endloop
  endfacet
  facet normal 0.09801714032956008 -0.995184726672197 0
    outer loop
      vertex 1.5696751015234334 -23.94861415772648 3.4
      vertex 3.1326286132812378 -23.79467667297145 7.4
      vertex 1.5696751015234334 -23.94861415772648 7.4
    endloop
  endfacet
  facet normal 0.162895473394588 -0.9866433320848791 0
    outer loop
      vertex 3.1326286132812378 -23.79467667297145 3.4
      vertex 4.682167728387078 -23.53884672967753 7.4
      vertex 3.1326286132812378 -23.79467667297145 7.4
    endloop
  endfacet
  facet normal 0.2270762630343721 -0.9738769792773339 0
    outer loop
      vertex 4.682167728387078 -23.53884672967753 3.4
      vertex 6.211657082460498 -23.18221983093764 7.4
      vertex 4.682167728387078 -23.53884672967753 7.4
    endloop
  endfacet
  facet normal 0 0 -1
    outer loop
      vertex -18.044155379495457 -15.824299562401652 3.4
      vertex -16.540475764537504 -14.505607932201514 3.4
      vertex -16.970562748477143 -16.970562748477143 3.4
    endloop
  endfacet
  facet normal 0 0 -1
    outer loop
      vertex -19.955270695261085 -13.333685592470452 3.4
      vertex -18.292331470655995 -12.222545126431248 3.4
      vertex -19.040480166989646 -14.610274296209296 3.4
    endloop
  endfacet
  facet normal 0 0 -1
    outer loop
      vertex -19.040480166989646 -14.610274296209296 3.4
      vertex -18.292331470655995 -12.222545126431248 3.4
      vertex -17.453773486407172 -13.392751438191855 3.4
    endloop
  endfacet
  facet normal 0 0 -1
    outer loop
      vertex -18.044155379495457 -15.824299562401652 3.4
      vertex -19.040480166989646 -14.610274296209296 3.4
      vertex -17.453773486407172 -13.392751438191855 3.4
    endloop
  endfacet
  facet normal 0 0 -1
    outer loop
      vertex -18.044155379495457 -15.824299562401652 3.4
      vertex -17.453773486407172 -13.392751438191855 3.4
      vertex -16.540475764537504 -14.505607932201514 3.4
    endloop
  endfacet
  facet normal 0 0 -1
    outer loop
      vertex -16.970562748477143 -16.970562748477143 3.4
      vertex -16.540475764537504 -14.505607932201514 3.4
      vertex -15.556349186104047 -15.556349186104047 3.4
    endloop
  endfacet
  facet normal 0 0 -1
    outer loop
      vertex -19.955270695261085 -13.333685592470452 3.4
      vertex -19.05255888325765 -11 3.4
      vertex -18.292331470655995 -12.222545126431248 3.4
    endloop
  endfacet
  facet normal 0 0 -1
    outer loop
      vertex -19.955270695261085 -13.333685592470452 3.4
      vertex -20.784609690826528 -12 3.4
      vertex -19.731200313719143 -9.730351184818028 3.4
    endloop
  endfacet
  facet normal 0 0 -1
    outer loop
      vertex -19.955270695261085 -13.333685592470452 3.4
      vertex -19.731200313719143 -9.730351184818028 3.4
      vertex -19.05255888325765 -11 3.4
    endloop
  endfacet
  facet normal 0 0 -1
    outer loop
      vertex -14.610274296209296 -19.040480166989646 3.4
      vertex -12.222545126431248 -18.292331470655995 3.4
      vertex -13.333685592470452 -19.955270695261085 3.4
    endloop
  endfacet
  facet normal 0 0 -1
    outer loop
      vertex -15.824299562401652 -18.044155379495457 3.4
      vertex -14.505607932201514 -16.540475764537504 3.4
      vertex -14.610274296209296 -19.040480166989646 3.4
    endloop
  endfacet
  facet normal 0 0 -1
    outer loop
      vertex -15.824299562401652 -18.044155379495457 3.4
      vertex -16.970562748477143 -16.970562748477143 3.4
      vertex -15.556349186104047 -15.556349186104047 3.4
    endloop
  endfacet
  facet normal 0 0 -1
    outer loop
      vertex -15.824299562401652 -18.044155379495457 3.4
      vertex -15.556349186104047 -15.556349186104047 3.4
      vertex -14.505607932201514 -16.540475764537504 3.4
    endloop
  endfacet
  facet normal 0 0 -1
    outer loop
      vertex -14.610274296209296 -19.040480166989646 3.4
      vertex -14.505607932201514 -16.540475764537504 3.4
      vertex -13.392751438191855 -17.453773486407172 3.4
    endloop
  endfacet
  facet normal 0 0 -1
    outer loop
      vertex -14.610274296209296 -19.040480166989646 3.4
      vertex -13.392751438191855 -17.453773486407172 3.4
      vertex -12.222545126431248 -18.292331470655995 3.4
    endloop
  endfacet
  facet normal 0 0 -1
    outer loop
      vertex -13.333685592470452 -19.955270695261085 3.4
      vertex -11 -19.05255888325765 3.4
      vertex -12 -20.784609690826528 3.4
    endloop
  endfacet
  facet normal 0 0 -1
    outer loop
      vertex -12 -20.784609690826528 3.4
      vertex -9.730351184818028 -19.731200313719143 3.4
      vertex -10.614928565256031 -21.524945796784518 3.4
    endloop
  endfacet
  facet normal 0 0 -1
    outer loop
      vertex -12 -20.784609690826528 3.4
      vertex -11 -19.05255888325765 3.4
      vertex -9.730351184818028 -19.731200313719143 3.4
    endloop
  endfacet
  facet normal 0 0 -1
    outer loop
      vertex -13.333685592470452 -19.955270695261085 3.4
      vertex -12.222545126431248 -18.292331470655995 3.4
      vertex -11 -19.05255888325765 3.4
    endloop
  endfacet
  facet normal 0 0 -1
    outer loop
      vertex -10.614928565256031 -21.524945796784518 3.4
      vertex -9.730351184818028 -19.731200313719143 3.4
      vertex -8.419035512031975 -20.325349715248308 3.4
    endloop
  endfacet
  facet normal 0 0 -1
    outer loop
      vertex -21.524945796784518 -10.614928565256031 3.4
      vertex -20.325349715248308 -8.419035512031975 3.4
      vertex -20.784609690826528 -12 3.4
    endloop
  endfacet
  facet normal 0 0 -1
    outer loop
      vertex -20.784609690826528 -12 3.4
      vertex -20.325349715248308 -8.419035512031975 3.4
      vertex -19.731200313719143 -9.730351184818028 3.4
    endloop
  endfacet
  facet normal 0 0 -1
    outer loop
      vertex -21.524945796784518 -10.614928565256031 3.4
      vertex -22.17310878027088 -9.184402376762154 3.4
      vertex -21.2503681783595 -5.694018992255456 3.4
    endloop
  endfacet
  facet normal 0 0 -1
    outer loop
      vertex -21.524945796784518 -10.614928565256031 3.4
      vertex -20.832462848892327 -7.071668236669555 3.4
      vertex -20.325349715248308 -8.419035512031975 3.4
    endloop
  endfacet
  facet normal 0 0 -1
    outer loop
      vertex -21.524945796784518 -10.614928565256031 3.4
      vertex -21.2503681783595 -5.694018992255456 3.4
      vertex -20.832462848892327 -7.071668236669555 3.4
    endloop
  endfacet
  facet normal 0 0 -1
    outer loop
      vertex -22.17310878027088 -9.184402376762154 3.4
      vertex -21.57727616887107 -4.291987084354822 3.4
      vertex -21.2503681783595 -5.694018992255456 3.4
    endloop
  endfacet
  facet normal 0 0 -1
    outer loop
      vertex -22.17310878027088 -9.184402376762154 3.4
      vertex -21.81178695022383 -2.8715762288411346 3.4
      vertex -21.57727616887107 -4.291987084354822 3.4
    endloop
  endfacet
  facet normal 0 0 -1
    outer loop
      vertex -22.17310878027088 -9.184402376762154 3.4
      vertex -21.952896311249276 -1.4388688430631473 3.4
      vertex -21.81178695022383 -2.8715762288411346 3.4
    endloop
  endfacet
  facet normal 0 0 -1
    outer loop
      vertex -22.17310878027088 -9.184402376762154 3.4
      vertex -22 0 3.4
      vertex -21.952896311249276 -1.4388688430631473 3.4
    endloop
  endfacet
  facet normal 0 0 -1
    outer loop
      vertex -23.18221983093764 -6.211657082460498 3.4
      vertex -23.53884672967753 -4.682167728387078 3.4
      vertex -23.18221983093764 6.211657082460498 3.4
    endloop
  endfacet
  facet normal 0 0 -1
    outer loop
      vertex -22.726323107882536 -7.714547167275878 3.4
      vertex -23.18221983093764 -6.211657082460498 3.4
      vertex -22.726323107882536 7.714547167275878 3.4
    endloop
  endfacet
  facet normal 0 0 -1
    outer loop
      vertex -22.17310878027088 -9.184402376762154 3.4
      vertex -22.726323107882536 -7.714547167275878 3.4
      vertex -22.17310878027088 9.184402376762154 3.4
    endloop
  endfacet
  facet normal 0 0 -1
    outer loop
      vertex -23.53884672967753 -4.682167728387078 3.4
      vertex -23.79467667297145 -3.1326286132812378 3.4
      vertex -23.53884672967753 4.682167728387078 3.4
    endloop
  endfacet
  facet normal 0 0 -1
    outer loop
      vertex -23.79467667297145 -3.1326286132812378 3.4
      vertex -23.94861415772648 -1.5696751015234334 3.4
      vertex -23.79467667297145 3.1326286132812378 3.4
    endloop
  endfacet
  facet normal -0.7298640726978372 -0.6835923020228697 0
    outer loop
      vertex -18.044155379495457 -15.824299562401652 3.4
      vertex -16.970562748477143 -16.970562748477143 3.4
      vertex -18.044155379495457 -15.824299562401652 7.4
    endloop
  endfacet
  facet normal -0.8492021815265782 -0.528067850650369 0
    outer loop
      vertex -19.955270695261085 -13.333685592470452 3.4
      vertex -20.784609690826528 -12 7.4
      vertex -20.784609690826528 -12 3.4
    endloop
  endfacet
  facet normal -0.8819212643483554 -0.4713967368259969 0
    outer loop
      vertex -21.524945796784518 -10.614928565256031 3.4
      vertex -20.784609690826528 -12 3.4
      vertex -21.524945796784518 -10.614928565256031 7.4
    endloop
  endfacet
  facet normal -0.7730104533627361 -0.6343932841636466 0
    outer loop
      vertex -18.044155379495457 -15.824299562401652 3.4
      vertex -19.040480166989646 -14.610274296209296 7.4
      vertex -19.040480166989646 -14.610274296209296 3.4
    endloop
  endfacet
  facet normal -0.8128466845916164 -0.5824776968678006 0
    outer loop
      vertex -19.955270695261085 -13.333685592470452 3.4
      vertex -19.040480166989646 -14.610274296209296 3.4
      vertex -19.955270695261085 -13.333685592470452 7.4
    endloop
  endfacet
  facet normal -0.6343932841636466 -0.7730104533627361 0
    outer loop
      vertex -15.824299562401652 -18.044155379495457 3.4
      vertex -14.610274296209296 -19.040480166989646 3.4
      vertex -14.610274296209296 -19.040480166989646 7.4
    endloop
  endfacet
  facet normal -0.5824776968678006 -0.8128466845916164 0
    outer loop
      vertex -14.610274296209296 -19.040480166989646 3.4
      vertex -13.333685592470452 -19.955270695261085 3.4
      vertex -13.333685592470452 -19.955270695261085 7.4
    endloop
  endfacet
  facet normal -0.6835923020228697 -0.7298640726978372 0
    outer loop
      vertex -15.824299562401652 -18.044155379495457 3.4
      vertex -15.824299562401652 -18.044155379495457 7.4
      vertex -16.970562748477143 -16.970562748477143 3.4
    endloop
  endfacet
  facet normal -0.528067850650369 -0.8492021815265782 0
    outer loop
      vertex -13.333685592470452 -19.955270695261085 3.4
      vertex -12 -20.784609690826528 3.4
      vertex -12 -20.784609690826528 7.4
    endloop
  endfacet
  facet normal -0.6835923020228697 -0.7298640726978372 0
    outer loop
      vertex -16.970562748477143 -16.970562748477143 3.4
      vertex -15.824299562401652 -18.044155379495457 7.4
      vertex -16.970562748477143 -16.970562748477143 7.4
    endloop
  endfacet
  facet normal -0.7298640726978372 -0.6835923020228697 0
    outer loop
      vertex -16.970562748477143 -16.970562748477143 3.4
      vertex -16.970562748477143 -16.970562748477143 7.4
      vertex -18.044155379495457 -15.824299562401652 7.4
    endloop
  endfacet
  facet normal -0.8492021815265782 -0.528067850650369 0
    outer loop
      vertex -19.955270695261085 -13.333685592470452 3.4
      vertex -19.955270695261085 -13.333685592470452 7.4
      vertex -20.784609690826528 -12 7.4
    endloop
  endfacet
  facet normal -0.8819212643483554 -0.4713967368259969 0
    outer loop
      vertex -20.784609690826528 -12 3.4
      vertex -20.784609690826528 -12 7.4
      vertex -21.524945796784518 -10.614928565256031 7.4
    endloop
  endfacet
  facet normal -0.7730104533627361 -0.6343932841636466 0
    outer loop
      vertex -18.044155379495457 -15.824299562401652 3.4
      vertex -18.044155379495457 -15.824299562401652 7.4
      vertex -19.040480166989646 -14.610274296209296 7.4
    endloop
  endfacet
  facet normal -0.8128466845916164 -0.5824776968678006 0
    outer loop
      vertex -19.040480166989646 -14.610274296209296 3.4
      vertex -19.040480166989646 -14.610274296209296 7.4
      vertex -19.955270695261085 -13.333685592470452 7.4
    endloop
  endfacet
  facet normal -0.6343932841636466 -0.7730104533627361 0
    outer loop
      vertex -15.824299562401652 -18.044155379495457 3.4
      vertex -14.610274296209296 -19.040480166989646 7.4
      vertex -15.824299562401652 -18.044155379495457 7.4
    endloop
  endfacet
  facet normal -0.528067850650369 -0.8492021815265782 0
    outer loop
      vertex -13.333685592470452 -19.955270695261085 3.4
      vertex -12 -20.784609690826528 7.4
      vertex -13.333685592470452 -19.955270695261085 7.4
    endloop
  endfacet
  facet normal -0.5824776968678006 -0.8128466845916164 0
    outer loop
      vertex -14.610274296209296 -19.040480166989646 3.4
      vertex -13.333685592470452 -19.955270695261085 7.4
      vertex -14.610274296209296 -19.040480166989646 7.4
    endloop
  endfacet
  facet normal -0.9359059267573253 -0.35225004792123465 0
    outer loop
      vertex -22.17310878027088 -9.184402376762154 3.4
      vertex -22.726323107882536 -7.714547167275878 7.4
      vertex -22.726323107882536 -7.714547167275878 3.4
    endloop
  endfacet
  facet normal -0.9108638249211762 -0.41270702980439405 0
    outer loop
      vertex -21.524945796784518 -10.614928565256031 3.4
      vertex -22.17310878027088 -9.184402376762154 7.4
      vertex -22.17310878027088 -9.184402376762154 3.4
    endloop
  endfacet
  facet normal -0.9569403357322086 -0.29028467725446333 0
    outer loop
      vertex -22.726323107882536 -7.714547167275878 3.4
      vertex -23.18221983093764 -6.211657082460498 7.4
      vertex -23.18221983093764 -6.211657082460498 3.4
    endloop
  endfacet
  facet normal -0.9738769792773339 -0.2270762630343721 0
    outer loop
      vertex -23.18221983093764 -6.211657082460498 3.4
      vertex -23.53884672967753 -4.682167728387078 7.4
      vertex -23.53884672967753 -4.682167728387078 3.4
    endloop
  endfacet
  facet normal -0.9866433320848791 -0.162895473394588 0
    outer loop
      vertex -23.53884672967753 -4.682167728387078 3.4
      vertex -23.79467667297145 -3.1326286132812378 7.4
      vertex -23.79467667297145 -3.1326286132812378 3.4
    endloop
  endfacet
  facet normal -0.995184726672197 -0.09801714032956008 0
    outer loop
      vertex -23.79467667297145 -3.1326286132812378 3.4
      vertex -23.94861415772648 -1.5696751015234334 7.4
      vertex -23.94861415772648 -1.5696751015234334 3.4
    endloop
  endfacet
  facet normal -0.9994645874763656 -0.0327190828217777 0
    outer loop
      vertex -23.94861415772648 -1.5696751015234334 3.4
      vertex -24 0 7.4
      vertex -24 0 3.4
    endloop
  endfacet
  facet normal -0.9359059267573253 -0.35225004792123465 0
    outer loop
      vertex -22.17310878027088 -9.184402376762154 3.4
      vertex -22.17310878027088 -9.184402376762154 7.4
      vertex -22.726323107882536 -7.714547167275878 7.4
    endloop
  endfacet
  facet normal -0.9108638249211762 -0.41270702980439405 0
    outer loop
      vertex -21.524945796784518 -10.614928565256031 3.4
      vertex -21.524945796784518 -10.614928565256031 7.4
      vertex -22.17310878027088 -9.184402376762154 7.4
    endloop
  endfacet
  facet normal -0.9569403357322086 -0.29028467725446333 0
    outer loop
      vertex -22.726323107882536 -7.714547167275878 3.4
      vertex -22.726323107882536 -7.714547167275878 7.4
      vertex -23.18221983093764 -6.211657082460498 7.4
    endloop
  endfacet
  facet normal -0.9738769792773339 -0.2270762630343721 0
    outer loop
      vertex -23.18221983093764 -6.211657082460498 3.4
      vertex -23.18221983093764 -6.211657082460498 7.4
      vertex -23.53884672967753 -4.682167728387078 7.4
    endloop
  endfacet
  facet normal 0 0 1
    outer loop
      vertex -18.044155379495457 -15.824299562401652 7.4
      vertex -19.040480166989646 14.610274296209296 7.4
      vertex -19.040480166989646 -14.610274296209296 7.4
    endloop
  endfacet
  facet normal 0 0 1
    outer loop
      vertex -18.044155379495457 -15.824299562401652 7.4
      vertex -16.970562748477143 -16.970562748477143 7.4
      vertex -18.044155379495457 15.824299562401652 7.4
    endloop
  endfacet
  facet normal 0 0 1
    outer loop
      vertex -15.824299562401652 -18.044155379495457 7.4
      vertex -16.970562748477143 16.970562748477143 7.4
      vertex -16.970562748477143 -16.970562748477143 7.4
    endloop
  endfacet
  facet normal -0.9866433320848791 -0.162895473394588 0
    outer loop
      vertex -23.53884672967753 -4.682167728387078 3.4
      vertex -23.53884672967753 -4.682167728387078 7.4
      vertex -23.79467667297145 -3.1326286132812378 7.4
    endloop
  endfacet
  facet normal -0.995184726672197 -0.09801714032956008 0
    outer loop
      vertex -23.79467667297145 -3.1326286132812378 3.4
      vertex -23.79467667297145 -3.1326286132812378 7.4
      vertex -23.94861415772648 -1.5696751015234334 7.4
    endloop
  endfacet
  facet normal -0.9994645874763656 -0.0327190828217777 0
    outer loop
      vertex -23.94861415772648 -1.5696751015234334 3.4
      vertex -23.94861415772648 -1.5696751015234334 7.4
      vertex -24 0 7.4
    endloop
  endfacet
  facet normal 0 0 1
    outer loop
      vertex -22.17310878027088 -9.184402376762154 7.4
      vertex -22.726323107882536 7.714547167275878 7.4
      vertex -22.726323107882536 -7.714547167275878 7.4
    endloop
  endfacet
  facet normal 0 0 1
    outer loop
      vertex -21.524945796784518 -10.614928565256031 7.4
      vertex -20.784609690826528 -12 7.4
      vertex -21.524945796784518 10.614928565256031 7.4
    endloop
  endfacet
  facet normal 0 0 1
    outer loop
      vertex -19.955270695261085 -13.333685592470452 7.4
      vertex -20.784609690826528 12 7.4
      vertex -20.784609690826528 -12 7.4
    endloop
  endfacet
  facet normal 0 0 1
    outer loop
      vertex -21.524945796784518 -10.614928565256031 7.4
      vertex -22.17310878027088 9.184402376762154 7.4
      vertex -22.17310878027088 -9.184402376762154 7.4
    endloop
  endfacet
  facet normal 0 0 1
    outer loop
      vertex -23.18221983093764 -6.211657082460498 7.4
      vertex -23.53884672967753 4.682167728387078 7.4
      vertex -23.53884672967753 -4.682167728387078 7.4
    endloop
  endfacet
  facet normal 0 0 1
    outer loop
      vertex -23.53884672967753 -4.682167728387078 7.4
      vertex -23.79467667297145 3.1326286132812378 7.4
      vertex -23.79467667297145 -3.1326286132812378 7.4
    endloop
  endfacet
  facet normal 0 0 1
    outer loop
      vertex -22.726323107882536 -7.714547167275878 7.4
      vertex -23.18221983093764 6.211657082460498 7.4
      vertex -23.18221983093764 -6.211657082460498 7.4
    endloop
  endfacet
  facet normal 0 0 1
    outer loop
      vertex -23.79467667297145 -3.1326286132812378 7.4
      vertex -23.94861415772648 1.5696751015234334 7.4
      vertex -23.94861415772648 -1.5696751015234334 7.4
    endloop
  endfacet
  facet normal 0 0 1
    outer loop
      vertex -19.955270695261085 -13.333685592470452 7.4
      vertex -19.040480166989646 -14.610274296209296 7.4
      vertex -19.955270695261085 13.333685592470452 7.4
    endloop
  endfacet
  facet normal 0 0 1
    outer loop
      vertex -15.824299562401652 -18.044155379495457 7.4
      vertex -14.610274296209296 -19.040480166989646 7.4
      vertex -15.824299562401652 18.044155379495457 7.4
    endloop
  endfacet
  facet normal 0 0 1
    outer loop
      vertex -14.610274296209296 -19.040480166989646 7.4
      vertex -13.333685592470452 -19.955270695261085 7.4
      vertex -14.610274296209296 19.040480166989646 7.4
    endloop
  endfacet
  facet normal 0 0 1
    outer loop
      vertex -13.333685592470452 -19.955270695261085 7.4
      vertex -12 -20.784609690826528 7.4
      vertex -13.333685592470452 19.955270695261085 7.4
    endloop
  endfacet
  facet normal 0 0 1
    outer loop
      vertex -12 -20.784609690826528 7.4
      vertex -10.614928565256031 -21.524945796784518 7.4
      vertex -12 20.784609690826528 7.4
    endloop
  endfacet
  facet normal 0 0 1
    outer loop
      vertex -10.614928565256031 -21.524945796784518 7.4
      vertex -9.184402376762154 -22.17310878027088 7.4
      vertex -10.614928565256031 21.524945796784518 7.4
    endloop
  endfacet
  facet normal 0 0 1
    outer loop
      vertex -9.184402376762154 -22.17310878027088 7.4
      vertex -7.714547167275878 -22.726323107882536 7.4
      vertex -9.184402376762154 22.17310878027088 7.4
    endloop
  endfacet
  facet normal 0 0 1
    outer loop
      vertex -4.682167728387078 -23.53884672967753 7.4
      vertex -3.1326286132812378 -23.79467667297145 7.4
      vertex -3.9231411216129217 -0.780361288064513 7.4
    endloop
  endfacet
  facet normal 0 0 1
    outer loop
      vertex -3.1326286132812378 -23.79467667297145 7.4
      vertex -1.5696751015234334 -23.94861415772648 7.4
      vertex -2.4350457160348826 -3.1734133611649407 7.4
    endloop
  endfacet
  facet normal 0 0 1
    outer loop
      vertex -1.5696751015234334 -23.94861415772648 7.4
      vertex -1.2857578612126463 -3.7877205179804228 7.4
      vertex -1.5307337294603591 -3.695518130045147 7.4
    endloop
  endfacet
  facet normal 0 0 1
    outer loop
      vertex -1.5696751015234334 -23.94861415772648 7.4
      vertex -1.035276180410083 -3.8637033051562732 7.4
      vertex -1.2857578612126463 -3.7877205179804228 7.4
    endloop
  endfacet
  facet normal 0 0 1
    outer loop
      vertex -1.5696751015234334 -23.94861415772648 7.4
      vertex -0.780361288064513 -3.9231411216129217 7.4
      vertex -1.035276180410083 -3.8637033051562732 7.4
    endloop
  endfacet
  facet normal 0 0 1
    outer loop
      vertex -1.5696751015234334 -23.94861415772648 7.4
      vertex 0 -24 7.4
      vertex -0.780361288064513 -3.9231411216129217 7.4
    endloop
  endfacet
  facet normal 0 0 1
    outer loop
      vertex 0 -24 7.4
      vertex 1.5696751015234334 -23.94861415772648 7.4
      vertex 0 -4 7.4
    endloop
  endfacet
  facet normal 0 0 1
    outer loop
      vertex 1.5696751015234334 -23.94861415772648 7.4
      vertex 3.1326286132812378 -23.79467667297145 7.4
      vertex 1.5307337294603591 -3.695518130045147 7.4
    endloop
  endfacet
  facet normal 0 0 1
    outer loop
      vertex 3.1326286132812378 -23.79467667297145 7.4
      vertex 4.682167728387078 -23.53884672967753 7.4
      vertex 3.0073592299159095 -2.6373832604002754 7.4
    endloop
  endfacet
  facet normal 0 0 1
    outer loop
      vertex 0 -24 7.4
      vertex -0.5221047688802063 -3.9657794454952415 7.4
      vertex -0.780361288064513 -3.9231411216129217 7.4
    endloop
  endfacet
  facet normal 0 0 1
    outer loop
      vertex 0 -24 7.4
      vertex -0.26161251692057225 -3.991435692954414 7.4
      vertex -0.5221047688802063 -3.9657794454952415 7.4
    endloop
  endfacet
  facet normal 0 0 1
    outer loop
      vertex 0 -24 7.4
      vertex 0 -4 7.4
      vertex -0.26161251692057225 -3.991435692954414 7.4
    endloop
  endfacet
  facet normal 0 0 1
    outer loop
      vertex 0 -4 7.4
      vertex 1.5696751015234334 -23.94861415772648 7.4
      vertex 0.26161251692057225 -3.991435692954414 7.4
    endloop
  endfacet
  facet normal 0 0 1
    outer loop
      vertex 0.26161251692057225 -3.991435692954414 7.4
      vertex 1.5696751015234334 -23.94861415772648 7.4
      vertex 0.5221047688802063 -3.9657794454952415 7.4
    endloop
  endfacet
  facet normal 0 0 1
    outer loop
      vertex 0.5221047688802063 -3.9657794454952415 7.4
      vertex 1.5696751015234334 -23.94861415772648 7.4
      vertex 0.780361288064513 -3.9231411216129217 7.4
    endloop
  endfacet
  facet normal 0 0 1
    outer loop
      vertex 0.780361288064513 -3.9231411216129217 7.4
      vertex 1.5696751015234334 -23.94861415772648 7.4
      vertex 1.035276180410083 -3.8637033051562732 7.4
    endloop
  endfacet
  facet normal 0 0 1
    outer loop
      vertex 1.035276180410083 -3.8637033051562732 7.4
      vertex 1.5696751015234334 -23.94861415772648 7.4
      vertex 1.2857578612126463 -3.7877205179804228 7.4
    endloop
  endfacet
  facet normal 0 0 1
    outer loop
      vertex 1.5696751015234334 -23.94861415772648 7.4
      vertex 1.5307337294603591 -3.695518130045147 7.4
      vertex 1.2857578612126463 -3.7877205179804228 7.4
    endloop
  endfacet
  facet normal 0 0 1
    outer loop
      vertex 6.211657082460498 -23.18221983093764 7.4
      vertex 6.547202218023941 -10.63242254987899 7.4
      vertex 5.966255055127334 -7.1136774759928105 7.4
    endloop
  endfacet
  facet normal 0 0 1
    outer loop
      vertex 6.211657082460498 -23.18221983093764 7.4
      vertex 5.966255055127334 -7.1136774759928105 7.4
      vertex 5.616688683496108 -3.564470543042797 7.4
    endloop
  endfacet
  facet normal 0 0 1
    outer loop
      vertex -7.714547167275878 -22.726323107882536 7.4
      vertex -6.211657082460498 -23.18221983093764 7.4
      vertex -7.714547167275878 22.726323107882536 7.4
    endloop
  endfacet
  facet normal 0 0 1
    outer loop
      vertex -6.211657082460498 -23.18221983093764 7.4
      vertex -4.682167728387078 -23.53884672967753 7.4
      vertex -6.211657082460498 23.18221983093764 7.4
    endloop
  endfacet
  facet normal 0 0 1
    outer loop
      vertex -3.1326286132812378 -23.79467667297145 7.4
      vertex -2.8284271247461903 -2.8284271247461903 7.4
      vertex -3.0073592299159095 -2.6373832604002754 7.4
    endloop
  endfacet
  facet normal 0 0 1
    outer loop
      vertex -3.1326286132812378 -23.79467667297145 7.4
      vertex -3.0073592299159095 -2.6373832604002754 7.4
      vertex -3.1734133611649407 -2.4350457160348826 7.4
    endloop
  endfacet
  facet normal 0 0 1
    outer loop
      vertex -3.1326286132812378 -23.79467667297145 7.4
      vertex -3.325878449210181 -2.2222809320784087 7.4
      vertex -3.4641016151377544 -2 7.4
    endloop
  endfacet
  facet normal 0 0 1
    outer loop
      vertex -3.1326286132812378 -23.79467667297145 7.4
      vertex -3.1734133611649407 -2.4350457160348826 7.4
      vertex -3.325878449210181 -2.2222809320784087 7.4
    endloop
  endfacet
  facet normal 0 0 1
    outer loop
      vertex -3.1326286132812378 -23.79467667297145 7.4
      vertex -3.4641016151377544 -2 7.4
      vertex -3.587490966130753 -1.7691547608760052 7.4
    endloop
  endfacet
  facet normal 0 0 1
    outer loop
      vertex -4.682167728387078 -23.53884672967753 7.4
      vertex -3.9231411216129217 -0.780361288064513 7.4
      vertex -3.9657794454952415 -0.5221047688802063 7.4
    endloop
  endfacet
  facet normal 0 0 1
    outer loop
      vertex -4.682167728387078 -23.53884672967753 7.4
      vertex -3.9657794454952415 -0.5221047688802063 7.4
      vertex -3.991435692954414 -0.26161251692057225 7.4
    endloop
  endfacet
  facet normal 0 0 1
    outer loop
      vertex -4.682167728387078 -23.53884672967753 7.4
      vertex -3.991435692954414 -0.26161251692057225 7.4
      vertex -4 0 7.4
    endloop
  endfacet
  facet normal 0 0 1
    outer loop
      vertex -3.1326286132812378 -23.79467667297145 7.4
      vertex -3.587490966130753 -1.7691547608760052 7.4
      vertex -3.695518130045147 -1.5307337294603591 7.4
    endloop
  endfacet
  facet normal 0 0 1
    outer loop
      vertex -3.1326286132812378 -23.79467667297145 7.4
      vertex -3.695518130045147 -1.5307337294603591 7.4
      vertex -3.7877205179804228 -1.2857578612126463 7.4
    endloop
  endfacet
  facet normal 0 0 1
    outer loop
      vertex -3.1326286132812378 -23.79467667297145 7.4
      vertex -3.7877205179804228 -1.2857578612126463 7.4
      vertex -3.8637033051562732 -1.035276180410083 7.4
    endloop
  endfacet
  facet normal 0 0 1
    outer loop
      vertex -3.1326286132812378 -23.79467667297145 7.4
      vertex -3.8637033051562732 -1.035276180410083 7.4
      vertex -3.9231411216129217 -0.780361288064513 7.4
    endloop
  endfacet
  facet normal 0 0 1
    outer loop
      vertex -3.1326286132812378 -23.79467667297145 7.4
      vertex -2.4350457160348826 -3.1734133611649407 7.4
      vertex -2.6373832604002754 -3.0073592299159095 7.4
    endloop
  endfacet
  facet normal 0 0 1
    outer loop
      vertex -3.1326286132812378 -23.79467667297145 7.4
      vertex -2.6373832604002754 -3.0073592299159095 7.4
      vertex -2.8284271247461903 -2.8284271247461903 7.4
    endloop
  endfacet
  facet normal 0 0 1
    outer loop
      vertex -1.5696751015234334 -23.94861415772648 7.4
      vertex -2.2222809320784087 -3.325878449210181 7.4
      vertex -2.4350457160348826 -3.1734133611649407 7.4
    endloop
  endfacet
  facet normal 0 0 1
    outer loop
      vertex -1.5696751015234334 -23.94861415772648 7.4
      vertex -1.7691547608760052 -3.587490966130753 7.4
      vertex -2 -3.4641016151377544 7.4
    endloop
  endfacet
  facet normal 0 0 1
    outer loop
      vertex -1.5696751015234334 -23.94861415772648 7.4
      vertex -2 -3.4641016151377544 7.4
      vertex -2.2222809320784087 -3.325878449210181 7.4
    endloop
  endfacet
  facet normal 0 0 1
    outer loop
      vertex -1.5696751015234334 -23.94861415772648 7.4
      vertex -1.5307337294603591 -3.695518130045147 7.4
      vertex -1.7691547608760052 -3.587490966130753 7.4
    endloop
  endfacet
  facet normal 0 0 1
    outer loop
      vertex 3.1326286132812378 -23.79467667297145 7.4
      vertex 1.7691547608760052 -3.587490966130753 7.4
      vertex 1.5307337294603591 -3.695518130045147 7.4
    endloop
  endfacet
  facet normal 0 0 1
    outer loop
      vertex 3.1326286132812378 -23.79467667297145 7.4
      vertex 2 -3.4641016151377544 7.4
      vertex 1.7691547608760052 -3.587490966130753 7.4
    endloop
  endfacet
  facet normal 0 0 1
    outer loop
      vertex 3.1326286132812378 -23.79467667297145 7.4
      vertex 2.2222809320784087 -3.325878449210181 7.4
      vertex 2 -3.4641016151377544 7.4
    endloop
  endfacet
  facet normal 0 0 1
    outer loop
      vertex 3.1326286132812378 -23.79467667297145 7.4
      vertex 2.4350457160348826 -3.1734133611649407 7.4
      vertex 2.2222809320784087 -3.325878449210181 7.4
    endloop
  endfacet
  facet normal 0 0 1
    outer loop
      vertex 3.1326286132812378 -23.79467667297145 7.4
      vertex 2.6373832604002754 -3.0073592299159095 7.4
      vertex 2.4350457160348826 -3.1734133611649407 7.4
    endloop
  endfacet
  facet normal 0 0 1
    outer loop
      vertex 3.1326286132812378 -23.79467667297145 7.4
      vertex 2.8284271247461903 -2.8284271247461903 7.4
      vertex 2.6373832604002754 -3.0073592299159095 7.4
    endloop
  endfacet
  facet normal 0 0 1
    outer loop
      vertex 3.1326286132812378 -23.79467667297145 7.4
      vertex 3.0073592299159095 -2.6373832604002754 7.4
      vertex 2.8284271247461903 -2.8284271247461903 7.4
    endloop
  endfacet
  facet normal 0 0 1
    outer loop
      vertex 4.682167728387078 -23.53884672967753 7.4
      vertex 3.1734133611649407 -2.4350457160348826 7.4
      vertex 3.0073592299159095 -2.6373832604002754 7.4
    endloop
  endfacet
  facet normal 0 0 1
    outer loop
      vertex 4.682167728387078 -23.53884672967753 7.4
      vertex 3.325878449210181 -2.2222809320784087 7.4
      vertex 3.1734133611649407 -2.4350457160348826 7.4
    endloop
  endfacet
  facet normal 0 0 1
    outer loop
      vertex 4.682167728387078 -23.53884672967753 7.4
      vertex 3.4641016151377544 -2 7.4
      vertex 3.325878449210181 -2.2222809320784087 7.4
    endloop
  endfacet
  facet normal 0 0 1
    outer loop
      vertex 4.682167728387078 -23.53884672967753 7.4
      vertex 3.587490966130753 -1.7691547608760052 7.4
      vertex 3.4641016151377544 -2 7.4
    endloop
  endfacet
  facet normal 0 0 1
    outer loop
      vertex 4.682167728387078 -23.53884672967753 7.4
      vertex 3.695518130045147 -1.5307337294603591 7.4
      vertex 3.587490966130753 -1.7691547608760052 7.4
    endloop
  endfacet
  facet normal 0 0 1
    outer loop
      vertex 4.682167728387078 -23.53884672967753 7.4
      vertex 3.7877205179804228 -1.2857578612126463 7.4
      vertex 3.695518130045147 -1.5307337294603591 7.4
    endloop
  endfacet
  facet normal 0 0 1
    outer loop
      vertex 4.682167728387078 -23.53884672967753 7.4
      vertex 3.8637033051562732 -1.035276180410083 7.4
      vertex 3.7877205179804228 -1.2857578612126463 7.4
    endloop
  endfacet
  facet normal 0 0 1
    outer loop
      vertex 4.682167728387078 -23.53884672967753 7.4
      vertex 3.9231411216129217 -0.780361288064513 7.4
      vertex 3.8637033051562732 -1.035276180410083 7.4
    endloop
  endfacet
  facet normal 0 0 1
    outer loop
      vertex 4.682167728387078 -23.53884672967753 7.4
      vertex 3.9657794454952415 -0.5221047688802063 7.4
      vertex 3.9231411216129217 -0.780361288064513 7.4
    endloop
  endfacet
  facet normal 0 0 1
    outer loop
      vertex 4.682167728387078 -23.53884672967753 7.4
      vertex 3.991435692954414 -0.26161251692057225 7.4
      vertex 3.9657794454952415 -0.5221047688802063 7.4
    endloop
  endfacet
  facet normal 0 0 1
    outer loop
      vertex 4.682167728387078 -23.53884672967753 7.4
      vertex 4 0 7.4
      vertex 3.991435692954414 -0.26161251692057225 7.4
    endloop
  endfacet
  facet normal 0 0 1
    outer loop
      vertex 6.211657082460498 -23.18221983093764 7.4
      vertex 5.616688683496108 -3.564470543042797 7.4
      vertex 5.5 0 7.4
    endloop
  endfacet
  facet normal 0 0 1
    outer loop
      vertex 4.682167728387078 -23.53884672967753 7.4
      vertex 6.211657082460498 -23.18221983093764 7.4
      vertex 4.682167728387078 23.53884672967753 7.4
    endloop
  endfacet
  facet normal 0 0 -1
    outer loop
      vertex 6.211657082460498 -23.18221983093764 3.4
      vertex 8.419035512031975 -20.325349715248308 3.4
      vertex 7.714547167275878 -22.726323107882536 3.4
    endloop
  endfacet
  facet normal 0 0 -1
    outer loop
      vertex 6.211657082460498 -23.18221983093764 3.4
      vertex 7.071668236669555 -20.832462848892327 3.4
      vertex 8.419035512031975 -20.325349715248308 3.4
    endloop
  endfacet
  facet normal 0 0 -1
    outer loop
      vertex 7.714547167275878 -22.726323107882536 3.4
      vertex 9.64856547813487 -20.856247063897392 3.4
      vertex 9.184402376762154 -22.17310878027088 3.4
    endloop
  endfacet
  facet normal 0 0 -1
    outer loop
      vertex 7.714547167275878 -22.726323107882536 3.4
      vertex 8.419035512031975 -20.325349715248308 3.4
      vertex 9.64856547813487 -20.856247063897392 3.4
    endloop
  endfacet
  facet normal 0 0 -1
    outer loop
      vertex 9.184402376762154 -22.17310878027088 3.4
      vertex 9.64856547813487 -20.856247063897392 3.4
      vertex 10.064540456312837 -21.774323404574858 3.4
    endloop
  endfacet
  facet normal 0.29028467725446333 -0.9569403357322086 0
    outer loop
      vertex 6.211657082460498 -23.18221983093764 3.4
      vertex 7.714547167275878 -22.726323107882536 3.4
      vertex 7.714547167275878 -22.726323107882536 7.4
    endloop
  endfacet
  facet normal 0.35225004792123465 -0.9359059267573253 0
    outer loop
      vertex 7.714547167275878 -22.726323107882536 3.4
      vertex 9.184402376762154 -22.17310878027088 3.4
      vertex 9.184402376762154 -22.17310878027088 7.4
    endloop
  endfacet
  facet normal 0.41270702980439494 -0.9108638249211757 0
    outer loop
      vertex 9.184402376762154 -22.17310878027088 3.4
      vertex 10.064540456312837 -21.774323404574858 3.4
      vertex 10.064540456312837 -21.774323404574858 7.4
    endloop
  endfacet
  facet normal 0.29028467725446333 -0.9569403357322086 0
    outer loop
      vertex 6.211657082460498 -23.18221983093764 3.4
      vertex 7.714547167275878 -22.726323107882536 7.4
      vertex 6.211657082460498 -23.18221983093764 7.4
    endloop
  endfacet
  facet normal 0.35225004792123465 -0.9359059267573253 0
    outer loop
      vertex 7.714547167275878 -22.726323107882536 3.4
      vertex 9.184402376762154 -22.17310878027088 7.4
      vertex 7.714547167275878 -22.726323107882536 7.4
    endloop
  endfacet
  facet normal 0.41270702980439494 -0.9108638249211757 0
    outer loop
      vertex 9.184402376762154 -22.17310878027088 3.4
      vertex 10.064540456312837 -21.774323404574858 7.4
      vertex 9.184402376762154 -22.17310878027088 7.4
    endloop
  endfacet
  facet normal 0 0 1
    outer loop
      vertex 9.184402376762154 -22.17310878027088 7.4
      vertex 10.064540456312837 -21.774323404574858 7.4
      vertex 9.64856547813487 -20.856247063897392 7.4
    endloop
  endfacet
  facet normal 0 0 -1
    outer loop
      vertex 8.419035512031975 -20.325349715248308 3.4
      vertex 9.298732840201563 -19.92676404140496 3.4
      vertex 9.64856547813487 -20.856247063897392 3.4
    endloop
  endfacet
  facet normal 0 0 1
    outer loop
      vertex 6.211657082460498 -23.18221983093764 7.4
      vertex 7.714547167275878 -22.726323107882536 7.4
      vertex 7.357042467245776 -14.10563795808738 7.4
    endloop
  endfacet
  facet normal 0 0 1
    outer loop
      vertex 7.714547167275878 -22.726323107882536 7.4
      vertex 9.184402376762154 -22.17310878027088 7.4
      vertex 8.392307942516737 -17.518450859022305 7.4
    endloop
  endfacet
  facet normal 0 0 1
    outer loop
      vertex 9.184402376762154 -22.17310878027088 7.4
      vertex 9.64856547813487 -20.856247063897392 7.4
      vertex 8.392307942516737 -17.518450859022305 7.4
    endloop
  endfacet
  facet normal 0 0 1
    outer loop
      vertex 7.357042467245776 -14.10563795808738 7.4
      vertex 7.714547167275878 -22.726323107882536 7.4
      vertex 8.392307942516737 -17.518450859022305 7.4
    endloop
  endfacet
  facet normal 0 0 1
    outer loop
      vertex 6.211657082460498 -23.18221983093764 7.4
      vertex 7.357042467245776 -14.10563795808738 7.4
      vertex 6.547202218023941 -10.63242254987899 7.4
    endloop
  endfacet
  facet normal 0 0 -1
    outer loop
      vertex -23.94861415772648 -1.5696751015234334 3.4
      vertex -24 0 3.4
      vertex -23.94861415772648 1.5696751015234334 3.4
    endloop
  endfacet
  facet normal 0 0 -1
    outer loop
      vertex -23.94861415772648 -1.5696751015234334 3.4
      vertex -23.94861415772648 1.5696751015234334 3.4
      vertex -23.79467667297145 3.1326286132812378 3.4
    endloop
  endfacet
  facet normal 0 0 -1
    outer loop
      vertex -22.17310878027088 -9.184402376762154 3.4
      vertex -22.17310878027088 9.184402376762154 3.4
      vertex -22 0 3.4
    endloop
  endfacet
  facet normal 0 0 -1
    outer loop
      vertex -23.79467667297145 -3.1326286132812378 3.4
      vertex -23.79467667297145 3.1326286132812378 3.4
      vertex -23.53884672967753 4.682167728387078 3.4
    endloop
  endfacet
  facet normal 0 0 -1
    outer loop
      vertex -23.53884672967753 -4.682167728387078 3.4
      vertex -23.53884672967753 4.682167728387078 3.4
      vertex -23.18221983093764 6.211657082460498 3.4
    endloop
  endfacet
  facet normal 0 0 -1
    outer loop
      vertex -23.18221983093764 -6.211657082460498 3.4
      vertex -23.18221983093764 6.211657082460498 3.4
      vertex -22.726323107882536 7.714547167275878 3.4
    endloop
  endfacet
  facet normal 0 0 -1
    outer loop
      vertex -22.726323107882536 -7.714547167275878 3.4
      vertex -22.726323107882536 7.714547167275878 3.4
      vertex -22.17310878027088 9.184402376762154 3.4
    endloop
  endfacet
  facet normal 0 0 -1
    outer loop
      vertex -22 0 3.4
      vertex -22.17310878027088 9.184402376762154 3.4
      vertex -21.952896311249276 1.4388688430631473 3.4
    endloop
  endfacet
  facet normal 0 0 -1
    outer loop
      vertex -21.952896311249276 1.4388688430631473 3.4
      vertex -22.17310878027088 9.184402376762154 3.4
      vertex -21.81178695022383 2.8715762288411346 3.4
    endloop
  endfacet
  facet normal 0 0 -1
    outer loop
      vertex -21.81178695022383 2.8715762288411346 3.4
      vertex -21.524945796784518 10.614928565256031 3.4
      vertex -21.57727616887107 4.291987084354822 3.4
    endloop
  endfacet
  facet normal 0 0 -1
    outer loop
      vertex -21.57727616887107 4.291987084354822 3.4
      vertex -21.524945796784518 10.614928565256031 3.4
      vertex -21.2503681783595 5.694018992255456 3.4
    endloop
  endfacet
  facet normal 0 0 -1
    outer loop
      vertex -21.81178695022383 2.8715762288411346 3.4
      vertex -22.17310878027088 9.184402376762154 3.4
      vertex -21.524945796784518 10.614928565256031 3.4
    endloop
  endfacet
  facet normal 0 0 -1
    outer loop
      vertex -21.2503681783595 5.694018992255456 3.4
      vertex -20.784609690826528 12 3.4
      vertex -20.832462848892327 7.071668236669555 3.4
    endloop
  endfacet
  facet normal 0 0 -1
    outer loop
      vertex -21.2503681783595 5.694018992255456 3.4
      vertex -21.524945796784518 10.614928565256031 3.4
      vertex -20.784609690826528 12 3.4
    endloop
  endfacet
  facet normal 0 0 -1
    outer loop
      vertex -20.832462848892327 7.071668236669555 3.4
      vertex -20.784609690826528 12 3.4
      vertex -20.325349715248308 8.419035512031975 3.4
    endloop
  endfacet
  facet normal 0 0 -1
    outer loop
      vertex -20.325349715248308 8.419035512031975 3.4
      vertex -20.784609690826528 12 3.4
      vertex -19.955270695261085 13.333685592470452 3.4
    endloop
  endfacet
  facet normal 0 0 -1
    outer loop
      vertex -20.325349715248308 8.419035512031975 3.4
      vertex -19.955270695261085 13.333685592470452 3.4
      vertex -19.731200313719143 9.730351184818028 3.4
    endloop
  endfacet
  facet normal 0 0 -1
    outer loop
      vertex -19.731200313719143 9.730351184818028 3.4
      vertex -19.040480166989646 14.610274296209296 3.4
      vertex -19.05255888325765 11 3.4
    endloop
  endfacet
  facet normal 0 0 -1
    outer loop
      vertex -19.731200313719143 9.730351184818028 3.4
      vertex -19.955270695261085 13.333685592470452 3.4
      vertex -19.040480166989646 14.610274296209296 3.4
    endloop
  endfacet
  facet normal 0 0 -1
    outer loop
      vertex -19.05255888325765 11 3.4
      vertex -19.040480166989646 14.610274296209296 3.4
      vertex -18.292331470655995 12.222545126431248 3.4
    endloop
  endfacet
  facet normal 0 0 -1
    outer loop
      vertex -18.292331470655995 12.222545126431248 3.4
      vertex -19.040480166989646 14.610274296209296 3.4
      vertex -18.044155379495457 15.824299562401652 3.4
    endloop
  endfacet
  facet normal 0 0 -1
    outer loop
      vertex -18.292331470655995 12.222545126431248 3.4
      vertex -18.044155379495457 15.824299562401652 3.4
      vertex -17.453773486407172 13.392751438191855 3.4
    endloop
  endfacet
  facet normal 0 0 -1
    outer loop
      vertex -18.044155379495457 15.824299562401652 3.4
      vertex -16.970562748477143 16.970562748477143 3.4
      vertex -17.453773486407172 13.392751438191855 3.4
    endloop
  endfacet
  facet normal 0 0 -1
    outer loop
      vertex -17.453773486407172 13.392751438191855 3.4
      vertex -16.970562748477143 16.970562748477143 3.4
      vertex -16.540475764537504 14.505607932201514 3.4
    endloop
  endfacet
  facet normal 0 0 -1
    outer loop
      vertex -16.540475764537504 14.505607932201514 3.4
      vertex -16.970562748477143 16.970562748477143 3.4
      vertex -15.824299562401652 18.044155379495457 3.4
    endloop
  endfacet
  facet normal 0 0 -1
    outer loop
      vertex -16.540475764537504 14.505607932201514 3.4
      vertex -15.824299562401652 18.044155379495457 3.4
      vertex -15.556349186104047 15.556349186104047 3.4
    endloop
  endfacet
  facet normal 0 0 -1
    outer loop
      vertex -15.556349186104047 15.556349186104047 3.4
      vertex -15.824299562401652 18.044155379495457 3.4
      vertex -14.610274296209296 19.040480166989646 3.4
    endloop
  endfacet
  facet normal 0 0 -1
    outer loop
      vertex -15.556349186104047 15.556349186104047 3.4
      vertex -14.610274296209296 19.040480166989646 3.4
      vertex -14.505607932201514 16.540475764537504 3.4
    endloop
  endfacet
  facet normal 0 0 -1
    outer loop
      vertex -14.505607932201514 16.540475764537504 3.4
      vertex -13.333685592470452 19.955270695261085 3.4
      vertex -13.392751438191855 17.453773486407172 3.4
    endloop
  endfacet
  facet normal 0 0 -1
    outer loop
      vertex -14.505607932201514 16.540475764537504 3.4
      vertex -14.610274296209296 19.040480166989646 3.4
      vertex -13.333685592470452 19.955270695261085 3.4
    endloop
  endfacet
  facet normal 0 0 -1
    outer loop
      vertex -13.392751438191855 17.453773486407172 3.4
      vertex -13.333685592470452 19.955270695261085 3.4
      vertex -12.222545126431248 18.292331470655995 3.4
    endloop
  endfacet
  facet normal 0 0 -1
    outer loop
      vertex -13.333685592470452 19.955270695261085 3.4
      vertex -12 20.784609690826528 3.4
      vertex -12.222545126431248 18.292331470655995 3.4
    endloop
  endfacet
  facet normal 0 0 -1
    outer loop
      vertex -12.222545126431248 18.292331470655995 3.4
      vertex -12 20.784609690826528 3.4
      vertex -11 19.05255888325765 3.4
    endloop
  endfacet
  facet normal 0 0 -1
    outer loop
      vertex -12 20.784609690826528 3.4
      vertex -10.614928565256031 21.524945796784518 3.4
      vertex -11 19.05255888325765 3.4
    endloop
  endfacet
  facet normal 0 0 -1
    outer loop
      vertex -11 19.05255888325765 3.4
      vertex -10.614928565256031 21.524945796784518 3.4
      vertex -9.730351184818028 19.731200313719143 3.4
    endloop
  endfacet
  facet normal 0 0 -1
    outer loop
      vertex -9.730351184818028 19.731200313719143 3.4
      vertex -9.184402376762154 22.17310878027088 3.4
      vertex -8.419035512031975 20.325349715248308 3.4
    endloop
  endfacet
  facet normal -0.9994645874763656 0.0327190828217777 0
    outer loop
      vertex -24 0 3.4
      vertex -23.94861415772648 1.5696751015234334 7.4
      vertex -23.94861415772648 1.5696751015234334 3.4
    endloop
  endfacet
  facet normal -0.995184726672197 0.09801714032956008 0
    outer loop
      vertex -23.94861415772648 1.5696751015234334 3.4
      vertex -23.79467667297145 3.1326286132812378 7.4
      vertex -23.79467667297145 3.1326286132812378 3.4
    endloop
  endfacet
  facet normal -0.9866433320848791 0.162895473394588 0
    outer loop
      vertex -23.79467667297145 3.1326286132812378 3.4
      vertex -23.53884672967753 4.682167728387078 7.4
      vertex -23.53884672967753 4.682167728387078 3.4
    endloop
  endfacet
  facet normal -0.9738769792773339 0.2270762630343721 0
    outer loop
      vertex -23.53884672967753 4.682167728387078 3.4
      vertex -23.18221983093764 6.211657082460498 7.4
      vertex -23.18221983093764 6.211657082460498 3.4
    endloop
  endfacet
  facet normal -0.9569403357322086 0.29028467725446333 0
    outer loop
      vertex -23.18221983093764 6.211657082460498 3.4
      vertex -22.726323107882536 7.714547167275878 7.4
      vertex -22.726323107882536 7.714547167275878 3.4
    endloop
  endfacet
  facet normal -0.9359059267573253 0.35225004792123465 0
    outer loop
      vertex -22.726323107882536 7.714547167275878 3.4
      vertex -22.17310878027088 9.184402376762154 7.4
      vertex -22.17310878027088 9.184402376762154 3.4
    endloop
  endfacet
  facet normal -0.9108638249211762 0.41270702980439405 0
    outer loop
      vertex -22.17310878027088 9.184402376762154 3.4
      vertex -21.524945796784518 10.614928565256031 7.4
      vertex -21.524945796784518 10.614928565256031 3.4
    endloop
  endfacet
  facet normal -0.9994645874763656 0.0327190828217777 0
    outer loop
      vertex -24 0 3.4
      vertex -24 0 7.4
      vertex -23.94861415772648 1.5696751015234334 7.4
    endloop
  endfacet
  facet normal -0.995184726672197 0.09801714032956008 0
    outer loop
      vertex -23.94861415772648 1.5696751015234334 3.4
      vertex -23.94861415772648 1.5696751015234334 7.4
      vertex -23.79467667297145 3.1326286132812378 7.4
    endloop
  endfacet
  facet normal -0.9866433320848791 0.162895473394588 0
    outer loop
      vertex -23.79467667297145 3.1326286132812378 3.4
      vertex -23.79467667297145 3.1326286132812378 7.4
      vertex -23.53884672967753 4.682167728387078 7.4
    endloop
  endfacet
  facet normal -0.9738769792773339 0.2270762630343721 0
    outer loop
      vertex -23.53884672967753 4.682167728387078 3.4
      vertex -23.53884672967753 4.682167728387078 7.4
      vertex -23.18221983093764 6.211657082460498 7.4
    endloop
  endfacet
  facet normal 0 0 1
    outer loop
      vertex -23.94861415772648 -1.5696751015234334 7.4
      vertex -23.94861415772648 1.5696751015234334 7.4
      vertex -24 0 7.4
    endloop
  endfacet
  facet normal 0 0 1
    outer loop
      vertex -23.79467667297145 -3.1326286132812378 7.4
      vertex -23.79467667297145 3.1326286132812378 7.4
      vertex -23.94861415772648 1.5696751015234334 7.4
    endloop
  endfacet
  facet normal 0 0 1
    outer loop
      vertex -23.53884672967753 -4.682167728387078 7.4
      vertex -23.53884672967753 4.682167728387078 7.4
      vertex -23.79467667297145 3.1326286132812378 7.4
    endloop
  endfacet
  facet normal 0 0 1
    outer loop
      vertex -23.18221983093764 -6.211657082460498 7.4
      vertex -23.18221983093764 6.211657082460498 7.4
      vertex -23.53884672967753 4.682167728387078 7.4
    endloop
  endfacet
  facet normal 0 0 1
    outer loop
      vertex -22.726323107882536 -7.714547167275878 7.4
      vertex -22.726323107882536 7.714547167275878 7.4
      vertex -23.18221983093764 6.211657082460498 7.4
    endloop
  endfacet
  facet normal 0 0 1
    outer loop
      vertex -22.17310878027088 -9.184402376762154 7.4
      vertex -22.17310878027088 9.184402376762154 7.4
      vertex -22.726323107882536 7.714547167275878 7.4
    endloop
  endfacet
  facet normal 0 0 1
    outer loop
      vertex -21.524945796784518 -10.614928565256031 7.4
      vertex -21.524945796784518 10.614928565256031 7.4
      vertex -22.17310878027088 9.184402376762154 7.4
    endloop
  endfacet
  facet normal 0 0 1
    outer loop
      vertex -20.784609690826528 -12 7.4
      vertex -20.784609690826528 12 7.4
      vertex -21.524945796784518 10.614928565256031 7.4
    endloop
  endfacet
  facet normal 0 0 1
    outer loop
      vertex -19.955270695261085 -13.333685592470452 7.4
      vertex -19.955270695261085 13.333685592470452 7.4
      vertex -20.784609690826528 12 7.4
    endloop
  endfacet
  facet normal 0 0 1
    outer loop
      vertex -19.040480166989646 -14.610274296209296 7.4
      vertex -19.040480166989646 14.610274296209296 7.4
      vertex -19.955270695261085 13.333685592470452 7.4
    endloop
  endfacet
  facet normal 0 0 1
    outer loop
      vertex -18.044155379495457 -15.824299562401652 7.4
      vertex -18.044155379495457 15.824299562401652 7.4
      vertex -19.040480166989646 14.610274296209296 7.4
    endloop
  endfacet
  facet normal -0.9569403357322086 0.29028467725446333 0
    outer loop
      vertex -23.18221983093764 6.211657082460498 3.4
      vertex -23.18221983093764 6.211657082460498 7.4
      vertex -22.726323107882536 7.714547167275878 7.4
    endloop
  endfacet
  facet normal -0.9359059267573253 0.35225004792123465 0
    outer loop
      vertex -22.726323107882536 7.714547167275878 3.4
      vertex -22.726323107882536 7.714547167275878 7.4
      vertex -22.17310878027088 9.184402376762154 7.4
    endloop
  endfacet
  facet normal -0.9108638249211762 0.41270702980439405 0
    outer loop
      vertex -22.17310878027088 9.184402376762154 3.4
      vertex -22.17310878027088 9.184402376762154 7.4
      vertex -21.524945796784518 10.614928565256031 7.4
    endloop
  endfacet
  facet normal 0 0 1
    outer loop
      vertex -16.970562748477143 -16.970562748477143 7.4
      vertex -16.970562748477143 16.970562748477143 7.4
      vertex -18.044155379495457 15.824299562401652 7.4
    endloop
  endfacet
  facet normal 0 0 1
    outer loop
      vertex -15.824299562401652 -18.044155379495457 7.4
      vertex -15.824299562401652 18.044155379495457 7.4
      vertex -16.970562748477143 16.970562748477143 7.4
    endloop
  endfacet
  facet normal 0 0 1
    outer loop
      vertex -14.610274296209296 -19.040480166989646 7.4
      vertex -14.610274296209296 19.040480166989646 7.4
      vertex -15.824299562401652 18.044155379495457 7.4
    endloop
  endfacet
  facet normal 0 0 1
    outer loop
      vertex -13.333685592470452 -19.955270695261085 7.4
      vertex -13.333685592470452 19.955270695261085 7.4
      vertex -14.610274296209296 19.040480166989646 7.4
    endloop
  endfacet
  facet normal 0 0 1
    outer loop
      vertex -12 -20.784609690826528 7.4
      vertex -12 20.784609690826528 7.4
      vertex -13.333685592470452 19.955270695261085 7.4
    endloop
  endfacet
  facet normal 0 0 1
    outer loop
      vertex -10.614928565256031 -21.524945796784518 7.4
      vertex -10.614928565256031 21.524945796784518 7.4
      vertex -12 20.784609690826528 7.4
    endloop
  endfacet
  facet normal 0 0 1
    outer loop
      vertex -9.184402376762154 -22.17310878027088 7.4
      vertex -9.184402376762154 22.17310878027088 7.4
      vertex -10.614928565256031 21.524945796784518 7.4
    endloop
  endfacet
  facet normal -0.8819212643483554 0.4713967368259969 0
    outer loop
      vertex -21.524945796784518 10.614928565256031 3.4
      vertex -20.784609690826528 12 7.4
      vertex -20.784609690826528 12 3.4
    endloop
  endfacet
  facet normal -0.8492021815265782 0.528067850650369 0
    outer loop
      vertex -20.784609690826528 12 3.4
      vertex -19.955270695261085 13.333685592470452 7.4
      vertex -19.955270695261085 13.333685592470452 3.4
    endloop
  endfacet
  facet normal -0.8128466845916164 0.5824776968678006 0
    outer loop
      vertex -19.955270695261085 13.333685592470452 3.4
      vertex -19.040480166989646 14.610274296209296 7.4
      vertex -19.040480166989646 14.610274296209296 3.4
    endloop
  endfacet
  facet normal -0.7730104533627361 0.6343932841636466 0
    outer loop
      vertex -19.040480166989646 14.610274296209296 3.4
      vertex -18.044155379495457 15.824299562401652 7.4
      vertex -18.044155379495457 15.824299562401652 3.4
    endloop
  endfacet
  facet normal -0.7298640726978372 0.6835923020228697 0
    outer loop
      vertex -18.044155379495457 15.824299562401652 3.4
      vertex -16.970562748477143 16.970562748477143 7.4
      vertex -16.970562748477143 16.970562748477143 3.4
    endloop
  endfacet
  facet normal -0.6835923020228697 0.7298640726978372 0
    outer loop
      vertex -16.970562748477143 16.970562748477143 3.4
      vertex -16.970562748477143 16.970562748477143 7.4
      vertex -15.824299562401652 18.044155379495457 3.4
    endloop
  endfacet
  facet normal -0.6343932841636466 0.7730104533627361 0
    outer loop
      vertex -15.824299562401652 18.044155379495457 3.4
      vertex -15.824299562401652 18.044155379495457 7.4
      vertex -14.610274296209296 19.040480166989646 3.4
    endloop
  endfacet
  facet normal -0.5824776968678006 0.8128466845916164 0
    outer loop
      vertex -14.610274296209296 19.040480166989646 3.4
      vertex -14.610274296209296 19.040480166989646 7.4
      vertex -13.333685592470452 19.955270695261085 3.4
    endloop
  endfacet
  facet normal -0.528067850650369 0.8492021815265782 0
    outer loop
      vertex -13.333685592470452 19.955270695261085 3.4
      vertex -13.333685592470452 19.955270695261085 7.4
      vertex -12 20.784609690826528 3.4
    endloop
  endfacet
  facet normal -0.8819212643483554 0.4713967368259969 0
    outer loop
      vertex -21.524945796784518 10.614928565256031 3.4
      vertex -21.524945796784518 10.614928565256031 7.4
      vertex -20.784609690826528 12 7.4
    endloop
  endfacet
  facet normal -0.8492021815265782 0.528067850650369 0
    outer loop
      vertex -20.784609690826528 12 3.4
      vertex -20.784609690826528 12 7.4
      vertex -19.955270695261085 13.333685592470452 7.4
    endloop
  endfacet
  facet normal -0.8128466845916164 0.5824776968678006 0
    outer loop
      vertex -19.955270695261085 13.333685592470452 3.4
      vertex -19.955270695261085 13.333685592470452 7.4
      vertex -19.040480166989646 14.610274296209296 7.4
    endloop
  endfacet
  facet normal -0.7730104533627361 0.6343932841636466 0
    outer loop
      vertex -19.040480166989646 14.610274296209296 3.4
      vertex -19.040480166989646 14.610274296209296 7.4
      vertex -18.044155379495457 15.824299562401652 7.4
    endloop
  endfacet
  facet normal -0.7298640726978372 0.6835923020228697 0
    outer loop
      vertex -18.044155379495457 15.824299562401652 3.4
      vertex -18.044155379495457 15.824299562401652 7.4
      vertex -16.970562748477143 16.970562748477143 7.4
    endloop
  endfacet
  facet normal -0.6835923020228697 0.7298640726978372 0
    outer loop
      vertex -15.824299562401652 18.044155379495457 3.4
      vertex -16.970562748477143 16.970562748477143 7.4
      vertex -15.824299562401652 18.044155379495457 7.4
    endloop
  endfacet
  facet normal -0.6343932841636466 0.7730104533627361 0
    outer loop
      vertex -14.610274296209296 19.040480166989646 3.4
      vertex -15.824299562401652 18.044155379495457 7.4
      vertex -14.610274296209296 19.040480166989646 7.4
    endloop
  endfacet
  facet normal -0.5824776968678006 0.8128466845916164 0
    outer loop
      vertex -13.333685592470452 19.955270695261085 3.4
      vertex -14.610274296209296 19.040480166989646 7.4
      vertex -13.333685592470452 19.955270695261085 7.4
    endloop
  endfacet
  facet normal -0.528067850650369 0.8492021815265782 0
    outer loop
      vertex -12 20.784609690826528 3.4
      vertex -13.333685592470452 19.955270695261085 7.4
      vertex -12 20.784609690826528 7.4
    endloop
  endfacet
  facet normal 0 0 1
    outer loop
      vertex -4.682167728387078 -23.53884672967753 7.4
      vertex -4 0 7.4
      vertex -4.682167728387078 23.53884672967753 7.4
    endloop
  endfacet
  facet normal 0 0 1
    outer loop
      vertex -7.714547167275878 -22.726323107882536 7.4
      vertex -7.714547167275878 22.726323107882536 7.4
      vertex -9.184402376762154 22.17310878027088 7.4
    endloop
  endfacet
  facet normal 0 0 1
    outer loop
      vertex -6.211657082460498 -23.18221983093764 7.4
      vertex -6.211657082460498 23.18221983093764 7.4
      vertex -7.714547167275878 22.726323107882536 7.4
    endloop
  endfacet
  facet normal 0 0 1
    outer loop
      vertex -4.682167728387078 -23.53884672967753 7.4
      vertex -4.682167728387078 23.53884672967753 7.4
      vertex -6.211657082460498 23.18221983093764 7.4
    endloop
  endfacet
  facet normal 0 0 1
    outer loop
      vertex -4 0 7.4
      vertex -3.991435692954414 0.26161251692057225 7.4
      vertex -4.682167728387078 23.53884672967753 7.4
    endloop
  endfacet
  facet normal 0 0 1
    outer loop
      vertex -3.991435692954414 0.26161251692057225 7.4
      vertex -3.9657794454952415 0.5221047688802063 7.4
      vertex -4.682167728387078 23.53884672967753 7.4
    endloop
  endfacet
  facet normal 0 0 1
    outer loop
      vertex -3.9657794454952415 0.5221047688802063 7.4
      vertex -3.9231411216129217 0.780361288064513 7.4
      vertex -4.682167728387078 23.53884672967753 7.4
    endloop
  endfacet
  facet normal 0 0 1
    outer loop
      vertex -3.9231411216129217 0.780361288064513 7.4
      vertex -3.8637033051562732 1.035276180410083 7.4
      vertex -4.682167728387078 23.53884672967753 7.4
    endloop
  endfacet
  facet normal 0 0 1
    outer loop
      vertex -3.8637033051562732 1.035276180410083 7.4
      vertex -3.7877205179804228 1.2857578612126463 7.4
      vertex -4.682167728387078 23.53884672967753 7.4
    endloop
  endfacet
  facet normal 0 0 1
    outer loop
      vertex -3.7877205179804228 1.2857578612126463 7.4
      vertex -3.695518130045147 1.5307337294603591 7.4
      vertex -4.682167728387078 23.53884672967753 7.4
    endloop
  endfacet
  facet normal 0 0 1
    outer loop
      vertex -3.695518130045147 1.5307337294603591 7.4
      vertex -3.587490966130753 1.7691547608760052 7.4
      vertex -4.682167728387078 23.53884672967753 7.4
    endloop
  endfacet
  facet normal 0 0 1
    outer loop
      vertex -3.587490966130753 1.7691547608760052 7.4
      vertex -3.4641016151377544 2 7.4
      vertex -4.682167728387078 23.53884672967753 7.4
    endloop
  endfacet
  facet normal 0 0 1
    outer loop
      vertex -3.4641016151377544 2 7.4
      vertex -3.325878449210181 2.2222809320784087 7.4
      vertex -4.682167728387078 23.53884672967753 7.4
    endloop
  endfacet
  facet normal 0 0 1
    outer loop
      vertex -3.325878449210181 2.2222809320784087 7.4
      vertex -3.1734133611649407 2.4350457160348826 7.4
      vertex -4.682167728387078 23.53884672967753 7.4
    endloop
  endfacet
  facet normal 0 0 1
    outer loop
      vertex -3.1734133611649407 2.4350457160348826 7.4
      vertex -3.0073592299159095 2.6373832604002754 7.4
      vertex -4.682167728387078 23.53884672967753 7.4
    endloop
  endfacet
  facet normal 0 0 1
    outer loop
      vertex -3.0073592299159095 2.6373832604002754 7.4
      vertex -2.8284271247461903 2.8284271247461903 7.4
      vertex -3.1326286132812378 23.79467667297145 7.4
    endloop
  endfacet
  facet normal 0 0 1
    outer loop
      vertex -2.8284271247461903 2.8284271247461903 7.4
      vertex -2.6373832604002754 3.0073592299159095 7.4
      vertex -3.1326286132812378 23.79467667297145 7.4
    endloop
  endfacet
  facet normal 0 0 1
    outer loop
      vertex -2.6373832604002754 3.0073592299159095 7.4
      vertex -2.4350457160348826 3.1734133611649407 7.4
      vertex -3.1326286132812378 23.79467667297145 7.4
    endloop
  endfacet
  facet normal 0 0 1
    outer loop
      vertex -2.4350457160348826 3.1734133611649407 7.4
      vertex -2.2222809320784087 3.325878449210181 7.4
      vertex -3.1326286132812378 23.79467667297145 7.4
    endloop
  endfacet
  facet normal 0 0 1
    outer loop
      vertex -2.2222809320784087 3.325878449210181 7.4
      vertex -2 3.4641016151377544 7.4
      vertex -3.1326286132812378 23.79467667297145 7.4
    endloop
  endfacet
  facet normal 0 0 1
    outer loop
      vertex -2 3.4641016151377544 7.4
      vertex -1.7691547608760052 3.587490966130753 7.4
      vertex -3.1326286132812378 23.79467667297145 7.4
    endloop
  endfacet
  facet normal 0 0 1
    outer loop
      vertex -1.7691547608760052 3.587490966130753 7.4
      vertex -1.5307337294603591 3.695518130045147 7.4
      vertex -3.1326286132812378 23.79467667297145 7.4
    endloop
  endfacet
  facet normal 0 0 1
    outer loop
      vertex 4.682167728387078 -23.53884672967753 7.4
      vertex 4.682167728387078 23.53884672967753 7.4
      vertex 4 0 7.4
    endloop
  endfacet
  facet normal 0 0 1
    outer loop
      vertex 6.211657082460498 -23.18221983093764 7.4
      vertex 5.5 0 7.4
      vertex 4.682167728387078 23.53884672967753 7.4
    endloop
  endfacet
  facet normal 0 0 1
    outer loop
      vertex 1.5307337294603591 3.695518130045147 7.4
      vertex 1.7691547608760052 3.587490966130753 7.4
      vertex 1.5696751015234334 23.94861415772648 7.4
    endloop
  endfacet
  facet normal 0 0 1
    outer loop
      vertex 1.7691547608760052 3.587490966130753 7.4
      vertex 2 3.4641016151377544 7.4
      vertex 1.5696751015234334 23.94861415772648 7.4
    endloop
  endfacet
  facet normal 0 0 1
    outer loop
      vertex 2.2222809320784087 3.325878449210181 7.4
      vertex 1.5696751015234334 23.94861415772648 7.4
      vertex 2 3.4641016151377544 7.4
    endloop
  endfacet
  facet normal 0 0 1
    outer loop
      vertex 2.2222809320784087 3.325878449210181 7.4
      vertex 2.4350457160348826 3.1734133611649407 7.4
      vertex 1.5696751015234334 23.94861415772648 7.4
    endloop
  endfacet
  facet normal 0 0 1
    outer loop
      vertex 2.4350457160348826 3.1734133611649407 7.4
      vertex 2.6373832604002754 3.0073592299159095 7.4
      vertex 3.1326286132812378 23.79467667297145 7.4
    endloop
  endfacet
  facet normal 0 0 1
    outer loop
      vertex 3.9231411216129217 0.780361288064513 7.4
      vertex 3.1326286132812378 23.79467667297145 7.4
      vertex 3.8637033051562732 1.035276180410083 7.4
    endloop
  endfacet
  facet normal 0 0 1
    outer loop
      vertex 3.7877205179804228 1.2857578612126463 7.4
      vertex 3.8637033051562732 1.035276180410083 7.4
      vertex 3.1326286132812378 23.79467667297145 7.4
    endloop
  endfacet
  facet normal 0 0 1
    outer loop
      vertex 3.7877205179804228 1.2857578612126463 7.4
      vertex 3.1326286132812378 23.79467667297145 7.4
      vertex 3.695518130045147 1.5307337294603591 7.4
    endloop
  endfacet
  facet normal 0 0 1
    outer loop
      vertex 3.587490966130753 1.7691547608760052 7.4
      vertex 3.695518130045147 1.5307337294603591 7.4
      vertex 3.1326286132812378 23.79467667297145 7.4
    endloop
  endfacet
  facet normal 0 0 1
    outer loop
      vertex 4 0 7.4
      vertex 4.682167728387078 23.53884672967753 7.4
      vertex 3.991435692954414 0.26161251692057225 7.4
    endloop
  endfacet
  facet normal 0 0 1
    outer loop
      vertex 3.991435692954414 0.26161251692057225 7.4
      vertex 4.682167728387078 23.53884672967753 7.4
      vertex 3.9657794454952415 0.5221047688802063 7.4
    endloop
  endfacet
  facet normal 0 0 1
    outer loop
      vertex 3.9657794454952415 0.5221047688802063 7.4
      vertex 4.682167728387078 23.53884672967753 7.4
      vertex 3.9231411216129217 0.780361288064513 7.4
    endloop
  endfacet
  facet normal 0 0 1
    outer loop
      vertex 3.325878449210181 2.2222809320784087 7.4
      vertex 3.1326286132812378 23.79467667297145 7.4
      vertex 3.1734133611649407 2.4350457160348826 7.4
    endloop
  endfacet
  facet normal 0 0 1
    outer loop
      vertex 2.8284271247461903 2.8284271247461903 7.4
      vertex 3.0073592299159095 2.6373832604002754 7.4
      vertex 3.1326286132812378 23.79467667297145 7.4
    endloop
  endfacet
  facet normal 0 0 1
    outer loop
      vertex 3.0073592299159095 2.6373832604002754 7.4
      vertex 3.1734133611649407 2.4350457160348826 7.4
      vertex 3.1326286132812378 23.79467667297145 7.4
    endloop
  endfacet
  facet normal 0 0 1
    outer loop
      vertex 3.587490966130753 1.7691547608760052 7.4
      vertex 3.1326286132812378 23.79467667297145 7.4
      vertex 3.4641016151377544 2 7.4
    endloop
  endfacet
  facet normal 0 0 1
    outer loop
      vertex 3.325878449210181 2.2222809320784087 7.4
      vertex 3.4641016151377544 2 7.4
      vertex 3.1326286132812378 23.79467667297145 7.4
    endloop
  endfacet
  facet normal 0 0 1
    outer loop
      vertex 2.8284271247461903 2.8284271247461903 7.4
      vertex 3.1326286132812378 23.79467667297145 7.4
      vertex 2.6373832604002754 3.0073592299159095 7.4
    endloop
  endfacet
  facet normal 0 0 1
    outer loop
      vertex 5.5 0 7.4
      vertex 5.616688683496108 3.564470543042797 7.4
      vertex 4.682167728387078 23.53884672967753 7.4
    endloop
  endfacet
  facet normal 0 0 1
    outer loop
      vertex -1.5307337294603591 3.695518130045147 7.4
      vertex -1.2857578612126463 3.7877205179804228 7.4
      vertex -1.5696751015234334 23.94861415772648 7.4
    endloop
  endfacet
  facet normal 0 0 1
    outer loop
      vertex -1.2857578612126463 3.7877205179804228 7.4
      vertex -1.035276180410083 3.8637033051562732 7.4
      vertex -1.5696751015234334 23.94861415772648 7.4
    endloop
  endfacet
  facet normal 0 0 1
    outer loop
      vertex -1.035276180410083 3.8637033051562732 7.4
      vertex -0.780361288064513 3.9231411216129217 7.4
      vertex -1.5696751015234334 23.94861415772648 7.4
    endloop
  endfacet
  facet normal 0 0 1
    outer loop
      vertex -3.0073592299159095 2.6373832604002754 7.4
      vertex -3.1326286132812378 23.79467667297145 7.4
      vertex -4.682167728387078 23.53884672967753 7.4
    endloop
  endfacet
  facet normal 0 0 1
    outer loop
      vertex -1.5307337294603591 3.695518130045147 7.4
      vertex -1.5696751015234334 23.94861415772648 7.4
      vertex -3.1326286132812378 23.79467667297145 7.4
    endloop
  endfacet
  facet normal 0 0 1
    outer loop
      vertex -0.780361288064513 3.9231411216129217 7.4
      vertex -0.5221047688802063 3.9657794454952415 7.4
      vertex -1.5696751015234334 23.94861415772648 7.4
    endloop
  endfacet
  facet normal 0 0 1
    outer loop
      vertex -0.5221047688802063 3.9657794454952415 7.4
      vertex -0.26161251692057225 3.991435692954414 7.4
      vertex -1.5696751015234334 23.94861415772648 7.4
    endloop
  endfacet
  facet normal 0 0 1
    outer loop
      vertex -0.26161251692057225 3.991435692954414 7.4
      vertex 0 4 7.4
      vertex -1.5696751015234334 23.94861415772648 7.4
    endloop
  endfacet
  facet normal 0 0 1
    outer loop
      vertex 0 4 7.4
      vertex 0.26161251692057225 3.991435692954414 7.4
      vertex 0 24 7.4
    endloop
  endfacet
  facet normal 0 0 1
    outer loop
      vertex 0.26161251692057225 3.991435692954414 7.4
      vertex 0.5221047688802063 3.9657794454952415 7.4
      vertex 0 24 7.4
    endloop
  endfacet
  facet normal 0 0 1
    outer loop
      vertex 0.5221047688802063 3.9657794454952415 7.4
      vertex 0.780361288064513 3.9231411216129217 7.4
      vertex 0 24 7.4
    endloop
  endfacet
  facet normal 0 0 1
    outer loop
      vertex 0.780361288064513 3.9231411216129217 7.4
      vertex 1.035276180410083 3.8637033051562732 7.4
      vertex 1.5696751015234334 23.94861415772648 7.4
    endloop
  endfacet
  facet normal 0 0 1
    outer loop
      vertex 1.035276180410083 3.8637033051562732 7.4
      vertex 1.2857578612126463 3.7877205179804228 7.4
      vertex 1.5696751015234334 23.94861415772648 7.4
    endloop
  endfacet
  facet normal 0 0 1
    outer loop
      vertex 1.5307337294603591 3.695518130045147 7.4
      vertex 1.5696751015234334 23.94861415772648 7.4
      vertex 1.2857578612126463 3.7877205179804228 7.4
    endloop
  endfacet
  facet normal 0 0 1
    outer loop
      vertex 5.616688683496108 3.564470543042797 7.4
      vertex 5.966255055127334 7.1136774759928105 7.4
      vertex 4.682167728387078 23.53884672967753 7.4
    endloop
  endfacet
  facet normal 0 0 1
    outer loop
      vertex 5.966255055127334 7.1136774759928105 7.4
      vertex 6.547202218023941 10.63242254987899 7.4
      vertex 4.682167728387078 23.53884672967753 7.4
    endloop
  endfacet
  facet normal 0 0 1
    outer loop
      vertex 0 4 7.4
      vertex 0 24 7.4
      vertex -1.5696751015234334 23.94861415772648 7.4
    endloop
  endfacet
  facet normal 0 0 1
    outer loop
      vertex 0.780361288064513 3.9231411216129217 7.4
      vertex 1.5696751015234334 23.94861415772648 7.4
      vertex 0 24 7.4
    endloop
  endfacet
  facet normal 0 0 1
    outer loop
      vertex 2.4350457160348826 3.1734133611649407 7.4
      vertex 3.1326286132812378 23.79467667297145 7.4
      vertex 1.5696751015234334 23.94861415772648 7.4
    endloop
  endfacet
  facet normal 0 0 1
    outer loop
      vertex 3.9231411216129217 0.780361288064513 7.4
      vertex 4.682167728387078 23.53884672967753 7.4
      vertex 3.1326286132812378 23.79467667297145 7.4
    endloop
  endfacet
  facet normal 0 0 1
    outer loop
      vertex 6.547202218023941 10.63242254987899 7.4
      vertex 6.211657082460498 23.18221983093764 7.4
      vertex 4.682167728387078 23.53884672967753 7.4
    endloop
  endfacet
  facet normal 0 0 -1
    outer loop
      vertex -9.730351184818028 19.731200313719143 3.4
      vertex -10.614928565256031 21.524945796784518 3.4
      vertex -9.184402376762154 22.17310878027088 3.4
    endloop
  endfacet
  facet normal 0 0 -1
    outer loop
      vertex -8.419035512031975 20.325349715248308 3.4
      vertex -7.714547167275878 22.726323107882536 3.4
      vertex -7.071668236669555 20.832462848892327 3.4
    endloop
  endfacet
  facet normal 0 0 -1
    outer loop
      vertex -8.419035512031975 20.325349715248308 3.4
      vertex -9.184402376762154 22.17310878027088 3.4
      vertex -7.714547167275878 22.726323107882536 3.4
    endloop
  endfacet
  facet normal 0 0 -1
    outer loop
      vertex -7.071668236669555 20.832462848892327 3.4
      vertex -7.714547167275878 22.726323107882536 3.4
      vertex -6.211657082460498 23.18221983093764 3.4
    endloop
  endfacet
  facet normal 0 0 -1
    outer loop
      vertex -7.071668236669555 20.832462848892327 3.4
      vertex -6.211657082460498 23.18221983093764 3.4
      vertex -5.694018992255456 21.2503681783595 3.4
    endloop
  endfacet
  facet normal 0 0 -1
    outer loop
      vertex -5.694018992255456 21.2503681783595 3.4
      vertex -4.682167728387078 23.53884672967753 3.4
      vertex -4.291987084354822 21.57727616887107 3.4
    endloop
  endfacet
  facet normal 0 0 -1
    outer loop
      vertex -5.694018992255456 21.2503681783595 3.4
      vertex -6.211657082460498 23.18221983093764 3.4
      vertex -4.682167728387078 23.53884672967753 3.4
    endloop
  endfacet
  facet normal 0 0 -1
    outer loop
      vertex -4.291987084354822 21.57727616887107 3.4
      vertex -4.682167728387078 23.53884672967753 3.4
      vertex -3.1326286132812378 23.79467667297145 3.4
    endloop
  endfacet
  facet normal 0 0 -1
    outer loop
      vertex -4.291987084354822 21.57727616887107 3.4
      vertex -3.1326286132812378 23.79467667297145 3.4
      vertex -2.8715762288411346 21.81178695022383 3.4
    endloop
  endfacet
  facet normal 0 0 -1
    outer loop
      vertex -2.8715762288411346 21.81178695022383 3.4
      vertex -3.1326286132812378 23.79467667297145 3.4
      vertex -1.5696751015234334 23.94861415772648 3.4
    endloop
  endfacet
  facet normal 0 0 -1
    outer loop
      vertex -2.8715762288411346 21.81178695022383 3.4
      vertex -1.5696751015234334 23.94861415772648 3.4
      vertex -1.4388688430631473 21.952896311249276 3.4
    endloop
  endfacet
  facet normal 0 0 -1
    outer loop
      vertex -1.4388688430631473 21.952896311249276 3.4
      vertex 0 24 3.4
      vertex 0 22 3.4
    endloop
  endfacet
  facet normal 0 0 -1
    outer loop
      vertex -1.4388688430631473 21.952896311249276 3.4
      vertex -1.5696751015234334 23.94861415772648 3.4
      vertex 0 24 3.4
    endloop
  endfacet
  facet normal 0 0 -1
    outer loop
      vertex 0 22 3.4
      vertex 0 24 3.4
      vertex 1.5696751015234334 23.94861415772648 3.4
    endloop
  endfacet
  facet normal 0 0 -1
    outer loop
      vertex 0 22 3.4
      vertex 1.5696751015234334 23.94861415772648 3.4
      vertex 1.4388688430631473 21.952896311249276 3.4
    endloop
  endfacet
  facet normal 0 0 -1
    outer loop
      vertex 1.4388688430631473 21.952896311249276 3.4
      vertex 3.1326286132812378 23.79467667297145 3.4
      vertex 2.8715762288411346 21.81178695022383 3.4
    endloop
  endfacet
  facet normal 0 0 -1
    outer loop
      vertex 1.4388688430631473 21.952896311249276 3.4
      vertex 1.5696751015234334 23.94861415772648 3.4
      vertex 3.1326286132812378 23.79467667297145 3.4
    endloop
  endfacet
  facet normal 0 0 -1
    outer loop
      vertex 2.8715762288411346 21.81178695022383 3.4
      vertex 3.1326286132812378 23.79467667297145 3.4
      vertex 4.682167728387078 23.53884672967753 3.4
    endloop
  endfacet
  facet normal 0 0 -1
    outer loop
      vertex 2.8715762288411346 21.81178695022383 3.4
      vertex 4.682167728387078 23.53884672967753 3.4
      vertex 4.291987084354822 21.57727616887107 3.4
    endloop
  endfacet
  facet normal 0 0 -1
    outer loop
      vertex 4.291987084354822 21.57727616887107 3.4
      vertex 6.211657082460498 23.18221983093764 3.4
      vertex 5.694018992255456 21.2503681783595 3.4
    endloop
  endfacet
  facet normal 0 0 -1
    outer loop
      vertex 4.291987084354822 21.57727616887107 3.4
      vertex 4.682167728387078 23.53884672967753 3.4
      vertex 6.211657082460498 23.18221983093764 3.4
    endloop
  endfacet
  facet normal 0 0 -1
    outer loop
      vertex 5.694018992255456 21.2503681783595 3.4
      vertex 6.211657082460498 23.18221983093764 3.4
      vertex 7.714547167275878 22.726323107882536 3.4
    endloop
  endfacet
  facet normal -0.4713967368259969 0.8819212643483554 0
    outer loop
      vertex -12 20.784609690826528 3.4
      vertex -12 20.784609690826528 7.4
      vertex -10.614928565256031 21.524945796784518 3.4
    endloop
  endfacet
  facet normal -0.41270702980439405 0.9108638249211762 0
    outer loop
      vertex -10.614928565256031 21.524945796784518 3.4
      vertex -10.614928565256031 21.524945796784518 7.4
      vertex -9.184402376762154 22.17310878027088 3.4
    endloop
  endfacet
  facet normal -0.35225004792123465 0.9359059267573253 0
    outer loop
      vertex -9.184402376762154 22.17310878027088 3.4
      vertex -9.184402376762154 22.17310878027088 7.4
      vertex -7.714547167275878 22.726323107882536 3.4
    endloop
  endfacet
  facet normal -0.4713967368259969 0.8819212643483554 0
    outer loop
      vertex -12 20.784609690826528 7.4
      vertex -10.614928565256031 21.524945796784518 7.4
      vertex -10.614928565256031 21.524945796784518 3.4
    endloop
  endfacet
  facet normal -0.41270702980439405 0.9108638249211762 0
    outer loop
      vertex -9.184402376762154 22.17310878027088 3.4
      vertex -10.614928565256031 21.524945796784518 7.4
      vertex -9.184402376762154 22.17310878027088 7.4
    endloop
  endfacet
  facet normal -0.29028467725446333 0.9569403357322086 0
    outer loop
      vertex -7.714547167275878 22.726323107882536 3.4
      vertex -7.714547167275878 22.726323107882536 7.4
      vertex -6.211657082460498 23.18221983093764 3.4
    endloop
  endfacet
  facet normal -0.2270762630343721 0.9738769792773339 0
    outer loop
      vertex -6.211657082460498 23.18221983093764 3.4
      vertex -6.211657082460498 23.18221983093764 7.4
      vertex -4.682167728387078 23.53884672967753 3.4
    endloop
  endfacet
  facet normal -0.162895473394588 0.9866433320848791 0
    outer loop
      vertex -4.682167728387078 23.53884672967753 3.4
      vertex -4.682167728387078 23.53884672967753 7.4
      vertex -3.1326286132812378 23.79467667297145 3.4
    endloop
  endfacet
  facet normal -0.09801714032956008 0.995184726672197 0
    outer loop
      vertex -3.1326286132812378 23.79467667297145 3.4
      vertex -3.1326286132812378 23.79467667297145 7.4
      vertex -1.5696751015234334 23.94861415772648 3.4
    endloop
  endfacet
  facet normal -0.0327190828217777 0.9994645874763656 0
    outer loop
      vertex -1.5696751015234334 23.94861415772648 3.4
      vertex -1.5696751015234334 23.94861415772648 7.4
      vertex 0 24 3.4
    endloop
  endfacet
  facet normal 0.0327190828217777 0.9994645874763656 0
    outer loop
      vertex 0 24 3.4
      vertex 0 24 7.4
      vertex 1.5696751015234334 23.94861415772648 3.4
    endloop
  endfacet
  facet normal 0.09801714032956008 0.995184726672197 0
    outer loop
      vertex 1.5696751015234334 23.94861415772648 3.4
      vertex 1.5696751015234334 23.94861415772648 7.4
      vertex 3.1326286132812378 23.79467667297145 3.4
    endloop
  endfacet
  facet normal 0.2270762630343721 0.9738769792773339 0
    outer loop
      vertex 4.682167728387078 23.53884672967753 3.4
      vertex 4.682167728387078 23.53884672967753 7.4
      vertex 6.211657082460498 23.18221983093764 3.4
    endloop
  endfacet
  facet normal 0.162895473394588 0.9866433320848791 0
    outer loop
      vertex 3.1326286132812378 23.79467667297145 3.4
      vertex 3.1326286132812378 23.79467667297145 7.4
      vertex 4.682167728387078 23.53884672967753 3.4
    endloop
  endfacet
  facet normal -0.35225004792123465 0.9359059267573253 0
    outer loop
      vertex -7.714547167275878 22.726323107882536 3.4
      vertex -9.184402376762154 22.17310878027088 7.4
      vertex -7.714547167275878 22.726323107882536 7.4
    endloop
  endfacet
  facet normal -0.29028467725446333 0.9569403357322086 0
    outer loop
      vertex -6.211657082460498 23.18221983093764 3.4
      vertex -7.714547167275878 22.726323107882536 7.4
      vertex -6.211657082460498 23.18221983093764 7.4
    endloop
  endfacet
  facet normal -0.2270762630343721 0.9738769792773339 0
    outer loop
      vertex -4.682167728387078 23.53884672967753 3.4
      vertex -6.211657082460498 23.18221983093764 7.4
      vertex -4.682167728387078 23.53884672967753 7.4
    endloop
  endfacet
  facet normal -0.162895473394588 0.9866433320848791 0
    outer loop
      vertex -3.1326286132812378 23.79467667297145 3.4
      vertex -4.682167728387078 23.53884672967753 7.4
      vertex -3.1326286132812378 23.79467667297145 7.4
    endloop
  endfacet
  facet normal -0.09801714032956008 0.995184726672197 0
    outer loop
      vertex -1.5696751015234334 23.94861415772648 3.4
      vertex -3.1326286132812378 23.79467667297145 7.4
      vertex -1.5696751015234334 23.94861415772648 7.4
    endloop
  endfacet
  facet normal -0.0327190828217777 0.9994645874763656 0
    outer loop
      vertex 0 24 3.4
      vertex -1.5696751015234334 23.94861415772648 7.4
      vertex 0 24 7.4
    endloop
  endfacet
  facet normal 0.0327190828217777 0.9994645874763656 0
    outer loop
      vertex 0 24 7.4
      vertex 1.5696751015234334 23.94861415772648 7.4
      vertex 1.5696751015234334 23.94861415772648 3.4
    endloop
  endfacet
  facet normal 0.09801714032956008 0.995184726672197 0
    outer loop
      vertex 3.1326286132812378 23.79467667297145 3.4
      vertex 1.5696751015234334 23.94861415772648 7.4
      vertex 3.1326286132812378 23.79467667297145 7.4
    endloop
  endfacet
  facet normal 0.2270762630343721 0.9738769792773339 0
    outer loop
      vertex 6.211657082460498 23.18221983093764 3.4
      vertex 4.682167728387078 23.53884672967753 7.4
      vertex 6.211657082460498 23.18221983093764 7.4
    endloop
  endfacet
  facet normal 0.162895473394588 0.9866433320848791 0
    outer loop
      vertex 4.682167728387078 23.53884672967753 3.4
      vertex 3.1326286132812378 23.79467667297145 7.4
      vertex 4.682167728387078 23.53884672967753 7.4
    endloop
  endfacet
  facet normal 0 0 -1
    outer loop
      vertex 8.419035512031975 20.325349715248308 3.4
      vertex 9.64856547813487 20.856247063897392 3.4
      vertex 9.298732840201563 19.92676404140496 3.4
    endloop
  endfacet
  facet normal 0 0 1
    outer loop
      vertex 6.547202218023941 10.63242254987899 7.4
      vertex 7.357042467245776 14.10563795808738 7.4
      vertex 6.211657082460498 23.18221983093764 7.4
    endloop
  endfacet
  facet normal 0 0 1
    outer loop
      vertex 7.357042467245776 14.10563795808738 7.4
      vertex 8.392307942516737 17.518450859022305 7.4
      vertex 6.211657082460498 23.18221983093764 7.4
    endloop
  endfacet
  facet normal 0 0 1
    outer loop
      vertex 8.392307942516737 17.518450859022305 7.4
      vertex 9.64856547813487 20.856247063897392 7.4
      vertex 7.714547167275878 22.726323107882536 7.4
    endloop
  endfacet
  facet normal 0 0 -1
    outer loop
      vertex 7.071668236669555 20.832462848892327 3.4
      vertex 5.694018992255456 21.2503681783595 3.4
      vertex 7.714547167275878 22.726323107882536 3.4
    endloop
  endfacet
  facet normal 0 0 -1
    outer loop
      vertex 7.071668236669555 20.832462848892327 3.4
      vertex 9.184402376762154 22.17310878027088 3.4
      vertex 8.419035512031975 20.325349715248308 3.4
    endloop
  endfacet
  facet normal 0 0 -1
    outer loop
      vertex 7.071668236669555 20.832462848892327 3.4
      vertex 7.714547167275878 22.726323107882536 3.4
      vertex 9.184402376762154 22.17310878027088 3.4
    endloop
  endfacet
  facet normal 0 0 -1
    outer loop
      vertex 8.419035512031975 20.325349715248308 3.4
      vertex 9.184402376762154 22.17310878027088 3.4
      vertex 9.64856547813487 20.856247063897392 3.4
    endloop
  endfacet
  facet normal 0 0 -1
    outer loop
      vertex 9.64856547813487 20.856247063897392 3.4
      vertex 9.184402376762154 22.17310878027088 3.4
      vertex 10.064540456312837 21.774323404574858 3.4
    endloop
  endfacet
  facet normal 0.29028467725446333 0.9569403357322086 0
    outer loop
      vertex 6.211657082460498 23.18221983093764 3.4
      vertex 6.211657082460498 23.18221983093764 7.4
      vertex 7.714547167275878 22.726323107882536 3.4
    endloop
  endfacet
  facet normal 0.35225004792123465 0.9359059267573253 0
    outer loop
      vertex 7.714547167275878 22.726323107882536 3.4
      vertex 7.714547167275878 22.726323107882536 7.4
      vertex 9.184402376762154 22.17310878027088 3.4
    endloop
  endfacet
  facet normal 0.41270702980439494 0.9108638249211757 0
    outer loop
      vertex 9.184402376762154 22.17310878027088 3.4
      vertex 9.184402376762154 22.17310878027088 7.4
      vertex 10.064540456312837 21.774323404574858 3.4
    endloop
  endfacet
  facet normal 0.29028467725446333 0.9569403357322086 0
    outer loop
      vertex 7.714547167275878 22.726323107882536 3.4
      vertex 6.211657082460498 23.18221983093764 7.4
      vertex 7.714547167275878 22.726323107882536 7.4
    endloop
  endfacet
  facet normal 0.41270702980439494 0.9108638249211757 0
    outer loop
      vertex 10.064540456312837 21.774323404574858 3.4
      vertex 9.184402376762154 22.17310878027088 7.4
      vertex 10.064540456312837 21.774323404574858 7.4
    endloop
  endfacet
  facet normal 0.35225004792123465 0.9359059267573253 0
    outer loop
      vertex 9.184402376762154 22.17310878027088 3.4
      vertex 7.714547167275878 22.726323107882536 7.4
      vertex 9.184402376762154 22.17310878027088 7.4
    endloop
  endfacet
  facet normal 0 0 1
    outer loop
      vertex 6.211657082460498 23.18221983093764 7.4
      vertex 8.392307942516737 17.518450859022305 7.4
      vertex 7.714547167275878 22.726323107882536 7.4
    endloop
  endfacet
  facet normal 0 0 1
    outer loop
      vertex 9.64856547813487 20.856247063897392 7.4
      vertex 9.184402376762154 22.17310878027088 7.4
      vertex 7.714547167275878 22.726323107882536 7.4
    endloop
  endfacet
  facet normal 0 0 1
    outer loop
      vertex 9.64856547813487 20.856247063897392 7.4
      vertex 10.064540456312837 21.774323404574858 7.4
      vertex 9.184402376762154 22.17310878027088 7.4
    endloop
  endfacet
  facet normal 0.9866433320848791 0.16289547339458832 0
    outer loop
      vertex 6.547202218023941 -10.63242254987899 3.6
      vertex 5.966255055127334 -7.1136774759928105 3.6
      vertex 6.547202218023941 -10.63242254987899 7.4
    endloop
  endfacet
  facet normal 0.9951847266721968 0.09801714032956141 0
    outer loop
      vertex 5.966255055127334 -7.1136774759928105 3.6
      vertex 5.616688683496108 -3.564470543042797 3.6
      vertex 5.966255055127334 -7.1136774759928105 7.4
    endloop
  endfacet
  facet normal 0.9994645874763658 0.03271908282177579 0
    outer loop
      vertex 5.616688683496108 -3.564470543042797 3.6
      vertex 5.5 0 3.6
      vertex 5.616688683496108 -3.564470543042797 7.4
    endloop
  endfacet
  facet normal 0.9866433320848791 0.16289547339458832 0
    outer loop
      vertex 5.966255055127334 -7.1136774759928105 3.6
      vertex 5.966255055127334 -7.1136774759928105 7.4
      vertex 6.547202218023941 -10.63242254987899 7.4
    endloop
  endfacet
  facet normal 0.9951847266721968 0.09801714032956141 0
    outer loop
      vertex 5.616688683496108 -3.564470543042797 3.6
      vertex 5.616688683496108 -3.564470543042797 7.4
      vertex 5.966255055127334 -7.1136774759928105 7.4
    endloop
  endfacet
  facet normal 0.9994645874763658 0.03271908282177579 0
    outer loop
      vertex 5.616688683496108 -3.564470543042797 7.4
      vertex 5.5 0 3.6
      vertex 5.5 0 7.4
    endloop
  endfacet
  facet normal 0.9108638249211752 0.41270702980439605 0
    outer loop
      vertex 10.064540456312837 -21.774323404574858 3.4
      vertex 9.64856547813487 -20.856247063897392 3.4
      vertex 10.064540456312837 -21.774323404574858 7.4
    endloop
  endfacet
  facet normal 0.9108638249211752 0.41270702980439605 0
    outer loop
      vertex 9.64856547813487 -20.856247063897392 3.4
      vertex 9.64856547813487 -20.856247063897392 7.4
      vertex 10.064540456312837 -21.774323404574858 7.4
    endloop
  endfacet
  facet normal 0.9359059267573256 0.35225004792123377 0
    outer loop
      vertex 9.64856547813487 -20.856247063897392 3.4
      vertex 9.298732840201563 -19.92676404140496 3.4
      vertex 9.298732840201563 -19.92676404140496 3.6
    endloop
  endfacet
  facet normal 0.9359059267573255 0.3522500479212337 2.7250814512371957e-16
    outer loop
      vertex 9.64856547813487 -20.856247063897392 3.4
      vertex 9.298732840201563 -19.92676404140496 3.6
      vertex 8.392307942516737 -17.518450859022305 7.4
    endloop
  endfacet
  facet normal 0.956940335732209 0.29028467725446183 0
    outer loop
      vertex 7.357042467245776 -14.10563795808738 3.6
      vertex 8.392307942516737 -17.518450859022305 7.4
      vertex 8.392307942516737 -17.518450859022305 3.6
    endloop
  endfacet
  facet normal 0.9359059267573253 0.3522500479212341 0
    outer loop
      vertex 9.298732840201563 -19.92676404140496 3.6
      vertex 8.392307942516737 -17.518450859022305 3.6
      vertex 8.392307942516737 -17.518450859022305 7.4
    endloop
  endfacet
  facet normal 0.9738769792773337 0.2270762630343727 0
    outer loop
      vertex 7.357042467245776 -14.10563795808738 3.6
      vertex 6.547202218023941 -10.63242254987899 3.6
      vertex 7.357042467245776 -14.10563795808738 7.4
    endloop
  endfacet
  facet normal 0.9359059267573255 0.35225004792123404 0
    outer loop
      vertex 9.64856547813487 -20.856247063897392 3.4
      vertex 8.392307942516737 -17.518450859022305 7.4
      vertex 9.64856547813487 -20.856247063897392 7.4
    endloop
  endfacet
  facet normal 0.956940335732209 0.29028467725446183 0
    outer loop
      vertex 7.357042467245776 -14.10563795808738 3.6
      vertex 7.357042467245776 -14.10563795808738 7.4
      vertex 8.392307942516737 -17.518450859022305 7.4
    endloop
  endfacet
  facet normal 0.9738769792773337 0.2270762630343727 0
    outer loop
      vertex 7.357042467245776 -14.10563795808738 7.4
      vertex 6.547202218023941 -10.63242254987899 3.6
      vertex 6.547202218023941 -10.63242254987899 7.4
    endloop
  endfacet
  facet normal 0.9994645874763658 -0.03271908282177579 0
    outer loop
      vertex 5.5 0 3.6
      vertex 5.616688683496108 3.564470543042797 3.6
      vertex 5.5 0 7.4
    endloop
  endfacet
  facet normal 0.9951847266721968 -0.09801714032956141 0
    outer loop
      vertex 5.616688683496108 3.564470543042797 3.6
      vertex 5.966255055127334 7.1136774759928105 3.6
      vertex 5.616688683496108 3.564470543042797 7.4
    endloop
  endfacet
  facet normal 0.9866433320848791 -0.16289547339458832 0
    outer loop
      vertex 5.966255055127334 7.1136774759928105 3.6
      vertex 6.547202218023941 10.63242254987899 3.6
      vertex 5.966255055127334 7.1136774759928105 7.4
    endloop
  endfacet
  facet normal 0.9994645874763658 -0.03271908282177579 0
    outer loop
      vertex 5.616688683496108 3.564470543042797 3.6
      vertex 5.616688683496108 3.564470543042797 7.4
      vertex 5.5 0 7.4
    endloop
  endfacet
  facet normal 0.9951847266721968 -0.09801714032956141 0
    outer loop
      vertex 5.966255055127334 7.1136774759928105 3.6
      vertex 5.966255055127334 7.1136774759928105 7.4
      vertex 5.616688683496108 3.564470543042797 7.4
    endloop
  endfacet
  facet normal 0.9866433320848791 -0.16289547339458832 0
    outer loop
      vertex 6.547202218023941 10.63242254987899 3.6
      vertex 6.547202218023941 10.63242254987899 7.4
      vertex 5.966255055127334 7.1136774759928105 7.4
    endloop
  endfacet
  facet normal 0.9359059267573256 -0.35225004792123377 0
    outer loop
      vertex 9.298732840201563 19.92676404140496 3.4
      vertex 9.64856547813487 20.856247063897392 3.4
      vertex 9.298732840201563 19.92676404140496 3.6
    endloop
  endfacet
  facet normal 0.9738769792773337 -0.2270762630343727 0
    outer loop
      vertex 6.547202218023941 10.63242254987899 3.6
      vertex 7.357042467245776 14.10563795808738 3.6
      vertex 6.547202218023941 10.63242254987899 7.4
    endloop
  endfacet
  facet normal 0.956940335732209 -0.29028467725446183 0
    outer loop
      vertex 7.357042467245776 14.10563795808738 3.6
      vertex 8.392307942516737 17.518450859022305 3.6
      vertex 7.357042467245776 14.10563795808738 7.4
    endloop
  endfacet
  facet normal 0.9359059267573253 -0.3522500479212341 0
    outer loop
      vertex 8.392307942516737 17.518450859022305 3.6
      vertex 9.298732840201563 19.92676404140496 3.6
      vertex 8.392307942516737 17.518450859022305 7.4
    endloop
  endfacet
  facet normal 0.9359059267573256 -0.3522500479212337 0
    outer loop
      vertex 9.298732840201563 19.92676404140496 3.6
      vertex 9.64856547813487 20.856247063897392 3.4
      vertex 9.64856547813487 20.856247063897392 7.4
    endloop
  endfacet
  facet normal 0.9738769792773337 -0.2270762630343727 0
    outer loop
      vertex 6.547202218023941 10.63242254987899 7.4
      vertex 7.357042467245776 14.10563795808738 3.6
      vertex 7.357042467245776 14.10563795808738 7.4
    endloop
  endfacet
  facet normal 0.956940335732209 -0.29028467725446183 0
    outer loop
      vertex 8.392307942516737 17.518450859022305 3.6
      vertex 8.392307942516737 17.518450859022305 7.4
      vertex 7.357042467245776 14.10563795808738 7.4
    endloop
  endfacet
  facet normal 0.9359059267573255 -0.35225004792123404 7.372953987821376e-17
    outer loop
      vertex 9.298732840201563 19.92676404140496 3.6
      vertex 9.64856547813487 20.856247063897392 7.4
      vertex 8.392307942516737 17.518450859022305 7.4
    endloop
  endfacet
  facet normal 0.9108638249211752 -0.41270702980439605 0
    outer loop
      vertex 9.64856547813487 20.856247063897392 3.4
      vertex 10.064540456312837 21.774323404574858 3.4
      vertex 9.64856547813487 20.856247063897392 7.4
    endloop
  endfacet
  facet normal 0.9108638249211752 -0.41270702980439605 0
    outer loop
      vertex 10.064540456312837 21.774323404574858 3.4
      vertex 10.064540456312837 21.774323404574858 7.4
      vertex 9.64856547813487 20.856247063897392 7.4
    endloop
  endfacet
  facet normal -0.2902846772544603 -0.9569403357322095 0
    outer loop
      vertex -5.694018992255456 -21.2503681783595 0
      vertex -5.694018992255456 -21.2503681783595 3.4
      vertex -7.071668236669555 -20.832462848892327 0
    endloop
  endfacet
  facet normal -0.2270762630343736 -0.9738769792773335 0
    outer loop
      vertex -5.694018992255456 -21.2503681783595 0
      vertex -4.291987084354822 -21.57727616887107 0
      vertex -4.291987084354822 -21.57727616887107 3.4
    endloop
  endfacet
  facet normal -0.16289547339458962 -0.986643332084879 0
    outer loop
      vertex -4.291987084354822 -21.57727616887107 0
      vertex -2.8715762288411346 -21.81178695022383 0
      vertex -2.8715762288411346 -21.81178695022383 3.4
    endloop
  endfacet
  facet normal -0.09801714032955926 -0.9951847266721969 0
    outer loop
      vertex -2.8715762288411346 -21.81178695022383 0
      vertex -1.4388688430631473 -21.952896311249276 0
      vertex -1.4388688430631473 -21.952896311249276 3.4
    endloop
  endfacet
  facet normal -0.03271908282177687 -0.9994645874763656 0
    outer loop
      vertex -1.4388688430631473 -21.952896311249276 0
      vertex 0 -22 0
      vertex 0 -22 3.4
    endloop
  endfacet
  facet normal 0.03271908282177687 -0.9994645874763656 0
    outer loop
      vertex 0 -22 0
      vertex 1.4388688430631473 -21.952896311249276 0
      vertex 1.4388688430631473 -21.952896311249276 3.4
    endloop
  endfacet
  facet normal 0.09801714032955926 -0.9951847266721969 0
    outer loop
      vertex 1.4388688430631473 -21.952896311249276 0
      vertex 2.8715762288411346 -21.81178695022383 0
      vertex 2.8715762288411346 -21.81178695022383 3.4
    endloop
  endfacet
  facet normal 0.16289547339458962 -0.986643332084879 0
    outer loop
      vertex 2.8715762288411346 -21.81178695022383 0
      vertex 4.291987084354822 -21.57727616887107 0
      vertex 4.291987084354822 -21.57727616887107 3.4
    endloop
  endfacet
  facet normal 0.2270762630343736 -0.9738769792773335 0
    outer loop
      vertex 4.291987084354822 -21.57727616887107 0
      vertex 5.694018992255456 -21.2503681783595 0
      vertex 5.694018992255456 -21.2503681783595 3.4
    endloop
  endfacet
  facet normal 0.2902846772544603 -0.9569403357322095 0
    outer loop
      vertex 5.694018992255456 -21.2503681783595 0
      vertex 7.071668236669555 -20.832462848892327 0
      vertex 7.071668236669555 -20.832462848892327 3.4
    endloop
  endfacet
  facet normal -0.2902846772544603 -0.9569403357322095 0
    outer loop
      vertex -7.071668236669555 -20.832462848892327 0
      vertex -5.694018992255456 -21.2503681783595 3.4
      vertex -7.071668236669555 -20.832462848892327 3.4
    endloop
  endfacet
  facet normal -0.2270762630343736 -0.9738769792773335 0
    outer loop
      vertex -5.694018992255456 -21.2503681783595 0
      vertex -4.291987084354822 -21.57727616887107 3.4
      vertex -5.694018992255456 -21.2503681783595 3.4
    endloop
  endfacet
  facet normal -0.16289547339458962 -0.986643332084879 0
    outer loop
      vertex -4.291987084354822 -21.57727616887107 0
      vertex -2.8715762288411346 -21.81178695022383 3.4
      vertex -4.291987084354822 -21.57727616887107 3.4
    endloop
  endfacet
  facet normal -0.09801714032955926 -0.9951847266721969 0
    outer loop
      vertex -2.8715762288411346 -21.81178695022383 0
      vertex -1.4388688430631473 -21.952896311249276 3.4
      vertex -2.8715762288411346 -21.81178695022383 3.4
    endloop
  endfacet
  facet normal -0.03271908282177687 -0.9994645874763656 0
    outer loop
      vertex -1.4388688430631473 -21.952896311249276 0
      vertex 0 -22 3.4
      vertex -1.4388688430631473 -21.952896311249276 3.4
    endloop
  endfacet
  facet normal 0.03271908282177687 -0.9994645874763656 0
    outer loop
      vertex 0 -22 0
      vertex 1.4388688430631473 -21.952896311249276 3.4
      vertex 0 -22 3.4
    endloop
  endfacet
  facet normal 0.09801714032955926 -0.9951847266721969 0
    outer loop
      vertex 1.4388688430631473 -21.952896311249276 0
      vertex 2.8715762288411346 -21.81178695022383 3.4
      vertex 1.4388688430631473 -21.952896311249276 3.4
    endloop
  endfacet
  facet normal 0.16289547339458962 -0.986643332084879 0
    outer loop
      vertex 2.8715762288411346 -21.81178695022383 0
      vertex 4.291987084354822 -21.57727616887107 3.4
      vertex 2.8715762288411346 -21.81178695022383 3.4
    endloop
  endfacet
  facet normal 0.2270762630343736 -0.9738769792773335 0
    outer loop
      vertex 4.291987084354822 -21.57727616887107 0
      vertex 5.694018992255456 -21.2503681783595 3.4
      vertex 4.291987084354822 -21.57727616887107 3.4
    endloop
  endfacet
  facet normal 0.2902846772544603 -0.9569403357322095 0
    outer loop
      vertex 5.694018992255456 -21.2503681783595 0
      vertex 7.071668236669555 -20.832462848892327 3.4
      vertex 5.694018992255456 -21.2503681783595 3.4
    endloop
  endfacet
  facet normal -0.7730104533627372 -0.634393284163645 0
    outer loop
      vertex -16.540475764537504 -14.505607932201514 0
      vertex -16.540475764537504 -14.505607932201514 3.4
      vertex -17.453773486407172 -13.392751438191855 0
    endloop
  endfacet
  facet normal -0.8492021815265788 -0.5280678506503681 0
    outer loop
      vertex -18.292331470655995 -12.222545126431248 0
      vertex -18.292331470655995 -12.222545126431248 3.4
      vertex -19.05255888325765 -11 0
    endloop
  endfacet
  facet normal -0.8819212643483549 -0.4713967368259979 0
    outer loop
      vertex -19.731200313719143 -9.730351184818028 0
      vertex -19.05255888325765 -11 0
      vertex -19.05255888325765 -11 3.4
    endloop
  endfacet
  facet normal -0.8128466845916152 -0.582477696867802 0
    outer loop
      vertex -18.292331470655995 -12.222545126431248 0
      vertex -17.453773486407172 -13.392751438191855 0
      vertex -17.453773486407172 -13.392751438191855 3.4
    endloop
  endfacet
  facet normal -0.6835923020228705 -0.7298640726978365 0
    outer loop
      vertex -15.556349186104047 -15.556349186104047 0
      vertex -14.505607932201514 -16.540475764537504 0
      vertex -14.505607932201514 -16.540475764537504 3.4
    endloop
  endfacet
  facet normal -0.634393284163645 -0.7730104533627372 0
    outer loop
      vertex -14.505607932201514 -16.540475764537504 0
      vertex -13.392751438191855 -17.453773486407172 0
      vertex -13.392751438191855 -17.453773486407172 3.4
    endloop
  endfacet
  facet normal -0.582477696867802 -0.8128466845916152 0
    outer loop
      vertex -12.222545126431248 -18.292331470655995 0
      vertex -12.222545126431248 -18.292331470655995 3.4
      vertex -13.392751438191855 -17.453773486407172 0
    endloop
  endfacet
  facet normal -0.5280678506503681 -0.8492021815265788 0
    outer loop
      vertex -12.222545126431248 -18.292331470655995 0
      vertex -11 -19.05255888325765 0
      vertex -11 -19.05255888325765 3.4
    endloop
  endfacet
  facet normal -0.41270702980439433 -0.9108638249211759 0
    outer loop
      vertex -9.730351184818028 -19.731200313719143 0
      vertex -8.419035512031975 -20.325349715248308 0
      vertex -8.419035512031975 -20.325349715248308 3.4
    endloop
  endfacet
  facet normal -0.4713967368259979 -0.8819212643483549 0
    outer loop
      vertex -11 -19.05255888325765 0
      vertex -9.730351184818028 -19.731200313719143 0
      vertex -9.730351184818028 -19.731200313719143 3.4
    endloop
  endfacet
  facet normal -0.7298640726978365 -0.6835923020228705 0
    outer loop
      vertex -15.556349186104047 -15.556349186104047 0
      vertex -15.556349186104047 -15.556349186104047 3.4
      vertex -16.540475764537504 -14.505607932201514 0
    endloop
  endfacet
  facet normal -0.7730104533627372 -0.634393284163645 0
    outer loop
      vertex -17.453773486407172 -13.392751438191855 0
      vertex -16.540475764537504 -14.505607932201514 3.4
      vertex -17.453773486407172 -13.392751438191855 3.4
    endloop
  endfacet
  facet normal -0.8492021815265788 -0.5280678506503681 0
    outer loop
      vertex -18.292331470655995 -12.222545126431248 3.4
      vertex -19.05255888325765 -11 3.4
      vertex -19.05255888325765 -11 0
    endloop
  endfacet
  facet normal -0.8128466845916152 -0.582477696867802 0
    outer loop
      vertex -18.292331470655995 -12.222545126431248 0
      vertex -17.453773486407172 -13.392751438191855 3.4
      vertex -18.292331470655995 -12.222545126431248 3.4
    endloop
  endfacet
  facet normal -0.6835923020228705 -0.7298640726978365 0
    outer loop
      vertex -15.556349186104047 -15.556349186104047 0
      vertex -14.505607932201514 -16.540475764537504 3.4
      vertex -15.556349186104047 -15.556349186104047 3.4
    endloop
  endfacet
  facet normal -0.582477696867802 -0.8128466845916152 0
    outer loop
      vertex -12.222545126431248 -18.292331470655995 3.4
      vertex -13.392751438191855 -17.453773486407172 3.4
      vertex -13.392751438191855 -17.453773486407172 0
    endloop
  endfacet
  facet normal -0.634393284163645 -0.7730104533627372 0
    outer loop
      vertex -14.505607932201514 -16.540475764537504 0
      vertex -13.392751438191855 -17.453773486407172 3.4
      vertex -14.505607932201514 -16.540475764537504 3.4
    endloop
  endfacet
  facet normal -0.5280678506503681 -0.8492021815265788 0
    outer loop
      vertex -12.222545126431248 -18.292331470655995 0
      vertex -11 -19.05255888325765 3.4
      vertex -12.222545126431248 -18.292331470655995 3.4
    endloop
  endfacet
  facet normal -0.41270702980439433 -0.9108638249211759 0
    outer loop
      vertex -9.730351184818028 -19.731200313719143 0
      vertex -8.419035512031975 -20.325349715248308 3.4
      vertex -9.730351184818028 -19.731200313719143 3.4
    endloop
  endfacet
  facet normal -0.4713967368259979 -0.8819212643483549 0
    outer loop
      vertex -11 -19.05255888325765 0
      vertex -9.730351184818028 -19.731200313719143 3.4
      vertex -11 -19.05255888325765 3.4
    endloop
  endfacet
  facet normal -0.7298640726978365 -0.6835923020228705 0
    outer loop
      vertex -16.540475764537504 -14.505607932201514 0
      vertex -15.556349186104047 -15.556349186104047 3.4
      vertex -16.540475764537504 -14.505607932201514 3.4
    endloop
  endfacet
  facet normal -0.9359059267573251 -0.3522500479212353 0
    outer loop
      vertex -20.325349715248308 -8.419035512031975 0
      vertex -20.325349715248308 -8.419035512031975 3.4
      vertex -20.832462848892327 -7.071668236669555 0
    endloop
  endfacet
  facet normal -0.9569403357322095 -0.2902846772544603 0
    outer loop
      vertex -20.832462848892327 -7.071668236669555 0
      vertex -20.832462848892327 -7.071668236669555 3.4
      vertex -21.2503681783595 -5.694018992255456 0
    endloop
  endfacet
  facet normal -0.9108638249211759 -0.41270702980439433 0
    outer loop
      vertex -19.731200313719143 -9.730351184818028 0
      vertex -19.731200313719143 -9.730351184818028 3.4
      vertex -20.325349715248308 -8.419035512031975 0
    endloop
  endfacet
  facet normal 0 0 -1
    outer loop
      vertex -21.2503681783595 -5.694018992255456 0
      vertex -21.57727616887107 -4.291987084354822 0
      vertex -21.2503681783595 5.694018992255456 0
    endloop
  endfacet
  facet normal 0 0 -1
    outer loop
      vertex -20.325349715248308 -8.419035512031975 0
      vertex -20.832462848892327 -7.071668236669555 0
      vertex -20.325349715248308 8.419035512031975 0
    endloop
  endfacet
  facet normal 0 0 -1
    outer loop
      vertex -20.832462848892327 -7.071668236669555 0
      vertex -21.2503681783595 -5.694018992255456 0
      vertex -20.832462848892327 7.071668236669555 0
    endloop
  endfacet
  facet normal 0 0 -1
    outer loop
      vertex -21.57727616887107 -4.291987084354822 0
      vertex -21.81178695022383 -2.8715762288411346 0
      vertex -21.57727616887107 4.291987084354822 0
    endloop
  endfacet
  facet normal 0 0 -1
    outer loop
      vertex -21.81178695022383 -2.8715762288411346 0
      vertex -21.952896311249276 -1.4388688430631473 0
      vertex -21.81178695022383 2.8715762288411346 0
    endloop
  endfacet
  facet normal 0 0 -1
    outer loop
      vertex -19.731200313719143 -9.730351184818028 0
      vertex -20.325349715248308 -8.419035512031975 0
      vertex -19.731200313719143 9.730351184818028 0
    endloop
  endfacet
  facet normal 0 0 -1
    outer loop
      vertex -19.731200313719143 -9.730351184818028 0
      vertex -19.05255888325765 11 0
      vertex -19.05255888325765 -11 0
    endloop
  endfacet
  facet normal 0 0 -1
    outer loop
      vertex -18.292331470655995 -12.222545126431248 0
      vertex -19.05255888325765 -11 0
      vertex -18.292331470655995 12.222545126431248 0
    endloop
  endfacet
  facet normal 0 0 -1
    outer loop
      vertex -18.292331470655995 -12.222545126431248 0
      vertex -17.453773486407172 13.392751438191855 0
      vertex -17.453773486407172 -13.392751438191855 0
    endloop
  endfacet
  facet normal 0 0 -1
    outer loop
      vertex -16.540475764537504 -14.505607932201514 0
      vertex -17.453773486407172 -13.392751438191855 0
      vertex -16.540475764537504 14.505607932201514 0
    endloop
  endfacet
  facet normal -0.9738769792773335 -0.2270762630343736 0
    outer loop
      vertex -21.2503681783595 -5.694018992255456 0
      vertex -21.2503681783595 -5.694018992255456 3.4
      vertex -21.57727616887107 -4.291987084354822 0
    endloop
  endfacet
  facet normal -0.986643332084879 -0.16289547339458962 0
    outer loop
      vertex -21.57727616887107 -4.291987084354822 0
      vertex -21.57727616887107 -4.291987084354822 3.4
      vertex -21.81178695022383 -2.8715762288411346 0
    endloop
  endfacet
  facet normal -0.9951847266721969 -0.09801714032955926 0
    outer loop
      vertex -21.81178695022383 -2.8715762288411346 0
      vertex -21.81178695022383 -2.8715762288411346 3.4
      vertex -21.952896311249276 -1.4388688430631473 0
    endloop
  endfacet
  facet normal -0.9994645874763656 -0.03271908282177687 0
    outer loop
      vertex -21.952896311249276 -1.4388688430631473 0
      vertex -21.952896311249276 -1.4388688430631473 3.4
      vertex -22 0 0
    endloop
  endfacet
  facet normal 0 0 -1
    outer loop
      vertex -14.505607932201514 -16.540475764537504 0
      vertex -13.392751438191855 17.453773486407172 0
      vertex -13.392751438191855 -17.453773486407172 0
    endloop
  endfacet
  facet normal 0 0 -1
    outer loop
      vertex -12.222545126431248 -18.292331470655995 0
      vertex -13.392751438191855 -17.453773486407172 0
      vertex -12.222545126431248 18.292331470655995 0
    endloop
  endfacet
  facet normal 0 0 -1
    outer loop
      vertex -12.222545126431248 -18.292331470655995 0
      vertex -11 19.05255888325765 0
      vertex -11 -19.05255888325765 0
    endloop
  endfacet
  facet normal 0 0 -1
    outer loop
      vertex -9.730351184818028 -19.731200313719143 0
      vertex -8.419035512031975 20.325349715248308 0
      vertex -8.419035512031975 -20.325349715248308 0
    endloop
  endfacet
  facet normal 0 0 -1
    outer loop
      vertex -11 -19.05255888325765 0
      vertex -9.730351184818028 19.731200313719143 0
      vertex -9.730351184818028 -19.731200313719143 0
    endloop
  endfacet
  facet normal 0 0 -1
    outer loop
      vertex -15.556349186104047 -15.556349186104047 0
      vertex -16.540475764537504 -14.505607932201514 0
      vertex -15.556349186104047 15.556349186104047 0
    endloop
  endfacet
  facet normal 0 0 -1
    outer loop
      vertex -15.556349186104047 -15.556349186104047 0
      vertex -14.505607932201514 16.540475764537504 0
      vertex -14.505607932201514 -16.540475764537504 0
    endloop
  endfacet
  facet normal -0.9359059267573251 -0.3522500479212353 0
    outer loop
      vertex -20.832462848892327 -7.071668236669555 0
      vertex -20.325349715248308 -8.419035512031975 3.4
      vertex -20.832462848892327 -7.071668236669555 3.4
    endloop
  endfacet
  facet normal -0.9569403357322095 -0.2902846772544603 0
    outer loop
      vertex -20.832462848892327 -7.071668236669555 3.4
      vertex -21.2503681783595 -5.694018992255456 3.4
      vertex -21.2503681783595 -5.694018992255456 0
    endloop
  endfacet
  facet normal -0.8819212643483549 -0.4713967368259979 0
    outer loop
      vertex -19.731200313719143 -9.730351184818028 0
      vertex -19.05255888325765 -11 3.4
      vertex -19.731200313719143 -9.730351184818028 3.4
    endloop
  endfacet
  facet normal -0.9108638249211759 -0.41270702980439433 0
    outer loop
      vertex -20.325349715248308 -8.419035512031975 0
      vertex -19.731200313719143 -9.730351184818028 3.4
      vertex -20.325349715248308 -8.419035512031975 3.4
    endloop
  endfacet
  facet normal -0.9738769792773335 -0.2270762630343736 0
    outer loop
      vertex -21.57727616887107 -4.291987084354822 0
      vertex -21.2503681783595 -5.694018992255456 3.4
      vertex -21.57727616887107 -4.291987084354822 3.4
    endloop
  endfacet
  facet normal -0.986643332084879 -0.16289547339458962 0
    outer loop
      vertex -21.81178695022383 -2.8715762288411346 0
      vertex -21.57727616887107 -4.291987084354822 3.4
      vertex -21.81178695022383 -2.8715762288411346 3.4
    endloop
  endfacet
  facet normal -0.9951847266721969 -0.09801714032955926 0
    outer loop
      vertex -21.952896311249276 -1.4388688430631473 0
      vertex -21.81178695022383 -2.8715762288411346 3.4
      vertex -21.952896311249276 -1.4388688430631473 3.4
    endloop
  endfacet
  facet normal -0.9994645874763656 -0.03271908282177687 0
    outer loop
      vertex -21.952896311249276 -1.4388688430631473 3.4
      vertex -22 0 3.4
      vertex -22 0 0
    endloop
  endfacet
  facet normal 0 0 -1
    outer loop
      vertex -2.8715762288411346 -21.81178695022383 0
      vertex -1.2857578612126463 -3.7877205179804228 0
      vertex -1.4388688430631473 -21.952896311249276 0
    endloop
  endfacet
  facet normal -0.3522500479212353 -0.9359059267573251 0
    outer loop
      vertex -8.419035512031975 -20.325349715248308 0
      vertex -7.071668236669555 -20.832462848892327 0
      vertex -7.071668236669555 -20.832462848892327 3.4
    endloop
  endfacet
  facet normal 0 0 -1
    outer loop
      vertex -4.291987084354822 -21.57727616887107 0
      vertex -2.8284271247461903 -2.8284271247461903 0
      vertex -2.8715762288411346 -21.81178695022383 0
    endloop
  endfacet
  facet normal 0 0 -1
    outer loop
      vertex -1.4388688430631473 -21.952896311249276 0
      vertex 0 -4 0
      vertex 0 -22 0
    endloop
  endfacet
  facet normal 0 0 -1
    outer loop
      vertex 0 -22 0
      vertex 0.780361288064513 -3.9231411216129217 0
      vertex 1.4388688430631473 -21.952896311249276 0
    endloop
  endfacet
  facet normal 0 0 -1
    outer loop
      vertex 1.4388688430631473 -21.952896311249276 0
      vertex 2.2222809320784087 -3.325878449210181 0
      vertex 2.8715762288411346 -21.81178695022383 0
    endloop
  endfacet
  facet normal 0 0 -1
    outer loop
      vertex 2.8715762288411346 -21.81178695022383 0
      vertex 3.587490966130753 -1.7691547608760052 0
      vertex 4.291987084354822 -21.57727616887107 0
    endloop
  endfacet
  facet normal -0.3522500479212353 -0.9359059267573251 0
    outer loop
      vertex -8.419035512031975 -20.325349715248308 0
      vertex -7.071668236669555 -20.832462848892327 3.4
      vertex -8.419035512031975 -20.325349715248308 3.4
    endloop
  endfacet
  facet normal 0 0 -1
    outer loop
      vertex -8.419035512031975 -20.325349715248308 0
      vertex -7.071668236669555 20.832462848892327 0
      vertex -7.071668236669555 -20.832462848892327 0
    endloop
  endfacet
  facet normal 0 0 -1
    outer loop
      vertex -5.694018992255456 -21.2503681783595 0
      vertex -7.071668236669555 -20.832462848892327 0
      vertex -5.694018992255456 21.2503681783595 0
    endloop
  endfacet
  facet normal 0 0 -1
    outer loop
      vertex -4.291987084354822 -21.57727616887107 0
      vertex -3.7877205179804228 -1.2857578612126463 0
      vertex -3.695518130045147 -1.5307337294603591 0
    endloop
  endfacet
  facet normal 0 0 -1
    outer loop
      vertex -4.291987084354822 -21.57727616887107 0
      vertex -3.8637033051562732 -1.035276180410083 0
      vertex -3.7877205179804228 -1.2857578612126463 0
    endloop
  endfacet
  facet normal 0 0 -1
    outer loop
      vertex -4.291987084354822 -21.57727616887107 0
      vertex -3.1734133611649407 -2.4350457160348826 0
      vertex -3.0073592299159095 -2.6373832604002754 0
    endloop
  endfacet
  facet normal 0 0 -1
    outer loop
      vertex -4.291987084354822 -21.57727616887107 0
      vertex -3.4641016151377544 -2 0
      vertex -3.325878449210181 -2.2222809320784087 0
    endloop
  endfacet
  facet normal 0 0 -1
    outer loop
      vertex -4.291987084354822 -21.57727616887107 0
      vertex -3.325878449210181 -2.2222809320784087 0
      vertex -3.1734133611649407 -2.4350457160348826 0
    endloop
  endfacet
  facet normal 0 0 -1
    outer loop
      vertex -4.291987084354822 -21.57727616887107 0
      vertex -3.0073592299159095 -2.6373832604002754 0
      vertex -2.8284271247461903 -2.8284271247461903 0
    endloop
  endfacet
  facet normal 0 0 -1
    outer loop
      vertex -4.291987084354822 -21.57727616887107 0
      vertex -3.587490966130753 -1.7691547608760052 0
      vertex -3.4641016151377544 -2 0
    endloop
  endfacet
  facet normal 0 0 -1
    outer loop
      vertex -4.291987084354822 -21.57727616887107 0
      vertex -3.695518130045147 -1.5307337294603591 0
      vertex -3.587490966130753 -1.7691547608760052 0
    endloop
  endfacet
  facet normal 0 0 -1
    outer loop
      vertex -2.8715762288411346 -21.81178695022383 0
      vertex -2.8284271247461903 -2.8284271247461903 0
      vertex -2.6373832604002754 -3.0073592299159095 0
    endloop
  endfacet
  facet normal 0 0 -1
    outer loop
      vertex -2.8715762288411346 -21.81178695022383 0
      vertex -2.6373832604002754 -3.0073592299159095 0
      vertex -2.4350457160348826 -3.1734133611649407 0
    endloop
  endfacet
  facet normal 0 0 -1
    outer loop
      vertex -2.8715762288411346 -21.81178695022383 0
      vertex -2.4350457160348826 -3.1734133611649407 0
      vertex -2.2222809320784087 -3.325878449210181 0
    endloop
  endfacet
  facet normal 0 0 -1
    outer loop
      vertex -2.8715762288411346 -21.81178695022383 0
      vertex -2.2222809320784087 -3.325878449210181 0
      vertex -2 -3.4641016151377544 0
    endloop
  endfacet
  facet normal 0 0 -1
    outer loop
      vertex -2.8715762288411346 -21.81178695022383 0
      vertex -2 -3.4641016151377544 0
      vertex -1.7691547608760052 -3.587490966130753 0
    endloop
  endfacet
  facet normal 0 0 -1
    outer loop
      vertex -2.8715762288411346 -21.81178695022383 0
      vertex -1.7691547608760052 -3.587490966130753 0
      vertex -1.5307337294603591 -3.695518130045147 0
    endloop
  endfacet
  facet normal 0 0 -1
    outer loop
      vertex -1.4388688430631473 -21.952896311249276 0
      vertex -1.2857578612126463 -3.7877205179804228 0
      vertex -1.035276180410083 -3.8637033051562732 0
    endloop
  endfacet
  facet normal 0 0 -1
    outer loop
      vertex -1.4388688430631473 -21.952896311249276 0
      vertex -1.035276180410083 -3.8637033051562732 0
      vertex -0.780361288064513 -3.9231411216129217 0
    endloop
  endfacet
  facet normal 0 0 -1
    outer loop
      vertex -2.8715762288411346 -21.81178695022383 0
      vertex -1.5307337294603591 -3.695518130045147 0
      vertex -1.2857578612126463 -3.7877205179804228 0
    endloop
  endfacet
  facet normal 0 0 -1
    outer loop
      vertex -4.291987084354822 -21.57727616887107 0
      vertex -3.9231411216129217 -0.780361288064513 0
      vertex -3.8637033051562732 -1.035276180410083 0
    endloop
  endfacet
  facet normal 0 0 -1
    outer loop
      vertex -4.291987084354822 -21.57727616887107 0
      vertex -3.9657794454952415 -0.5221047688802063 0
      vertex -3.9231411216129217 -0.780361288064513 0
    endloop
  endfacet
  facet normal 0 0 -1
    outer loop
      vertex -4.291987084354822 -21.57727616887107 0
      vertex -3.991435692954414 -0.26161251692057225 0
      vertex -3.9657794454952415 -0.5221047688802063 0
    endloop
  endfacet
  facet normal 0 0 -1
    outer loop
      vertex -4.291987084354822 -21.57727616887107 0
      vertex -4 0 0
      vertex -3.991435692954414 -0.26161251692057225 0
    endloop
  endfacet
  facet normal 0 0 -1
    outer loop
      vertex -5.694018992255456 -21.2503681783595 0
      vertex -4.291987084354822 21.57727616887107 0
      vertex -4.291987084354822 -21.57727616887107 0
    endloop
  endfacet
  facet normal 0 0 -1
    outer loop
      vertex -1.4388688430631473 -21.952896311249276 0
      vertex -0.780361288064513 -3.9231411216129217 0
      vertex -0.5221047688802063 -3.9657794454952415 0
    endloop
  endfacet
  facet normal 0 0 -1
    outer loop
      vertex -1.4388688430631473 -21.952896311249276 0
      vertex -0.26161251692057225 -3.991435692954414 0
      vertex 0 -4 0
    endloop
  endfacet
  facet normal 0 0 -1
    outer loop
      vertex -1.4388688430631473 -21.952896311249276 0
      vertex -0.5221047688802063 -3.9657794454952415 0
      vertex -0.26161251692057225 -3.991435692954414 0
    endloop
  endfacet
  facet normal 0 0 -1
    outer loop
      vertex 0 -22 0
      vertex 0 -4 0
      vertex 0.26161251692057225 -3.991435692954414 0
    endloop
  endfacet
  facet normal 0 0 -1
    outer loop
      vertex 0 -22 0
      vertex 0.26161251692057225 -3.991435692954414 0
      vertex 0.5221047688802063 -3.9657794454952415 0
    endloop
  endfacet
  facet normal 0 0 -1
    outer loop
      vertex 0 -22 0
      vertex 0.5221047688802063 -3.9657794454952415 0
      vertex 0.780361288064513 -3.9231411216129217 0
    endloop
  endfacet
  facet normal 0 0 -1
    outer loop
      vertex 0.780361288064513 -3.9231411216129217 0
      vertex 1.035276180410083 -3.8637033051562732 0
      vertex 1.4388688430631473 -21.952896311249276 0
    endloop
  endfacet
  facet normal 0 0 -1
    outer loop
      vertex 1.035276180410083 -3.8637033051562732 0
      vertex 1.2857578612126463 -3.7877205179804228 0
      vertex 1.4388688430631473 -21.952896311249276 0
    endloop
  endfacet
  facet normal 0 0 -1
    outer loop
      vertex 1.4388688430631473 -21.952896311249276 0
      vertex 1.2857578612126463 -3.7877205179804228 0
      vertex 1.5307337294603591 -3.695518130045147 0
    endloop
  endfacet
  facet normal 0 0 -1
    outer loop
      vertex 1.4388688430631473 -21.952896311249276 0
      vertex 1.5307337294603591 -3.695518130045147 0
      vertex 1.7691547608760052 -3.587490966130753 0
    endloop
  endfacet
  facet normal 0 0 -1
    outer loop
      vertex 1.4388688430631473 -21.952896311249276 0
      vertex 1.7691547608760052 -3.587490966130753 0
      vertex 2 -3.4641016151377544 0
    endloop
  endfacet
  facet normal 0 0 -1
    outer loop
      vertex 1.4388688430631473 -21.952896311249276 0
      vertex 2 -3.4641016151377544 0
      vertex 2.2222809320784087 -3.325878449210181 0
    endloop
  endfacet
  facet normal 0 0 -1
    outer loop
      vertex 2.8715762288411346 -21.81178695022383 0
      vertex 2.2222809320784087 -3.325878449210181 0
      vertex 2.4350457160348826 -3.1734133611649407 0
    endloop
  endfacet
  facet normal 0 0 -1
    outer loop
      vertex 2.8715762288411346 -21.81178695022383 0
      vertex 2.4350457160348826 -3.1734133611649407 0
      vertex 2.6373832604002754 -3.0073592299159095 0
    endloop
  endfacet
  facet normal 0 0 -1
    outer loop
      vertex 2.8715762288411346 -21.81178695022383 0
      vertex 2.6373832604002754 -3.0073592299159095 0
      vertex 2.8284271247461903 -2.8284271247461903 0
    endloop
  endfacet
  facet normal 0 0 -1
    outer loop
      vertex 2.8715762288411346 -21.81178695022383 0
      vertex 2.8284271247461903 -2.8284271247461903 0
      vertex 3.0073592299159095 -2.6373832604002754 0
    endloop
  endfacet
  facet normal 0 0 -1
    outer loop
      vertex 2.8715762288411346 -21.81178695022383 0
      vertex 3.0073592299159095 -2.6373832604002754 0
      vertex 3.1734133611649407 -2.4350457160348826 0
    endloop
  endfacet
  facet normal 0 0 -1
    outer loop
      vertex 2.8715762288411346 -21.81178695022383 0
      vertex 3.1734133611649407 -2.4350457160348826 0
      vertex 3.325878449210181 -2.2222809320784087 0
    endloop
  endfacet
  facet normal 0 0 -1
    outer loop
      vertex 2.8715762288411346 -21.81178695022383 0
      vertex 3.325878449210181 -2.2222809320784087 0
      vertex 3.4641016151377544 -2 0
    endloop
  endfacet
  facet normal 0 0 -1
    outer loop
      vertex 2.8715762288411346 -21.81178695022383 0
      vertex 3.4641016151377544 -2 0
      vertex 3.587490966130753 -1.7691547608760052 0
    endloop
  endfacet
  facet normal 0 0 -1
    outer loop
      vertex 4.291987084354822 -21.57727616887107 0
      vertex 3.587490966130753 -1.7691547608760052 0
      vertex 3.695518130045147 -1.5307337294603591 0
    endloop
  endfacet
  facet normal 0 0 -1
    outer loop
      vertex 4.291987084354822 -21.57727616887107 0
      vertex 3.695518130045147 -1.5307337294603591 0
      vertex 3.7877205179804228 -1.2857578612126463 0
    endloop
  endfacet
  facet normal 0 0 -1
    outer loop
      vertex 4.291987084354822 -21.57727616887107 0
      vertex 3.7877205179804228 -1.2857578612126463 0
      vertex 3.8637033051562732 -1.035276180410083 0
    endloop
  endfacet
  facet normal 0 0 -1
    outer loop
      vertex 4.291987084354822 -21.57727616887107 0
      vertex 3.8637033051562732 -1.035276180410083 0
      vertex 3.9231411216129217 -0.780361288064513 0
    endloop
  endfacet
  facet normal 0 0 -1
    outer loop
      vertex 4.291987084354822 -21.57727616887107 0
      vertex 3.9231411216129217 -0.780361288064513 0
      vertex 3.9657794454952415 -0.5221047688802063 0
    endloop
  endfacet
  facet normal 0 0 -1
    outer loop
      vertex 4.291987084354822 -21.57727616887107 0
      vertex 3.9657794454952415 -0.5221047688802063 0
      vertex 3.991435692954414 -0.26161251692057225 0
    endloop
  endfacet
  facet normal 0 0 -1
    outer loop
      vertex 4.291987084354822 -21.57727616887107 0
      vertex 3.991435692954414 -0.26161251692057225 0
      vertex 4 0 0
    endloop
  endfacet
  facet normal 0 0 -1
    outer loop
      vertex 4.291987084354822 -21.57727616887107 0
      vertex 5.694018992255456 21.2503681783595 0
      vertex 5.694018992255456 -21.2503681783595 0
    endloop
  endfacet
  facet normal 0 0 -1
    outer loop
      vertex 5.694018992255456 -21.2503681783595 0
      vertex 7.071668236669555 20.832462848892327 0
      vertex 7.071668236669555 -20.832462848892327 0
    endloop
  endfacet
  facet normal 0 0 1
    outer loop
      vertex 6.547202218023941 -10.63242254987899 3.6
      vertex 6.547202218023941 10.63242254987899 3.6
      vertex 5.966255055127334 -7.1136774759928105 3.6
    endloop
  endfacet
  facet normal 0 0 1
    outer loop
      vertex 5.966255055127334 -7.1136774759928105 3.6
      vertex 5.966255055127334 7.1136774759928105 3.6
      vertex 5.616688683496108 -3.564470543042797 3.6
    endloop
  endfacet
  facet normal 0.3522500479212353 -0.9359059267573251 0
    outer loop
      vertex 7.071668236669555 -20.832462848892327 0
      vertex 8.419035512031975 -20.325349715248308 0
      vertex 8.419035512031975 -20.325349715248308 3.4
    endloop
  endfacet
  facet normal 0.41270702980439444 -0.910863824921176 0
    outer loop
      vertex 8.419035512031975 -20.325349715248308 0
      vertex 9.730351184818028 -19.731200313719143 0
      vertex 9.730351184818028 -19.731200313719143 3.6
    endloop
  endfacet
  facet normal 0.4713967368259979 -0.8819212643483549 0
    outer loop
      vertex 9.730351184818028 -19.731200313719143 0
      vertex 11 -19.05255888325765 0
      vertex 11 -19.05255888325765 3.6
    endloop
  endfacet
  facet normal 0.5280678506503681 -0.8492021815265788 0
    outer loop
      vertex 11 -19.05255888325765 0
      vertex 12.222545126431248 -18.292331470655995 0
      vertex 12.222545126431248 -18.292331470655995 3.6
    endloop
  endfacet
  facet normal 0.5824776968678023 -0.812846684591615 0
    outer loop
      vertex 12.222545126431248 -18.292331470655995 0
      vertex 13.192765674300434 -17.597081258175162 0
      vertex 13.192765674300434 -17.597081258175162 3.6
    endloop
  endfacet
  facet normal 0.3522500479212353 -0.9359059267573251 0
    outer loop
      vertex 7.071668236669555 -20.832462848892327 0
      vertex 8.419035512031975 -20.325349715248308 3.4
      vertex 7.071668236669555 -20.832462848892327 3.4
    endloop
  endfacet
  facet normal 0.4127070298043968 -0.9108638249211749 0
    outer loop
      vertex 8.419035512031975 -20.325349715248308 0
      vertex 9.298732840201563 -19.92676404140496 3.4
      vertex 8.419035512031975 -20.325349715248308 3.4
    endloop
  endfacet
  facet normal 0.4127070298043885 -0.9108638249211786 2.505521299143374e-15
    outer loop
      vertex 8.419035512031975 -20.325349715248308 0
      vertex 9.730351184818028 -19.731200313719143 3.6
      vertex 9.298732840201563 -19.92676404140496 3.4
    endloop
  endfacet
  facet normal 0.4713967368259979 -0.8819212643483549 0
    outer loop
      vertex 9.730351184818028 -19.731200313719143 0
      vertex 11 -19.05255888325765 3.6
      vertex 9.730351184818028 -19.731200313719143 3.6
    endloop
  endfacet
  facet normal 0.5280678506503681 -0.8492021815265788 0
    outer loop
      vertex 11 -19.05255888325765 0
      vertex 12.222545126431248 -18.292331470655995 3.6
      vertex 11 -19.05255888325765 3.6
    endloop
  endfacet
  facet normal 0.5824776968678023 -0.812846684591615 0
    outer loop
      vertex 12.222545126431248 -18.292331470655995 0
      vertex 13.192765674300434 -17.597081258175162 3.6
      vertex 12.222545126431248 -18.292331470655995 3.6
    endloop
  endfacet
  facet normal 0.41270702980438956 -0.9108638249211781 0
    outer loop
      vertex 9.298732840201563 -19.92676404140496 3.4
      vertex 9.730351184818028 -19.731200313719143 3.6
      vertex 9.298732840201563 -19.92676404140496 3.6
    endloop
  endfacet
  facet normal 0 0 1
    outer loop
      vertex 9.298732840201563 -19.92676404140496 3.6
      vertex 9.730351184818028 -19.731200313719143 3.6
      vertex 8.392307942516737 -17.518450859022305 3.6
    endloop
  endfacet
  facet normal 0 0 -1
    outer loop
      vertex 7.071668236669555 -20.832462848892327 0
      vertex 8.419035512031975 20.325349715248308 0
      vertex 8.419035512031975 -20.325349715248308 0
    endloop
  endfacet
  facet normal 0 0 -1
    outer loop
      vertex 8.419035512031975 -20.325349715248308 0
      vertex 9.730351184818028 19.731200313719143 0
      vertex 9.730351184818028 -19.731200313719143 0
    endloop
  endfacet
  facet normal 0 0 -1
    outer loop
      vertex 9.730351184818028 -19.731200313719143 0
      vertex 11 19.05255888325765 0
      vertex 11 -19.05255888325765 0
    endloop
  endfacet
  facet normal 0 0 -1
    outer loop
      vertex 11 -19.05255888325765 0
      vertex 12.222545126431248 18.292331470655995 0
      vertex 12.222545126431248 -18.292331470655995 0
    endloop
  endfacet
  facet normal 0 0 -1
    outer loop
      vertex 12.222545126431248 -18.292331470655995 0
      vertex 13.392751438191855 17.453773486407172 0
      vertex 13.192765674300434 -17.597081258175162 0
    endloop
  endfacet
  facet normal 0 0 -1
    outer loop
      vertex 13.192765674300434 -17.597081258175162 0
      vertex 13.392751438191855 17.453773486407172 0
      vertex 13.392751438191855 -17.453773486407172 0
    endloop
  endfacet
  facet normal 0 0 -1
    outer loop
      vertex 13.392751438191855 -17.453773486407172 0
      vertex 14.505607932201514 16.540475764537504 0
      vertex 14.505607932201514 -16.540475764537504 0
    endloop
  endfacet
  facet normal 0 0 -1
    outer loop
      vertex 14.505607932201514 -16.540475764537504 0
      vertex 15.556349186104047 15.556349186104047 0
      vertex 15.556349186104047 -15.556349186104047 0
    endloop
  endfacet
  facet normal 0.8819212643483533 -0.4713967368260007 0
    outer loop
      vertex 19.620846512602004 -9.93680862544897 0
      vertex 19.731200313719143 -9.730351184818028 0
      vertex 19.731200313719143 -9.730351184818028 3.6
    endloop
  endfacet
  facet normal 0.910863824921176 -0.41270702980439444 0
    outer loop
      vertex 19.731200313719143 -9.730351184818028 0
      vertex 20.325349715248308 -8.419035512031975 0
      vertex 19.731200313719143 -9.730351184818028 3.6
    endloop
  endfacet
  facet normal 0.935905926757325 -0.3522500479212352 0
    outer loop
      vertex 20.325349715248308 -8.419035512031975 0
      vertex 20.832462848892327 -7.071668236669555 0
      vertex 20.325349715248308 -8.419035512031975 3.6
    endloop
  endfacet
  facet normal 0.9569403357322095 -0.2902846772544603 0
    outer loop
      vertex 20.832462848892327 -7.071668236669555 0
      vertex 21.2503681783595 -5.694018992255456 0
      vertex 20.832462848892327 -7.071668236669555 3.6
    endloop
  endfacet
  facet normal 0 0 -1
    outer loop
      vertex 15.556349186104047 -15.556349186104047 0
      vertex 16.540475764537504 14.505607932201514 0
      vertex 16.540475764537504 -14.505607932201514 0
    endloop
  endfacet
  facet normal 0 0 -1
    outer loop
      vertex 16.540475764537504 -14.505607932201514 0
      vertex 17.453773486407172 13.392751438191855 0
      vertex 17.453773486407172 -13.392751438191855 0
    endloop
  endfacet
  facet normal 0 0 -1
    outer loop
      vertex 17.453773486407172 -13.392751438191855 0
      vertex 18.292331470655995 12.222545126431248 0
      vertex 18.292331470655995 -12.222545126431248 0
    endloop
  endfacet
  facet normal 0 0 -1
    outer loop
      vertex 18.292331470655995 -12.222545126431248 0
      vertex 19.05255888325765 11 0
      vertex 19.05255888325765 -11 0
    endloop
  endfacet
  facet normal 0 0 -1
    outer loop
      vertex 19.05255888325765 -11 0
      vertex 19.731200313719143 9.730351184818028 0
      vertex 19.620846512602004 -9.93680862544897 0
    endloop
  endfacet
  facet normal 0 0 -1
    outer loop
      vertex 19.620846512602004 -9.93680862544897 0
      vertex 19.731200313719143 9.730351184818028 0
      vertex 19.731200313719143 -9.730351184818028 0
    endloop
  endfacet
  facet normal 0 0 -1
    outer loop
      vertex 19.731200313719143 -9.730351184818028 0
      vertex 20.325349715248308 8.419035512031975 0
      vertex 20.325349715248308 -8.419035512031975 0
    endloop
  endfacet
  facet normal 0 0 -1
    outer loop
      vertex 20.325349715248308 -8.419035512031975 0
      vertex 20.832462848892327 7.071668236669555 0
      vertex 20.832462848892327 -7.071668236669555 0
    endloop
  endfacet
  facet normal 0 0 -1
    outer loop
      vertex 20.832462848892327 -7.071668236669555 0
      vertex 21.2503681783595 5.694018992255456 0
      vertex 21.2503681783595 -5.694018992255456 0
    endloop
  endfacet
  facet normal 0 0 -1
    outer loop
      vertex 21.2503681783595 -5.694018992255456 0
      vertex 21.57727616887107 4.291987084354822 0
      vertex 21.57727616887107 -4.291987084354822 0
    endloop
  endfacet
  facet normal 0 0 -1
    outer loop
      vertex 21.57727616887107 -4.291987084354822 0
      vertex 21.81178695022383 2.8715762288411346 0
      vertex 21.81178695022383 -2.8715762288411346 0
    endloop
  endfacet
  facet normal 0 0 -1
    outer loop
      vertex 21.81178695022383 -2.8715762288411346 0
      vertex 21.952896311249276 1.4388688430631473 0
      vertex 21.952896311249276 -1.4388688430631473 0
    endloop
  endfacet
  facet normal 0.9738769792773336 -0.22707626303437364 0
    outer loop
      vertex 21.2503681783595 -5.694018992255456 0
      vertex 21.57727616887107 -4.291987084354822 0
      vertex 21.2503681783595 -5.694018992255456 3.6
    endloop
  endfacet
  facet normal 0.9866433320848789 -0.16289547339458962 0
    outer loop
      vertex 21.57727616887107 -4.291987084354822 0
      vertex 21.81178695022383 -2.8715762288411346 0
      vertex 21.57727616887107 -4.291987084354822 3.6
    endloop
  endfacet
  facet normal 0.995184726672197 -0.09801714032955927 0
    outer loop
      vertex 21.81178695022383 -2.8715762288411346 0
      vertex 21.952896311249276 -1.4388688430631473 0
      vertex 21.81178695022383 -2.8715762288411346 3.6
    endloop
  endfacet
  facet normal 0.9994645874763657 -0.03271908282177688 0
    outer loop
      vertex 21.952896311249276 -1.4388688430631473 0
      vertex 22 0 0
      vertex 21.952896311249276 -1.4388688430631473 3.6
    endloop
  endfacet
  facet normal 0 0 1
    outer loop
      vertex 7.357042467245776 -14.10563795808738 3.6
      vertex 8.392307942516737 -17.518450859022305 3.6
      vertex 7.357042467245776 14.10563795808738 3.6
    endloop
  endfacet
  facet normal 0 0 1
    outer loop
      vertex 9.730351184818028 -19.731200313719143 3.6
      vertex 9.298732840201563 19.92676404140496 3.6
      vertex 8.392307942516737 -17.518450859022305 3.6
    endloop
  endfacet
  facet normal 0 0 1
    outer loop
      vertex 9.730351184818028 -19.731200313719143 3.6
      vertex 11 -19.05255888325765 3.6
      vertex 9.730351184818028 19.731200313719143 3.6
    endloop
  endfacet
  facet normal 0 0 1
    outer loop
      vertex 11 -19.05255888325765 3.6
      vertex 12.222545126431248 -18.292331470655995 3.6
      vertex 11 19.05255888325765 3.6
    endloop
  endfacet
  facet normal 0 0 1
    outer loop
      vertex 12.222545126431248 -18.292331470655995 3.6
      vertex 13.192765674300434 -17.597081258175162 3.6
      vertex 12.222545126431248 18.292331470655995 3.6
    endloop
  endfacet
  facet normal 0 0 1
    outer loop
      vertex 13.192765674300434 -17.597081258175162 3.6
      vertex 13.392751438191855 -17.453773486407172 3.6
      vertex 12.222545126431248 18.292331470655995 3.6
    endloop
  endfacet
  facet normal 0 0 1
    outer loop
      vertex 13.392751438191855 -17.453773486407172 3.6
      vertex 14.505607932201514 -16.540475764537504 3.6
      vertex 13.392751438191855 17.453773486407172 3.6
    endloop
  endfacet
  facet normal 0 0 1
    outer loop
      vertex 7.357042467245776 -14.10563795808738 3.6
      vertex 7.357042467245776 14.10563795808738 3.6
      vertex 6.547202218023941 -10.63242254987899 3.6
    endloop
  endfacet
  facet normal 0.8819212643483533 -0.4713967368260007 0
    outer loop
      vertex 19.620846512602004 -9.93680862544897 0
      vertex 19.731200313719143 -9.730351184818028 3.6
      vertex 19.620846512602004 -9.93680862544897 3.6
    endloop
  endfacet
  facet normal 0.910863824921176 -0.41270702980439444 0
    outer loop
      vertex 19.731200313719143 -9.730351184818028 3.6
      vertex 20.325349715248308 -8.419035512031975 0
      vertex 20.325349715248308 -8.419035512031975 3.6
    endloop
  endfacet
  facet normal 0.935905926757325 -0.3522500479212352 0
    outer loop
      vertex 20.832462848892327 -7.071668236669555 0
      vertex 20.832462848892327 -7.071668236669555 3.6
      vertex 20.325349715248308 -8.419035512031975 3.6
    endloop
  endfacet
  facet normal 0.9569403357322095 -0.2902846772544603 0
    outer loop
      vertex 20.832462848892327 -7.071668236669555 3.6
      vertex 21.2503681783595 -5.694018992255456 0
      vertex 21.2503681783595 -5.694018992255456 3.6
    endloop
  endfacet
  facet normal 0.9738769792773336 -0.22707626303437364 0
    outer loop
      vertex 21.57727616887107 -4.291987084354822 0
      vertex 21.57727616887107 -4.291987084354822 3.6
      vertex 21.2503681783595 -5.694018992255456 3.6
    endloop
  endfacet
  facet normal 0.9866433320848789 -0.16289547339458962 0
    outer loop
      vertex 21.81178695022383 -2.8715762288411346 0
      vertex 21.81178695022383 -2.8715762288411346 3.6
      vertex 21.57727616887107 -4.291987084354822 3.6
    endloop
  endfacet
  facet normal 0.995184726672197 -0.09801714032955927 0
    outer loop
      vertex 21.952896311249276 -1.4388688430631473 0
      vertex 21.952896311249276 -1.4388688430631473 3.6
      vertex 21.81178695022383 -2.8715762288411346 3.6
    endloop
  endfacet
  facet normal 0 0 1
    outer loop
      vertex 14.505607932201514 -16.540475764537504 3.6
      vertex 15.556349186104047 -15.556349186104047 3.6
      vertex 14.505607932201514 16.540475764537504 3.6
    endloop
  endfacet
  facet normal 0 0 1
    outer loop
      vertex 15.556349186104047 -15.556349186104047 3.6
      vertex 16.540475764537504 -14.505607932201514 3.6
      vertex 15.556349186104047 15.556349186104047 3.6
    endloop
  endfacet
  facet normal 0 0 1
    outer loop
      vertex 16.540475764537504 -14.505607932201514 3.6
      vertex 17.453773486407172 -13.392751438191855 3.6
      vertex 16.540475764537504 14.505607932201514 3.6
    endloop
  endfacet
  facet normal 0 0 1
    outer loop
      vertex 17.453773486407172 -13.392751438191855 3.6
      vertex 18.292331470655995 -12.222545126431248 3.6
      vertex 17.453773486407172 13.392751438191855 3.6
    endloop
  endfacet
  facet normal 0 0 1
    outer loop
      vertex 18.292331470655995 -12.222545126431248 3.6
      vertex 19.05255888325765 -11 3.6
      vertex 18.292331470655995 12.222545126431248 3.6
    endloop
  endfacet
  facet normal 0 0 1
    outer loop
      vertex 19.05255888325765 -11 3.6
      vertex 19.620846512602004 -9.93680862544897 3.6
      vertex 19.05255888325765 11 3.6
    endloop
  endfacet
  facet normal 0 0 1
    outer loop
      vertex 19.620846512602004 -9.93680862544897 3.6
      vertex 19.731200313719143 -9.730351184818028 3.6
      vertex 19.05255888325765 11 3.6
    endloop
  endfacet
  facet normal 0 0 1
    outer loop
      vertex 19.731200313719143 -9.730351184818028 3.6
      vertex 20.325349715248308 -8.419035512031975 3.6
      vertex 19.731200313719143 9.730351184818028 3.6
    endloop
  endfacet
  facet normal 0 0 1
    outer loop
      vertex 20.325349715248308 -8.419035512031975 3.6
      vertex 20.832462848892327 -7.071668236669555 3.6
      vertex 20.325349715248308 8.419035512031975 3.6
    endloop
  endfacet
  facet normal 0 0 1
    outer loop
      vertex 20.832462848892327 -7.071668236669555 3.6
      vertex 21.2503681783595 -5.694018992255456 3.6
      vertex 20.832462848892327 7.071668236669555 3.6
    endloop
  endfacet
  facet normal 0 0 1
    outer loop
      vertex 21.2503681783595 -5.694018992255456 3.6
      vertex 21.57727616887107 -4.291987084354822 3.6
      vertex 21.2503681783595 5.694018992255456 3.6
    endloop
  endfacet
  facet normal 0 0 1
    outer loop
      vertex 21.57727616887107 -4.291987084354822 3.6
      vertex 21.81178695022383 -2.8715762288411346 3.6
      vertex 21.57727616887107 4.291987084354822 3.6
    endloop
  endfacet
  facet normal 0 0 1
    outer loop
      vertex 21.81178695022383 -2.8715762288411346 3.6
      vertex 21.952896311249276 -1.4388688430631473 3.6
      vertex 21.81178695022383 2.8715762288411346 3.6
    endloop
  endfacet
  facet normal 0.9994645874763657 -0.03271908282177688 0
    outer loop
      vertex 21.952896311249276 -1.4388688430631473 3.6
      vertex 22 0 0
      vertex 22 0 3.6
    endloop
  endfacet
  facet normal 0 0 -1
    outer loop
      vertex -21.952896311249276 -1.4388688430631473 0
      vertex -22 0 0
      vertex -21.952896311249276 1.4388688430631473 0
    endloop
  endfacet
  facet normal 0 0 -1
    outer loop
      vertex -21.952896311249276 -1.4388688430631473 0
      vertex -21.952896311249276 1.4388688430631473 0
      vertex -21.81178695022383 2.8715762288411346 0
    endloop
  endfacet
  facet normal 0 0 -1
    outer loop
      vertex -21.81178695022383 -2.8715762288411346 0
      vertex -21.81178695022383 2.8715762288411346 0
      vertex -21.57727616887107 4.291987084354822 0
    endloop
  endfacet
  facet normal 0 0 -1
    outer loop
      vertex -21.57727616887107 -4.291987084354822 0
      vertex -21.57727616887107 4.291987084354822 0
      vertex -21.2503681783595 5.694018992255456 0
    endloop
  endfacet
  facet normal 0 0 -1
    outer loop
      vertex -21.2503681783595 -5.694018992255456 0
      vertex -21.2503681783595 5.694018992255456 0
      vertex -20.832462848892327 7.071668236669555 0
    endloop
  endfacet
  facet normal 0 0 -1
    outer loop
      vertex -20.832462848892327 -7.071668236669555 0
      vertex -20.832462848892327 7.071668236669555 0
      vertex -20.325349715248308 8.419035512031975 0
    endloop
  endfacet
  facet normal 0 0 -1
    outer loop
      vertex -20.325349715248308 -8.419035512031975 0
      vertex -20.325349715248308 8.419035512031975 0
      vertex -19.731200313719143 9.730351184818028 0
    endloop
  endfacet
  facet normal 0 0 -1
    outer loop
      vertex -19.731200313719143 -9.730351184818028 0
      vertex -19.731200313719143 9.730351184818028 0
      vertex -19.05255888325765 11 0
    endloop
  endfacet
  facet normal 0 0 -1
    outer loop
      vertex -19.05255888325765 -11 0
      vertex -19.05255888325765 11 0
      vertex -18.292331470655995 12.222545126431248 0
    endloop
  endfacet
  facet normal 0 0 -1
    outer loop
      vertex -18.292331470655995 -12.222545126431248 0
      vertex -18.292331470655995 12.222545126431248 0
      vertex -17.453773486407172 13.392751438191855 0
    endloop
  endfacet
  facet normal 0 0 -1
    outer loop
      vertex -17.453773486407172 -13.392751438191855 0
      vertex -17.453773486407172 13.392751438191855 0
      vertex -16.540475764537504 14.505607932201514 0
    endloop
  endfacet
  facet normal -0.9994645874763656 0.03271908282177687 0
    outer loop
      vertex -22 0 0
      vertex -22 0 3.4
      vertex -21.952896311249276 1.4388688430631473 0
    endloop
  endfacet
  facet normal -0.9951847266721969 0.09801714032955926 0
    outer loop
      vertex -21.952896311249276 1.4388688430631473 0
      vertex -21.952896311249276 1.4388688430631473 3.4
      vertex -21.81178695022383 2.8715762288411346 0
    endloop
  endfacet
  facet normal -0.986643332084879 0.16289547339458962 0
    outer loop
      vertex -21.81178695022383 2.8715762288411346 0
      vertex -21.81178695022383 2.8715762288411346 3.4
      vertex -21.57727616887107 4.291987084354822 0
    endloop
  endfacet
  facet normal -0.9738769792773335 0.2270762630343736 0
    outer loop
      vertex -21.57727616887107 4.291987084354822 0
      vertex -21.57727616887107 4.291987084354822 3.4
      vertex -21.2503681783595 5.694018992255456 0
    endloop
  endfacet
  facet normal -0.9569403357322095 0.2902846772544603 0
    outer loop
      vertex -21.2503681783595 5.694018992255456 0
      vertex -21.2503681783595 5.694018992255456 3.4
      vertex -20.832462848892327 7.071668236669555 0
    endloop
  endfacet
  facet normal -0.9359059267573251 0.3522500479212353 0
    outer loop
      vertex -20.832462848892327 7.071668236669555 0
      vertex -20.832462848892327 7.071668236669555 3.4
      vertex -20.325349715248308 8.419035512031975 0
    endloop
  endfacet
  facet normal -0.9108638249211759 0.41270702980439433 0
    outer loop
      vertex -20.325349715248308 8.419035512031975 0
      vertex -20.325349715248308 8.419035512031975 3.4
      vertex -19.731200313719143 9.730351184818028 0
    endloop
  endfacet
  facet normal -0.8819212643483549 0.4713967368259979 0
    outer loop
      vertex -19.731200313719143 9.730351184818028 0
      vertex -19.731200313719143 9.730351184818028 3.4
      vertex -19.05255888325765 11 0
    endloop
  endfacet
  facet normal 0 0 -1
    outer loop
      vertex -16.540475764537504 -14.505607932201514 0
      vertex -16.540475764537504 14.505607932201514 0
      vertex -15.556349186104047 15.556349186104047 0
    endloop
  endfacet
  facet normal 0 0 -1
    outer loop
      vertex -15.556349186104047 -15.556349186104047 0
      vertex -15.556349186104047 15.556349186104047 0
      vertex -14.505607932201514 16.540475764537504 0
    endloop
  endfacet
  facet normal 0 0 -1
    outer loop
      vertex -14.505607932201514 -16.540475764537504 0
      vertex -14.505607932201514 16.540475764537504 0
      vertex -13.392751438191855 17.453773486407172 0
    endloop
  endfacet
  facet normal 0 0 -1
    outer loop
      vertex -13.392751438191855 -17.453773486407172 0
      vertex -13.392751438191855 17.453773486407172 0
      vertex -12.222545126431248 18.292331470655995 0
    endloop
  endfacet
  facet normal 0 0 -1
    outer loop
      vertex -12.222545126431248 -18.292331470655995 0
      vertex -12.222545126431248 18.292331470655995 0
      vertex -11 19.05255888325765 0
    endloop
  endfacet
  facet normal 0 0 -1
    outer loop
      vertex -11 -19.05255888325765 0
      vertex -11 19.05255888325765 0
      vertex -9.730351184818028 19.731200313719143 0
    endloop
  endfacet
  facet normal 0 0 -1
    outer loop
      vertex -9.730351184818028 -19.731200313719143 0
      vertex -9.730351184818028 19.731200313719143 0
      vertex -8.419035512031975 20.325349715248308 0
    endloop
  endfacet
  facet normal -0.9994645874763656 0.03271908282177687 0
    outer loop
      vertex -21.952896311249276 1.4388688430631473 0
      vertex -22 0 3.4
      vertex -21.952896311249276 1.4388688430631473 3.4
    endloop
  endfacet
  facet normal -0.9951847266721969 0.09801714032955926 0
    outer loop
      vertex -21.81178695022383 2.8715762288411346 0
      vertex -21.952896311249276 1.4388688430631473 3.4
      vertex -21.81178695022383 2.8715762288411346 3.4
    endloop
  endfacet
  facet normal -0.986643332084879 0.16289547339458962 0
    outer loop
      vertex -21.57727616887107 4.291987084354822 0
      vertex -21.81178695022383 2.8715762288411346 3.4
      vertex -21.57727616887107 4.291987084354822 3.4
    endloop
  endfacet
  facet normal -0.9738769792773335 0.2270762630343736 0
    outer loop
      vertex -21.2503681783595 5.694018992255456 0
      vertex -21.57727616887107 4.291987084354822 3.4
      vertex -21.2503681783595 5.694018992255456 3.4
    endloop
  endfacet
  facet normal -0.9569403357322095 0.2902846772544603 0
    outer loop
      vertex -21.2503681783595 5.694018992255456 3.4
      vertex -20.832462848892327 7.071668236669555 3.4
      vertex -20.832462848892327 7.071668236669555 0
    endloop
  endfacet
  facet normal -0.9359059267573251 0.3522500479212353 0
    outer loop
      vertex -20.325349715248308 8.419035512031975 0
      vertex -20.832462848892327 7.071668236669555 3.4
      vertex -20.325349715248308 8.419035512031975 3.4
    endloop
  endfacet
  facet normal -0.9108638249211759 0.41270702980439433 0
    outer loop
      vertex -19.731200313719143 9.730351184818028 0
      vertex -20.325349715248308 8.419035512031975 3.4
      vertex -19.731200313719143 9.730351184818028 3.4
    endloop
  endfacet
  facet normal -0.8492021815265788 0.5280678506503681 0
    outer loop
      vertex -19.05255888325765 11 0
      vertex -19.05255888325765 11 3.4
      vertex -18.292331470655995 12.222545126431248 0
    endloop
  endfacet
  facet normal -0.8128466845916152 0.582477696867802 0
    outer loop
      vertex -18.292331470655995 12.222545126431248 0
      vertex -18.292331470655995 12.222545126431248 3.4
      vertex -17.453773486407172 13.392751438191855 0
    endloop
  endfacet
  facet normal -0.7730104533627372 0.634393284163645 0
    outer loop
      vertex -17.453773486407172 13.392751438191855 0
      vertex -17.453773486407172 13.392751438191855 3.4
      vertex -16.540475764537504 14.505607932201514 0
    endloop
  endfacet
  facet normal -0.7298640726978365 0.6835923020228705 0
    outer loop
      vertex -16.540475764537504 14.505607932201514 0
      vertex -16.540475764537504 14.505607932201514 3.4
      vertex -15.556349186104047 15.556349186104047 0
    endloop
  endfacet
  facet normal -0.6835923020228705 0.7298640726978365 0
    outer loop
      vertex -15.556349186104047 15.556349186104047 0
      vertex -15.556349186104047 15.556349186104047 3.4
      vertex -14.505607932201514 16.540475764537504 0
    endloop
  endfacet
  facet normal -0.634393284163645 0.7730104533627372 0
    outer loop
      vertex -14.505607932201514 16.540475764537504 0
      vertex -14.505607932201514 16.540475764537504 3.4
      vertex -13.392751438191855 17.453773486407172 0
    endloop
  endfacet
  facet normal -0.582477696867802 0.8128466845916152 0
    outer loop
      vertex -13.392751438191855 17.453773486407172 0
      vertex -13.392751438191855 17.453773486407172 3.4
      vertex -12.222545126431248 18.292331470655995 0
    endloop
  endfacet
  facet normal -0.5280678506503681 0.8492021815265788 0
    outer loop
      vertex -12.222545126431248 18.292331470655995 0
      vertex -12.222545126431248 18.292331470655995 3.4
      vertex -11 19.05255888325765 0
    endloop
  endfacet
  facet normal -0.4713967368259979 0.8819212643483549 0
    outer loop
      vertex -11 19.05255888325765 0
      vertex -11 19.05255888325765 3.4
      vertex -9.730351184818028 19.731200313719143 0
    endloop
  endfacet
  facet normal -0.41270702980439433 0.9108638249211759 0
    outer loop
      vertex -9.730351184818028 19.731200313719143 0
      vertex -9.730351184818028 19.731200313719143 3.4
      vertex -8.419035512031975 20.325349715248308 0
    endloop
  endfacet
  facet normal -0.8819212643483549 0.4713967368259979 0
    outer loop
      vertex -19.05255888325765 11 0
      vertex -19.731200313719143 9.730351184818028 3.4
      vertex -19.05255888325765 11 3.4
    endloop
  endfacet
  facet normal -0.8492021815265788 0.5280678506503681 0
    outer loop
      vertex -19.05255888325765 11 3.4
      vertex -18.292331470655995 12.222545126431248 3.4
      vertex -18.292331470655995 12.222545126431248 0
    endloop
  endfacet
  facet normal -0.8128466845916152 0.582477696867802 0
    outer loop
      vertex -18.292331470655995 12.222545126431248 3.4
      vertex -17.453773486407172 13.392751438191855 3.4
      vertex -17.453773486407172 13.392751438191855 0
    endloop
  endfacet
  facet normal -0.7730104533627372 0.634393284163645 0
    outer loop
      vertex -16.540475764537504 14.505607932201514 0
      vertex -17.453773486407172 13.392751438191855 3.4
      vertex -16.540475764537504 14.505607932201514 3.4
    endloop
  endfacet
  facet normal -0.7298640726978365 0.6835923020228705 0
    outer loop
      vertex -15.556349186104047 15.556349186104047 0
      vertex -16.540475764537504 14.505607932201514 3.4
      vertex -15.556349186104047 15.556349186104047 3.4
    endloop
  endfacet
  facet normal -0.6835923020228705 0.7298640726978365 0
    outer loop
      vertex -14.505607932201514 16.540475764537504 0
      vertex -15.556349186104047 15.556349186104047 3.4
      vertex -14.505607932201514 16.540475764537504 3.4
    endloop
  endfacet
  facet normal -0.634393284163645 0.7730104533627372 0
    outer loop
      vertex -13.392751438191855 17.453773486407172 0
      vertex -14.505607932201514 16.540475764537504 3.4
      vertex -13.392751438191855 17.453773486407172 3.4
    endloop
  endfacet
  facet normal -0.582477696867802 0.8128466845916152 0
    outer loop
      vertex -13.392751438191855 17.453773486407172 3.4
      vertex -12.222545126431248 18.292331470655995 3.4
      vertex -12.222545126431248 18.292331470655995 0
    endloop
  endfacet
  facet normal -0.5280678506503681 0.8492021815265788 0
    outer loop
      vertex -12.222545126431248 18.292331470655995 3.4
      vertex -11 19.05255888325765 3.4
      vertex -11 19.05255888325765 0
    endloop
  endfacet
  facet normal -0.4713967368259979 0.8819212643483549 0
    outer loop
      vertex -9.730351184818028 19.731200313719143 0
      vertex -11 19.05255888325765 3.4
      vertex -9.730351184818028 19.731200313719143 3.4
    endloop
  endfacet
  facet normal -0.41270702980439433 0.9108638249211759 0
    outer loop
      vertex -8.419035512031975 20.325349715248308 0
      vertex -9.730351184818028 19.731200313719143 3.4
      vertex -8.419035512031975 20.325349715248308 3.4
    endloop
  endfacet
  facet normal 0 0 -1
    outer loop
      vertex -4.291987084354822 -21.57727616887107 0
      vertex -4.291987084354822 21.57727616887107 0
      vertex -4 0 0
    endloop
  endfacet
  facet normal 0 0 -1
    outer loop
      vertex -8.419035512031975 -20.325349715248308 0
      vertex -8.419035512031975 20.325349715248308 0
      vertex -7.071668236669555 20.832462848892327 0
    endloop
  endfacet
  facet normal 0 0 -1
    outer loop
      vertex -7.071668236669555 -20.832462848892327 0
      vertex -7.071668236669555 20.832462848892327 0
      vertex -5.694018992255456 21.2503681783595 0
    endloop
  endfacet
  facet normal 0 0 -1
    outer loop
      vertex -5.694018992255456 -21.2503681783595 0
      vertex -5.694018992255456 21.2503681783595 0
      vertex -4.291987084354822 21.57727616887107 0
    endloop
  endfacet
  facet normal 0 0 -1
    outer loop
      vertex -4 0 0
      vertex -4.291987084354822 21.57727616887107 0
      vertex -3.991435692954414 0.26161251692057225 0
    endloop
  endfacet
  facet normal 0 0 -1
    outer loop
      vertex -3.991435692954414 0.26161251692057225 0
      vertex -4.291987084354822 21.57727616887107 0
      vertex -3.9657794454952415 0.5221047688802063 0
    endloop
  endfacet
  facet normal 0 0 -1
    outer loop
      vertex -3.9657794454952415 0.5221047688802063 0
      vertex -4.291987084354822 21.57727616887107 0
      vertex -3.9231411216129217 0.780361288064513 0
    endloop
  endfacet
  facet normal 0 0 -1
    outer loop
      vertex -3.9231411216129217 0.780361288064513 0
      vertex -4.291987084354822 21.57727616887107 0
      vertex -3.8637033051562732 1.035276180410083 0
    endloop
  endfacet
  facet normal 0 0 -1
    outer loop
      vertex -3.8637033051562732 1.035276180410083 0
      vertex -4.291987084354822 21.57727616887107 0
      vertex -3.7877205179804228 1.2857578612126463 0
    endloop
  endfacet
  facet normal 0 0 -1
    outer loop
      vertex -3.7877205179804228 1.2857578612126463 0
      vertex -4.291987084354822 21.57727616887107 0
      vertex -3.695518130045147 1.5307337294603591 0
    endloop
  endfacet
  facet normal 0 0 -1
    outer loop
      vertex -3.695518130045147 1.5307337294603591 0
      vertex -4.291987084354822 21.57727616887107 0
      vertex -3.587490966130753 1.7691547608760052 0
    endloop
  endfacet
  facet normal 0 0 -1
    outer loop
      vertex -3.587490966130753 1.7691547608760052 0
      vertex -2.8715762288411346 21.81178695022383 0
      vertex -3.4641016151377544 2 0
    endloop
  endfacet
  facet normal 0 0 -1
    outer loop
      vertex -3.4641016151377544 2 0
      vertex -2.8715762288411346 21.81178695022383 0
      vertex -3.325878449210181 2.2222809320784087 0
    endloop
  endfacet
  facet normal 0 0 -1
    outer loop
      vertex -3.325878449210181 2.2222809320784087 0
      vertex -2.8715762288411346 21.81178695022383 0
      vertex -3.1734133611649407 2.4350457160348826 0
    endloop
  endfacet
  facet normal 0 0 -1
    outer loop
      vertex -3.1734133611649407 2.4350457160348826 0
      vertex -2.8715762288411346 21.81178695022383 0
      vertex -3.0073592299159095 2.6373832604002754 0
    endloop
  endfacet
  facet normal 0 0 -1
    outer loop
      vertex -3.0073592299159095 2.6373832604002754 0
      vertex -2.8715762288411346 21.81178695022383 0
      vertex -2.8284271247461903 2.8284271247461903 0
    endloop
  endfacet
  facet normal 0 0 -1
    outer loop
      vertex -2.8284271247461903 2.8284271247461903 0
      vertex -2.8715762288411346 21.81178695022383 0
      vertex -2.6373832604002754 3.0073592299159095 0
    endloop
  endfacet
  facet normal 0 0 -1
    outer loop
      vertex -2.6373832604002754 3.0073592299159095 0
      vertex -2.8715762288411346 21.81178695022383 0
      vertex -2.4350457160348826 3.1734133611649407 0
    endloop
  endfacet
  facet normal 0 0 -1
    outer loop
      vertex -2.4350457160348826 3.1734133611649407 0
      vertex -2.8715762288411346 21.81178695022383 0
      vertex -2.2222809320784087 3.325878449210181 0
    endloop
  endfacet
  facet normal 0 0 -1
    outer loop
      vertex -2.2222809320784087 3.325878449210181 0
      vertex -1.4388688430631473 21.952896311249276 0
      vertex -2 3.4641016151377544 0
    endloop
  endfacet
  facet normal 0 0 -1
    outer loop
      vertex -2 3.4641016151377544 0
      vertex -1.4388688430631473 21.952896311249276 0
      vertex -1.7691547608760052 3.587490966130753 0
    endloop
  endfacet
  facet normal 0 0 -1
    outer loop
      vertex -1.7691547608760052 3.587490966130753 0
      vertex -1.4388688430631473 21.952896311249276 0
      vertex -1.5307337294603591 3.695518130045147 0
    endloop
  endfacet
  facet normal 0 0 -1
    outer loop
      vertex -1.5307337294603591 3.695518130045147 0
      vertex -1.4388688430631473 21.952896311249276 0
      vertex -1.2857578612126463 3.7877205179804228 0
    endloop
  endfacet
  facet normal 0 0 -1
    outer loop
      vertex -1.2857578612126463 3.7877205179804228 0
      vertex -1.4388688430631473 21.952896311249276 0
      vertex -1.035276180410083 3.8637033051562732 0
    endloop
  endfacet
  facet normal 0 0 -1
    outer loop
      vertex -1.035276180410083 3.8637033051562732 0
      vertex -1.4388688430631473 21.952896311249276 0
      vertex -0.780361288064513 3.9231411216129217 0
    endloop
  endfacet
  facet normal 0 0 -1
    outer loop
      vertex 4.291987084354822 -21.57727616887107 0
      vertex 4 0 0
      vertex 4.291987084354822 21.57727616887107 0
    endloop
  endfacet
  facet normal 0 0 -1
    outer loop
      vertex -0.780361288064513 3.9231411216129217 0
      vertex 0 22 0
      vertex -0.5221047688802063 3.9657794454952415 0
    endloop
  endfacet
  facet normal 0 0 -1
    outer loop
      vertex -0.5221047688802063 3.9657794454952415 0
      vertex 0 22 0
      vertex -0.26161251692057225 3.991435692954414 0
    endloop
  endfacet
  facet normal 0 0 -1
    outer loop
      vertex -0.26161251692057225 3.991435692954414 0
      vertex 0 22 0
      vertex 0 4 0
    endloop
  endfacet
  facet normal 0 0 -1
    outer loop
      vertex 0 4 0
      vertex 1.4388688430631473 21.952896311249276 0
      vertex 0.26161251692057225 3.991435692954414 0
    endloop
  endfacet
  facet normal 0 0 -1
    outer loop
      vertex 0.26161251692057225 3.991435692954414 0
      vertex 1.4388688430631473 21.952896311249276 0
      vertex 0.5221047688802063 3.9657794454952415 0
    endloop
  endfacet
  facet normal 0 0 -1
    outer loop
      vertex 0.5221047688802063 3.9657794454952415 0
      vertex 1.4388688430631473 21.952896311249276 0
      vertex 0.780361288064513 3.9231411216129217 0
    endloop
  endfacet
  facet normal 0 0 -1
    outer loop
      vertex 0.780361288064513 3.9231411216129217 0
      vertex 1.4388688430631473 21.952896311249276 0
      vertex 1.035276180410083 3.8637033051562732 0
    endloop
  endfacet
  facet normal 0 0 -1
    outer loop
      vertex 1.035276180410083 3.8637033051562732 0
      vertex 1.4388688430631473 21.952896311249276 0
      vertex 1.2857578612126463 3.7877205179804228 0
    endloop
  endfacet
  facet normal 0 0 -1
    outer loop
      vertex 1.5307337294603591 3.695518130045147 0
      vertex 1.2857578612126463 3.7877205179804228 0
      vertex 2.8715762288411346 21.81178695022383 0
    endloop
  endfacet
  facet normal 0 0 -1
    outer loop
      vertex 1.5307337294603591 3.695518130045147 0
      vertex 2.8715762288411346 21.81178695022383 0
      vertex 1.7691547608760052 3.587490966130753 0
    endloop
  endfacet
  facet normal 0 0 -1
    outer loop
      vertex 1.7691547608760052 3.587490966130753 0
      vertex 2.8715762288411346 21.81178695022383 0
      vertex 2 3.4641016151377544 0
    endloop
  endfacet
  facet normal 0 0 -1
    outer loop
      vertex 2.2222809320784087 3.325878449210181 0
      vertex 2.8715762288411346 21.81178695022383 0
      vertex 2.4350457160348826 3.1734133611649407 0
    endloop
  endfacet
  facet normal 0 0 -1
    outer loop
      vertex 2.8284271247461903 2.8284271247461903 0
      vertex 2.6373832604002754 3.0073592299159095 0
      vertex 2.8715762288411346 21.81178695022383 0
    endloop
  endfacet
  facet normal 0 0 -1
    outer loop
      vertex 2.4350457160348826 3.1734133611649407 0
      vertex 2.8715762288411346 21.81178695022383 0
      vertex 2.6373832604002754 3.0073592299159095 0
    endloop
  endfacet
  facet normal 0 0 -1
    outer loop
      vertex 2.2222809320784087 3.325878449210181 0
      vertex 2 3.4641016151377544 0
      vertex 2.8715762288411346 21.81178695022383 0
    endloop
  endfacet
  facet normal 0 0 -1
    outer loop
      vertex 4 0 0
      vertex 3.991435692954414 0.26161251692057225 0
      vertex 4.291987084354822 21.57727616887107 0
    endloop
  endfacet
  facet normal 0 0 -1
    outer loop
      vertex 3.991435692954414 0.26161251692057225 0
      vertex 3.9657794454952415 0.5221047688802063 0
      vertex 4.291987084354822 21.57727616887107 0
    endloop
  endfacet
  facet normal 0 0 -1
    outer loop
      vertex 3.9657794454952415 0.5221047688802063 0
      vertex 3.9231411216129217 0.780361288064513 0
      vertex 4.291987084354822 21.57727616887107 0
    endloop
  endfacet
  facet normal 0 0 -1
    outer loop
      vertex 3.9231411216129217 0.780361288064513 0
      vertex 3.8637033051562732 1.035276180410083 0
      vertex 4.291987084354822 21.57727616887107 0
    endloop
  endfacet
  facet normal 0 0 -1
    outer loop
      vertex 4.291987084354822 -21.57727616887107 0
      vertex 4.291987084354822 21.57727616887107 0
      vertex 5.694018992255456 21.2503681783595 0
    endloop
  endfacet
  facet normal 0 0 -1
    outer loop
      vertex 5.694018992255456 -21.2503681783595 0
      vertex 5.694018992255456 21.2503681783595 0
      vertex 7.071668236669555 20.832462848892327 0
    endloop
  endfacet
  facet normal 0 0 -1
    outer loop
      vertex 3.587490966130753 1.7691547608760052 0
      vertex 3.4641016151377544 2 0
      vertex 4.291987084354822 21.57727616887107 0
    endloop
  endfacet
  facet normal 0 0 -1
    outer loop
      vertex 3.325878449210181 2.2222809320784087 0
      vertex 4.291987084354822 21.57727616887107 0
      vertex 3.4641016151377544 2 0
    endloop
  endfacet
  facet normal 0 0 -1
    outer loop
      vertex 3.325878449210181 2.2222809320784087 0
      vertex 3.1734133611649407 2.4350457160348826 0
      vertex 4.291987084354822 21.57727616887107 0
    endloop
  endfacet
  facet normal 0 0 -1
    outer loop
      vertex 3.0073592299159095 2.6373832604002754 0
      vertex 4.291987084354822 21.57727616887107 0
      vertex 3.1734133611649407 2.4350457160348826 0
    endloop
  endfacet
  facet normal 0 0 -1
    outer loop
      vertex 2.8284271247461903 2.8284271247461903 0
      vertex 4.291987084354822 21.57727616887107 0
      vertex 3.0073592299159095 2.6373832604002754 0
    endloop
  endfacet
  facet normal 0 0 -1
    outer loop
      vertex 3.7877205179804228 1.2857578612126463 0
      vertex 4.291987084354822 21.57727616887107 0
      vertex 3.8637033051562732 1.035276180410083 0
    endloop
  endfacet
  facet normal 0 0 -1
    outer loop
      vertex 3.7877205179804228 1.2857578612126463 0
      vertex 3.695518130045147 1.5307337294603591 0
      vertex 4.291987084354822 21.57727616887107 0
    endloop
  endfacet
  facet normal 0 0 -1
    outer loop
      vertex 3.587490966130753 1.7691547608760052 0
      vertex 4.291987084354822 21.57727616887107 0
      vertex 3.695518130045147 1.5307337294603591 0
    endloop
  endfacet
  facet normal 0 0 1
    outer loop
      vertex 5.616688683496108 -3.564470543042797 3.6
      vertex 5.616688683496108 3.564470543042797 3.6
      vertex 5.5 0 3.6
    endloop
  endfacet
  facet normal 0 0 1
    outer loop
      vertex 5.616688683496108 -3.564470543042797 3.6
      vertex 5.966255055127334 7.1136774759928105 3.6
      vertex 5.616688683496108 3.564470543042797 3.6
    endloop
  endfacet
  facet normal 0 0 1
    outer loop
      vertex 5.966255055127334 -7.1136774759928105 3.6
      vertex 6.547202218023941 10.63242254987899 3.6
      vertex 5.966255055127334 7.1136774759928105 3.6
    endloop
  endfacet
  facet normal 0 0 -1
    outer loop
      vertex -3.587490966130753 1.7691547608760052 0
      vertex -4.291987084354822 21.57727616887107 0
      vertex -2.8715762288411346 21.81178695022383 0
    endloop
  endfacet
  facet normal 0 0 -1
    outer loop
      vertex -2.2222809320784087 3.325878449210181 0
      vertex -2.8715762288411346 21.81178695022383 0
      vertex -1.4388688430631473 21.952896311249276 0
    endloop
  endfacet
  facet normal -0.3522500479212353 0.9359059267573251 0
    outer loop
      vertex -8.419035512031975 20.325349715248308 0
      vertex -8.419035512031975 20.325349715248308 3.4
      vertex -7.071668236669555 20.832462848892327 0
    endloop
  endfacet
  facet normal 0 0 -1
    outer loop
      vertex 2.8284271247461903 2.8284271247461903 0
      vertex 2.8715762288411346 21.81178695022383 0
      vertex 4.291987084354822 21.57727616887107 0
    endloop
  endfacet
  facet normal 0 0 -1
    outer loop
      vertex -0.780361288064513 3.9231411216129217 0
      vertex -1.4388688430631473 21.952896311249276 0
      vertex 0 22 0
    endloop
  endfacet
  facet normal 0 0 -1
    outer loop
      vertex 0 4 0
      vertex 0 22 0
      vertex 1.4388688430631473 21.952896311249276 0
    endloop
  endfacet
  facet normal 0 0 -1
    outer loop
      vertex 1.2857578612126463 3.7877205179804228 0
      vertex 1.4388688430631473 21.952896311249276 0
      vertex 2.8715762288411346 21.81178695022383 0
    endloop
  endfacet
  facet normal -0.3522500479212353 0.9359059267573251 0
    outer loop
      vertex -7.071668236669555 20.832462848892327 0
      vertex -8.419035512031975 20.325349715248308 3.4
      vertex -7.071668236669555 20.832462848892327 3.4
    endloop
  endfacet
  facet normal -0.2902846772544603 0.9569403357322095 0
    outer loop
      vertex -7.071668236669555 20.832462848892327 0
      vertex -7.071668236669555 20.832462848892327 3.4
      vertex -5.694018992255456 21.2503681783595 0
    endloop
  endfacet
  facet normal -0.2270762630343736 0.9738769792773335 0
    outer loop
      vertex -5.694018992255456 21.2503681783595 0
      vertex -5.694018992255456 21.2503681783595 3.4
      vertex -4.291987084354822 21.57727616887107 0
    endloop
  endfacet
  facet normal -0.16289547339458962 0.986643332084879 0
    outer loop
      vertex -4.291987084354822 21.57727616887107 0
      vertex -4.291987084354822 21.57727616887107 3.4
      vertex -2.8715762288411346 21.81178695022383 0
    endloop
  endfacet
  facet normal -0.09801714032955926 0.9951847266721969 0
    outer loop
      vertex -2.8715762288411346 21.81178695022383 0
      vertex -2.8715762288411346 21.81178695022383 3.4
      vertex -1.4388688430631473 21.952896311249276 0
    endloop
  endfacet
  facet normal -0.03271908282177687 0.9994645874763656 0
    outer loop
      vertex -1.4388688430631473 21.952896311249276 0
      vertex -1.4388688430631473 21.952896311249276 3.4
      vertex 0 22 0
    endloop
  endfacet
  facet normal 0.03271908282177687 0.9994645874763656 0
    outer loop
      vertex 0 22 0
      vertex 0 22 3.4
      vertex 1.4388688430631473 21.952896311249276 0
    endloop
  endfacet
  facet normal 0.09801714032955926 0.9951847266721969 0
    outer loop
      vertex 1.4388688430631473 21.952896311249276 0
      vertex 1.4388688430631473 21.952896311249276 3.4
      vertex 2.8715762288411346 21.81178695022383 0
    endloop
  endfacet
  facet normal 0.16289547339458962 0.986643332084879 0
    outer loop
      vertex 2.8715762288411346 21.81178695022383 0
      vertex 2.8715762288411346 21.81178695022383 3.4
      vertex 4.291987084354822 21.57727616887107 0
    endloop
  endfacet
  facet normal 0.2270762630343736 0.9738769792773335 0
    outer loop
      vertex 4.291987084354822 21.57727616887107 0
      vertex 4.291987084354822 21.57727616887107 3.4
      vertex 5.694018992255456 21.2503681783595 0
    endloop
  endfacet
  facet normal 0.2902846772544603 0.9569403357322095 0
    outer loop
      vertex 7.071668236669555 20.832462848892327 0
      vertex 5.694018992255456 21.2503681783595 0
      vertex 5.694018992255456 21.2503681783595 3.4
    endloop
  endfacet
  facet normal -0.2902846772544603 0.9569403357322095 0
    outer loop
      vertex -5.694018992255456 21.2503681783595 0
      vertex -7.071668236669555 20.832462848892327 3.4
      vertex -5.694018992255456 21.2503681783595 3.4
    endloop
  endfacet
  facet normal -0.2270762630343736 0.9738769792773335 0
    outer loop
      vertex -5.694018992255456 21.2503681783595 3.4
      vertex -4.291987084354822 21.57727616887107 3.4
      vertex -4.291987084354822 21.57727616887107 0
    endloop
  endfacet
  facet normal -0.16289547339458962 0.986643332084879 0
    outer loop
      vertex -2.8715762288411346 21.81178695022383 0
      vertex -4.291987084354822 21.57727616887107 3.4
      vertex -2.8715762288411346 21.81178695022383 3.4
    endloop
  endfacet
  facet normal -0.09801714032955926 0.9951847266721969 0
    outer loop
      vertex -1.4388688430631473 21.952896311249276 0
      vertex -2.8715762288411346 21.81178695022383 3.4
      vertex -1.4388688430631473 21.952896311249276 3.4
    endloop
  endfacet
  facet normal -0.03271908282177687 0.9994645874763656 0
    outer loop
      vertex 0 22 0
      vertex -1.4388688430631473 21.952896311249276 3.4
      vertex 0 22 3.4
    endloop
  endfacet
  facet normal 0.03271908282177687 0.9994645874763656 0
    outer loop
      vertex 0 22 3.4
      vertex 1.4388688430631473 21.952896311249276 3.4
      vertex 1.4388688430631473 21.952896311249276 0
    endloop
  endfacet
  facet normal 0.09801714032955926 0.9951847266721969 0
    outer loop
      vertex 2.8715762288411346 21.81178695022383 0
      vertex 1.4388688430631473 21.952896311249276 3.4
      vertex 2.8715762288411346 21.81178695022383 3.4
    endloop
  endfacet
  facet normal 0.16289547339458962 0.986643332084879 0
    outer loop
      vertex 4.291987084354822 21.57727616887107 0
      vertex 2.8715762288411346 21.81178695022383 3.4
      vertex 4.291987084354822 21.57727616887107 3.4
    endloop
  endfacet
  facet normal 0.2270762630343736 0.9738769792773335 0
    outer loop
      vertex 5.694018992255456 21.2503681783595 0
      vertex 4.291987084354822 21.57727616887107 3.4
      vertex 5.694018992255456 21.2503681783595 3.4
    endloop
  endfacet
  facet normal 0.2902846772544603 0.9569403357322095 0
    outer loop
      vertex 7.071668236669555 20.832462848892327 0
      vertex 5.694018992255456 21.2503681783595 3.4
      vertex 7.071668236669555 20.832462848892327 3.4
    endloop
  endfacet
  facet normal 0 0 -1
    outer loop
      vertex 7.071668236669555 -20.832462848892327 0
      vertex 7.071668236669555 20.832462848892327 0
      vertex 8.419035512031975 20.325349715248308 0
    endloop
  endfacet
  facet normal 0 0 -1
    outer loop
      vertex 9.730351184818028 -19.731200313719143 0
      vertex 9.730351184818028 19.731200313719143 0
      vertex 11 19.05255888325765 0
    endloop
  endfacet
  facet normal 0 0 -1
    outer loop
      vertex 8.419035512031975 -20.325349715248308 0
      vertex 8.419035512031975 20.325349715248308 0
      vertex 9.730351184818028 19.731200313719143 0
    endloop
  endfacet
  facet normal 0 0 -1
    outer loop
      vertex 11 -19.05255888325765 0
      vertex 11 19.05255888325765 0
      vertex 12.222545126431248 18.292331470655995 0
    endloop
  endfacet
  facet normal 0 0 -1
    outer loop
      vertex 12.222545126431248 -18.292331470655995 0
      vertex 12.222545126431248 18.292331470655995 0
      vertex 13.392751438191855 17.453773486407172 0
    endloop
  endfacet
  facet normal 0 0 -1
    outer loop
      vertex 13.392751438191855 -17.453773486407172 0
      vertex 13.392751438191855 17.453773486407172 0
      vertex 14.505607932201514 16.540475764537504 0
    endloop
  endfacet
  facet normal 0 0 -1
    outer loop
      vertex 14.505607932201514 -16.540475764537504 0
      vertex 14.505607932201514 16.540475764537504 0
      vertex 15.556349186104047 15.556349186104047 0
    endloop
  endfacet
  facet normal 0 0 -1
    outer loop
      vertex 15.556349186104047 -15.556349186104047 0
      vertex 15.556349186104047 15.556349186104047 0
      vertex 16.540475764537504 14.505607932201514 0
    endloop
  endfacet
  facet normal 0 0 -1
    outer loop
      vertex 16.540475764537504 -14.505607932201514 0
      vertex 16.540475764537504 14.505607932201514 0
      vertex 17.453773486407172 13.392751438191855 0
    endloop
  endfacet
  facet normal 0 0 -1
    outer loop
      vertex 17.453773486407172 -13.392751438191855 0
      vertex 17.453773486407172 13.392751438191855 0
      vertex 18.292331470655995 12.222545126431248 0
    endloop
  endfacet
  facet normal 0 0 -1
    outer loop
      vertex 21.952896311249276 -1.4388688430631473 0
      vertex 21.952896311249276 1.4388688430631473 0
      vertex 22 0 0
    endloop
  endfacet
  facet normal 0 0 -1
    outer loop
      vertex 21.81178695022383 -2.8715762288411346 0
      vertex 21.81178695022383 2.8715762288411346 0
      vertex 21.952896311249276 1.4388688430631473 0
    endloop
  endfacet
  facet normal 0 0 -1
    outer loop
      vertex 21.57727616887107 -4.291987084354822 0
      vertex 21.57727616887107 4.291987084354822 0
      vertex 21.81178695022383 2.8715762288411346 0
    endloop
  endfacet
  facet normal 0 0 -1
    outer loop
      vertex 20.832462848892327 -7.071668236669555 0
      vertex 20.832462848892327 7.071668236669555 0
      vertex 21.2503681783595 5.694018992255456 0
    endloop
  endfacet
  facet normal 0 0 -1
    outer loop
      vertex 20.325349715248308 -8.419035512031975 0
      vertex 20.325349715248308 8.419035512031975 0
      vertex 20.832462848892327 7.071668236669555 0
    endloop
  endfacet
  facet normal 0 0 -1
    outer loop
      vertex 21.2503681783595 -5.694018992255456 0
      vertex 21.2503681783595 5.694018992255456 0
      vertex 21.57727616887107 4.291987084354822 0
    endloop
  endfacet
  facet normal 0 0 -1
    outer loop
      vertex 18.292331470655995 -12.222545126431248 0
      vertex 18.292331470655995 12.222545126431248 0
      vertex 19.05255888325765 11 0
    endloop
  endfacet
  facet normal 0 0 -1
    outer loop
      vertex 19.05255888325765 -11 0
      vertex 19.05255888325765 11 0
      vertex 19.731200313719143 9.730351184818028 0
    endloop
  endfacet
  facet normal 0 0 -1
    outer loop
      vertex 19.731200313719143 -9.730351184818028 0
      vertex 19.731200313719143 9.730351184818028 0
      vertex 20.325349715248308 8.419035512031975 0
    endloop
  endfacet
  facet normal 0.995184726672197 0.09801714032955927 0
    outer loop
      vertex 21.952896311249276 1.4388688430631473 0
      vertex 21.81178695022383 2.8715762288411346 0
      vertex 21.952896311249276 1.4388688430631473 3.6
    endloop
  endfacet
  facet normal 0.9866433320848789 0.16289547339458962 0
    outer loop
      vertex 21.81178695022383 2.8715762288411346 0
      vertex 21.57727616887107 4.291987084354822 0
      vertex 21.81178695022383 2.8715762288411346 3.6
    endloop
  endfacet
  facet normal 0.9738769792773336 0.22707626303437364 0
    outer loop
      vertex 21.2503681783595 5.694018992255456 0
      vertex 21.57727616887107 4.291987084354822 3.6
      vertex 21.57727616887107 4.291987084354822 0
    endloop
  endfacet
  facet normal 0.9569403357322095 0.2902846772544603 0
    outer loop
      vertex 21.2503681783595 5.694018992255456 0
      vertex 20.832462848892327 7.071668236669555 0
      vertex 21.2503681783595 5.694018992255456 3.6
    endloop
  endfacet
  facet normal 0.935905926757325 0.3522500479212352 0
    outer loop
      vertex 20.832462848892327 7.071668236669555 0
      vertex 20.325349715248308 8.419035512031975 0
      vertex 20.832462848892327 7.071668236669555 3.6
    endloop
  endfacet
  facet normal 0.8819212643483549 0.4713967368259979 0
    outer loop
      vertex 19.731200313719143 9.730351184818028 0
      vertex 19.05255888325765 11 0
      vertex 19.731200313719143 9.730351184818028 3.6
    endloop
  endfacet
  facet normal 0.910863824921176 0.41270702980439444 0
    outer loop
      vertex 19.731200313719143 9.730351184818028 0
      vertex 20.325349715248308 8.419035512031975 3.6
      vertex 20.325349715248308 8.419035512031975 0
    endloop
  endfacet
  facet normal 0 0 1
    outer loop
      vertex 6.547202218023941 -10.63242254987899 3.6
      vertex 7.357042467245776 14.10563795808738 3.6
      vertex 6.547202218023941 10.63242254987899 3.6
    endloop
  endfacet
  facet normal 0 0 1
    outer loop
      vertex 8.392307942516737 -17.518450859022305 3.6
      vertex 8.392307942516737 17.518450859022305 3.6
      vertex 7.357042467245776 14.10563795808738 3.6
    endloop
  endfacet
  facet normal 0 0 1
    outer loop
      vertex 8.392307942516737 -17.518450859022305 3.6
      vertex 9.298732840201563 19.92676404140496 3.6
      vertex 8.392307942516737 17.518450859022305 3.6
    endloop
  endfacet
  facet normal 0 0 1
    outer loop
      vertex 9.730351184818028 -19.731200313719143 3.6
      vertex 9.730351184818028 19.731200313719143 3.6
      vertex 9.298732840201563 19.92676404140496 3.6
    endloop
  endfacet
  facet normal 0 0 1
    outer loop
      vertex 12.222545126431248 -18.292331470655995 3.6
      vertex 12.222545126431248 18.292331470655995 3.6
      vertex 11 19.05255888325765 3.6
    endloop
  endfacet
  facet normal 0 0 1
    outer loop
      vertex 11 -19.05255888325765 3.6
      vertex 11 19.05255888325765 3.6
      vertex 9.730351184818028 19.731200313719143 3.6
    endloop
  endfacet
  facet normal 0 0 1
    outer loop
      vertex 13.392751438191855 -17.453773486407172 3.6
      vertex 13.392751438191855 17.453773486407172 3.6
      vertex 12.222545126431248 18.292331470655995 3.6
    endloop
  endfacet
  facet normal 0 0 1
    outer loop
      vertex 14.505607932201514 -16.540475764537504 3.6
      vertex 14.505607932201514 16.540475764537504 3.6
      vertex 13.392751438191855 17.453773486407172 3.6
    endloop
  endfacet
  facet normal 0.9994645874763657 0.03271908282177688 0
    outer loop
      vertex 21.952896311249276 1.4388688430631473 0
      vertex 21.952896311249276 1.4388688430631473 3.6
      vertex 22 0 3.6
    endloop
  endfacet
  facet normal 0.995184726672197 0.09801714032955927 0
    outer loop
      vertex 21.81178695022383 2.8715762288411346 0
      vertex 21.81178695022383 2.8715762288411346 3.6
      vertex 21.952896311249276 1.4388688430631473 3.6
    endloop
  endfacet
  facet normal 0.9866433320848789 0.16289547339458962 0
    outer loop
      vertex 21.57727616887107 4.291987084354822 0
      vertex 21.57727616887107 4.291987084354822 3.6
      vertex 21.81178695022383 2.8715762288411346 3.6
    endloop
  endfacet
  facet normal 0.9738769792773336 0.22707626303437364 0
    outer loop
      vertex 21.2503681783595 5.694018992255456 0
      vertex 21.2503681783595 5.694018992255456 3.6
      vertex 21.57727616887107 4.291987084354822 3.6
    endloop
  endfacet
  facet normal 0 0 1
    outer loop
      vertex 16.540475764537504 -14.505607932201514 3.6
      vertex 16.540475764537504 14.505607932201514 3.6
      vertex 15.556349186104047 15.556349186104047 3.6
    endloop
  endfacet
  facet normal 0 0 1
    outer loop
      vertex 17.453773486407172 -13.392751438191855 3.6
      vertex 17.453773486407172 13.392751438191855 3.6
      vertex 16.540475764537504 14.505607932201514 3.6
    endloop
  endfacet
  facet normal 0 0 1
    outer loop
      vertex 18.292331470655995 -12.222545126431248 3.6
      vertex 18.292331470655995 12.222545126431248 3.6
      vertex 17.453773486407172 13.392751438191855 3.6
    endloop
  endfacet
  facet normal 0 0 1
    outer loop
      vertex 21.952896311249276 -1.4388688430631473 3.6
      vertex 22 0 3.6
      vertex 21.952896311249276 1.4388688430631473 3.6
    endloop
  endfacet
  facet normal 0 0 1
    outer loop
      vertex 21.952896311249276 -1.4388688430631473 3.6
      vertex 21.952896311249276 1.4388688430631473 3.6
      vertex 21.81178695022383 2.8715762288411346 3.6
    endloop
  endfacet
  facet normal 0 0 1
    outer loop
      vertex 21.57727616887107 -4.291987084354822 3.6
      vertex 21.57727616887107 4.291987084354822 3.6
      vertex 21.2503681783595 5.694018992255456 3.6
    endloop
  endfacet
  facet normal 0 0 1
    outer loop
      vertex 21.81178695022383 -2.8715762288411346 3.6
      vertex 21.81178695022383 2.8715762288411346 3.6
      vertex 21.57727616887107 4.291987084354822 3.6
    endloop
  endfacet
  facet normal 0 0 1
    outer loop
      vertex 21.2503681783595 -5.694018992255456 3.6
      vertex 21.2503681783595 5.694018992255456 3.6
      vertex 20.832462848892327 7.071668236669555 3.6
    endloop
  endfacet
  facet normal 0 0 1
    outer loop
      vertex 19.731200313719143 -9.730351184818028 3.6
      vertex 19.731200313719143 9.730351184818028 3.6
      vertex 19.05255888325765 11 3.6
    endloop
  endfacet
  facet normal 0 0 1
    outer loop
      vertex 19.05255888325765 -11 3.6
      vertex 19.05255888325765 11 3.6
      vertex 18.292331470655995 12.222545126431248 3.6
    endloop
  endfacet
  facet normal 0 0 1
    outer loop
      vertex 20.325349715248308 -8.419035512031975 3.6
      vertex 20.325349715248308 8.419035512031975 3.6
      vertex 19.731200313719143 9.730351184818028 3.6
    endloop
  endfacet
  facet normal 0 0 1
    outer loop
      vertex 20.832462848892327 -7.071668236669555 3.6
      vertex 20.832462848892327 7.071668236669555 3.6
      vertex 20.325349715248308 8.419035512031975 3.6
    endloop
  endfacet
  facet normal 0.9569403357322095 0.2902846772544603 0
    outer loop
      vertex 21.2503681783595 5.694018992255456 3.6
      vertex 20.832462848892327 7.071668236669555 0
      vertex 20.832462848892327 7.071668236669555 3.6
    endloop
  endfacet
  facet normal 0.910863824921176 0.41270702980439444 0
    outer loop
      vertex 19.731200313719143 9.730351184818028 0
      vertex 19.731200313719143 9.730351184818028 3.6
      vertex 20.325349715248308 8.419035512031975 3.6
    endloop
  endfacet
  facet normal 0.935905926757325 0.3522500479212352 0
    outer loop
      vertex 20.325349715248308 8.419035512031975 0
      vertex 20.325349715248308 8.419035512031975 3.6
      vertex 20.832462848892327 7.071668236669555 3.6
    endloop
  endfacet
  facet normal 0 0 1
    outer loop
      vertex 15.556349186104047 -15.556349186104047 3.6
      vertex 15.556349186104047 15.556349186104047 3.6
      vertex 14.505607932201514 16.540475764537504 3.6
    endloop
  endfacet
  facet normal 0.3522500479212353 0.9359059267573251 0
    outer loop
      vertex 7.071668236669555 20.832462848892327 0
      vertex 7.071668236669555 20.832462848892327 3.4
      vertex 8.419035512031975 20.325349715248308 0
    endloop
  endfacet
  facet normal 0.4713967368259979 0.8819212643483549 0
    outer loop
      vertex 9.730351184818028 19.731200313719143 0
      vertex 9.730351184818028 19.731200313719143 3.6
      vertex 11 19.05255888325765 0
    endloop
  endfacet
  facet normal 0.41270702980439433 0.9108638249211759 0
    outer loop
      vertex 8.419035512031975 20.325349715248308 0
      vertex 8.419035512031975 20.325349715248308 3.4
      vertex 9.730351184818028 19.731200313719143 0
    endloop
  endfacet
  facet normal 0.582477696867802 0.8128466845916152 0
    outer loop
      vertex 13.392751438191855 17.453773486407172 0
      vertex 12.222545126431248 18.292331470655995 0
      vertex 12.222545126431248 18.292331470655995 3.6
    endloop
  endfacet
  facet normal 0.634393284163645 0.7730104533627373 0
    outer loop
      vertex 13.392751438191855 17.453773486407172 0
      vertex 13.392751438191855 17.453773486407172 3.6
      vertex 14.505607932201514 16.540475764537504 0
    endloop
  endfacet
  facet normal 0.5280678506503681 0.8492021815265788 0
    outer loop
      vertex 11 19.05255888325765 0
      vertex 11 19.05255888325765 3.6
      vertex 12.222545126431248 18.292331470655995 0
    endloop
  endfacet
  facet normal 0.8128466845916152 0.582477696867802 0
    outer loop
      vertex 17.453773486407172 13.392751438191855 0
      vertex 18.292331470655995 12.222545126431248 3.6
      vertex 18.292331470655995 12.222545126431248 0
    endloop
  endfacet
  facet normal 0.7298640726978365 0.6835923020228704 0
    outer loop
      vertex 16.540475764537504 14.505607932201514 0
      vertex 15.556349186104047 15.556349186104047 0
      vertex 16.540475764537504 14.505607932201514 3.6
    endloop
  endfacet
  facet normal 0.7730104533627373 0.634393284163645 0
    outer loop
      vertex 16.540475764537504 14.505607932201514 0
      vertex 17.453773486407172 13.392751438191855 3.6
      vertex 17.453773486407172 13.392751438191855 0
    endloop
  endfacet
  facet normal 0.8492021815265788 0.5280678506503681 0
    outer loop
      vertex 19.05255888325765 11 0
      vertex 18.292331470655995 12.222545126431248 0
      vertex 19.05255888325765 11 3.6
    endloop
  endfacet
  facet normal 0.6835923020228704 0.7298640726978365 0
    outer loop
      vertex 14.505607932201514 16.540475764537504 0
      vertex 14.505607932201514 16.540475764537504 3.6
      vertex 15.556349186104047 15.556349186104047 0
    endloop
  endfacet
  facet normal 0.3522500479212353 0.9359059267573251 0
    outer loop
      vertex 7.071668236669555 20.832462848892327 3.4
      vertex 8.419035512031975 20.325349715248308 3.4
      vertex 8.419035512031975 20.325349715248308 0
    endloop
  endfacet
  facet normal 0.4127070298043967 0.910863824921175 1.0988409992629187e-15
    outer loop
      vertex 9.730351184818028 19.731200313719143 0
      vertex 8.419035512031975 20.325349715248308 3.4
      vertex 9.298732840201563 19.92676404140496 3.4
    endloop
  endfacet
  facet normal 0.4127070298043895 0.9108638249211781 0
    outer loop
      vertex 9.730351184818028 19.731200313719143 0
      vertex 9.298732840201563 19.92676404140496 3.4
      vertex 9.730351184818028 19.731200313719143 3.6
    endloop
  endfacet
  facet normal 0.634393284163645 0.7730104533627373 0
    outer loop
      vertex 13.392751438191855 17.453773486407172 3.6
      vertex 14.505607932201514 16.540475764537504 3.6
      vertex 14.505607932201514 16.540475764537504 0
    endloop
  endfacet
  facet normal 0.582477696867802 0.8128466845916152 0
    outer loop
      vertex 13.392751438191855 17.453773486407172 0
      vertex 12.222545126431248 18.292331470655995 3.6
      vertex 13.392751438191855 17.453773486407172 3.6
    endloop
  endfacet
  facet normal 0.4713967368259979 0.8819212643483549 0
    outer loop
      vertex 11 19.05255888325765 0
      vertex 9.730351184818028 19.731200313719143 3.6
      vertex 11 19.05255888325765 3.6
    endloop
  endfacet
  facet normal 0.5280678506503681 0.8492021815265788 0
    outer loop
      vertex 12.222545126431248 18.292331470655995 0
      vertex 11 19.05255888325765 3.6
      vertex 12.222545126431248 18.292331470655995 3.6
    endloop
  endfacet
  facet normal 0.41270702980438956 0.9108638249211781 0
    outer loop
      vertex 9.298732840201563 19.92676404140496 3.4
      vertex 9.298732840201563 19.92676404140496 3.6
      vertex 9.730351184818028 19.731200313719143 3.6
    endloop
  endfacet
  facet normal 0.8128466845916152 0.582477696867802 0
    outer loop
      vertex 17.453773486407172 13.392751438191855 0
      vertex 17.453773486407172 13.392751438191855 3.6
      vertex 18.292331470655995 12.222545126431248 3.6
    endloop
  endfacet
  facet normal 0.7298640726978365 0.6835923020228704 0
    outer loop
      vertex 15.556349186104047 15.556349186104047 0
      vertex 15.556349186104047 15.556349186104047 3.6
      vertex 16.540475764537504 14.505607932201514 3.6
    endloop
  endfacet
  facet normal 0.7730104533627373 0.634393284163645 0
    outer loop
      vertex 16.540475764537504 14.505607932201514 0
      vertex 16.540475764537504 14.505607932201514 3.6
      vertex 17.453773486407172 13.392751438191855 3.6
    endloop
  endfacet
  facet normal 0.8819212643483549 0.4713967368259979 0
    outer loop
      vertex 19.05255888325765 11 0
      vertex 19.05255888325765 11 3.6
      vertex 19.731200313719143 9.730351184818028 3.6
    endloop
  endfacet
  facet normal 0.8492021815265788 0.5280678506503681 0
    outer loop
      vertex 19.05255888325765 11 3.6
      vertex 18.292331470655995 12.222545126431248 0
      vertex 18.292331470655995 12.222545126431248 3.6
    endloop
  endfacet
  facet normal 0.6835923020228704 0.7298640726978365 0
    outer loop
      vertex 15.556349186104047 15.556349186104047 0
      vertex 14.505607932201514 16.540475764537504 3.6
      vertex 15.556349186104047 15.556349186104047 3.6
    endloop
  endfacet
  facet normal 0.9994645874763657 0.03271908282177688 0
    outer loop
      vertex 22 0 0
      vertex 21.952896311249276 1.4388688430631473 0
      vertex 22 0 3.6
    endloop
  endfacet
  facet normal -0.6427876096865395 -0.7660444431189779 0
    outer loop
      vertex 13.192765674300434 -17.597081258175162 3.6
      vertex 19.767395245136644 -23.113850506191067 0
      vertex 19.767395245136644 -23.113850506191067 3.6
    endloop
  endfacet
  facet normal 0.7660444431189782 -0.642787609686539 0
    outer loop
      vertex 19.767395245136644 -23.113850506191067 3.6
      vertex 21.053888260776574 -21.58066783295482 3.4
      vertex 21.053888260776574 -21.58066783295482 3.6
    endloop
  endfacet
  facet normal 0 0 1
    outer loop
      vertex 19.767395245136644 -23.113850506191067 3.6
      vertex 21.003295848269133 -21.53914771303311 3.6
      vertex 20.860012950009697 -21.40494863415582 3.6
    endloop
  endfacet
  facet normal 0 0 1
    outer loop
      vertex 19.767395245136644 -23.113850506191067 3.6
      vertex 20.860012950009697 -21.40494863415582 3.6
      vertex 20.725813871132406 -21.261665735896383 3.6
    endloop
  endfacet
  facet normal 0 0 1
    outer loop
      vertex 19.767395245136644 -23.113850506191067 3.6
      vertex 20.601273272695632 -21.10991257762234 3.6
      vertex 20.486924456661704 -20.950338989654984 3.6
    endloop
  endfacet
  facet normal 0 0 1
    outer loop
      vertex 19.767395245136644 -23.113850506191067 3.6
      vertex 20.725813871132406 -21.261665735896383 3.6
      vertex 20.601273272695632 -21.10991257762234 3.6
    endloop
  endfacet
  facet normal 0 0 1
    outer loop
      vertex 19.767395245136644 -23.113850506191067 3.6
      vertex 21.053888260776574 -21.58066783295482 3.6
      vertex 21.003295848269133 -21.53914771303311 3.6
    endloop
  endfacet
  facet normal 0 0 -1
    outer loop
      vertex 13.192765674300434 -17.597081258175162 0
      vertex 13.392751438191855 -17.453773486407172 0
      vertex 19.767395245136644 -23.113850506191067 0
    endloop
  endfacet
  facet normal 0 0 -1
    outer loop
      vertex 13.392751438191855 -17.453773486407172 0
      vertex 14.505607932201514 -16.540475764537504 0
      vertex 19.767395245136644 -23.113850506191067 0
    endloop
  endfacet
  facet normal 0 0 -1
    outer loop
      vertex 19.767395245136644 -23.113850506191067 0
      vertex 14.505607932201514 -16.540475764537504 0
      vertex 15.556349186104047 -15.556349186104047 0
    endloop
  endfacet
  facet normal 0 0 -1
    outer loop
      vertex 19.767395245136644 -23.113850506191067 0
      vertex 15.556349186104047 -15.556349186104047 0
      vertex 16.540475764537504 -14.505607932201514 0
    endloop
  endfacet
  facet normal 0 0 -1
    outer loop
      vertex 19.767395245136644 -23.113850506191067 0
      vertex 16.540475764537504 -14.505607932201514 0
      vertex 26.195271342002034 -15.453406075001286 0
    endloop
  endfacet
  facet normal -0.6427876096865395 -0.7660444431189779 0
    outer loop
      vertex 13.192765674300434 -17.597081258175162 0
      vertex 19.767395245136644 -23.113850506191067 0
      vertex 13.192765674300434 -17.597081258175162 3.6
    endloop
  endfacet
  facet normal 0.7660444431189782 -0.6427876096865391 0
    outer loop
      vertex 19.767395245136644 -23.113850506191067 0
      vertex 26.195271342002034 -15.453406075001286 0
      vertex 19.767395245136644 -23.113850506191067 3.6
    endloop
  endfacet
  facet normal 0 0 -1
    outer loop
      vertex 16.540475764537504 -14.505607932201514 0
      vertex 17.453773486407172 -13.392751438191855 0
      vertex 26.195271342002034 -15.453406075001286 0
    endloop
  endfacet
  facet normal 0 0 -1
    outer loop
      vertex 17.453773486407172 -13.392751438191855 0
      vertex 18.292331470655995 -12.222545126431248 0
      vertex 26.195271342002034 -15.453406075001286 0
    endloop
  endfacet
  facet normal 0 0 -1
    outer loop
      vertex 18.292331470655995 -12.222545126431248 0
      vertex 19.05255888325765 -11 0
      vertex 26.195271342002034 -15.453406075001286 0
    endloop
  endfacet
  facet normal 0 0 -1
    outer loop
      vertex 26.195271342002034 -15.453406075001286 0
      vertex 19.05255888325765 -11 0
      vertex 19.620846512602004 -9.93680862544897 0
    endloop
  endfacet
  facet normal 0 0 1
    outer loop
      vertex 13.192765674300434 -17.597081258175162 3.6
      vertex 19.767395245136644 -23.113850506191067 3.6
      vertex 13.392751438191855 -17.453773486407172 3.6
    endloop
  endfacet
  facet normal 0 0 1
    outer loop
      vertex 13.392751438191855 -17.453773486407172 3.6
      vertex 19.767395245136644 -23.113850506191067 3.6
      vertex 14.505607932201514 -16.540475764537504 3.6
    endloop
  endfacet
  facet normal 0 0 1
    outer loop
      vertex 19.767395245136644 -23.113850506191067 3.6
      vertex 15.556349186104047 -15.556349186104047 3.6
      vertex 14.505607932201514 -16.540475764537504 3.6
    endloop
  endfacet
  facet normal 0 0 1
    outer loop
      vertex 15.556349186104047 -15.556349186104047 3.6
      vertex 20.486924456661704 -17.61691759153737 3.6
      vertex 16.540475764537504 -14.505607932201514 3.6
    endloop
  endfacet
  facet normal 0 0 1
    outer loop
      vertex 19.767395245136644 -23.113850506191067 3.6
      vertex 20.486924456661704 -20.950338989654984 3.6
      vertex 15.556349186104047 -15.556349186104047 3.6
    endloop
  endfacet
  facet normal 0 0 1
    outer loop
      vertex 15.556349186104047 -15.556349186104047 3.6
      vertex 20.383257082216023 -20.783628290596177 3.6
      vertex 20.290715068971274 -20.61049436125318 3.6
    endloop
  endfacet
  facet normal 0 0 1
    outer loop
      vertex 15.556349186104047 -15.556349186104047 3.6
      vertex 20.486924456661704 -20.950338989654984 3.6
      vertex 20.383257082216023 -20.783628290596177 3.6
    endloop
  endfacet
  facet normal 0 0 1
    outer loop
      vertex 15.556349186104047 -15.556349186104047 3.6
      vertex 20.140542905084022 -20.24794668650566 3.6
      vertex 20.083555814702134 -20.06008542590374 3.6
    endloop
  endfacet
  facet normal 0 0 1
    outer loop
      vertex 15.556349186104047 -15.556349186104047 3.6
      vertex 20.083555814702134 -20.06008542590374 3.6
      vertex 20.038977452359646 -19.86889925664456 3.6
    endloop
  endfacet
  facet normal 0 0 1
    outer loop
      vertex 15.556349186104047 -15.556349186104047 3.6
      vertex 20.038977452359646 -19.86889925664456 3.6
      vertex 20.006998709447906 -19.675206867256332 3.6
    endloop
  endfacet
  facet normal 0 0 1
    outer loop
      vertex 15.556349186104047 -15.556349186104047 3.6
      vertex 20.290715068971274 -20.61049436125318 3.6
      vertex 20.209694696035477 -20.431678587691447 3.6
    endloop
  endfacet
  facet normal 0 0 1
    outer loop
      vertex 15.556349186104047 -15.556349186104047 3.6
      vertex 20.209694696035477 -20.431678587691447 3.6
      vertex 20.140542905084022 -20.24794668650566 3.6
    endloop
  endfacet
  facet normal 0 0 1
    outer loop
      vertex 15.556349186104047 -15.556349186104047 3.6
      vertex 20.006998709447906 -19.675206867256332 3.6
      vertex 19.987756523853527 -19.479837678286607 3.6
    endloop
  endfacet
  facet normal 0 0 1
    outer loop
      vertex 15.556349186104047 -15.556349186104047 3.6
      vertex 19.987756523853527 -19.479837678286607 3.6
      vertex 19.98133329356934 -19.283628290596177 3.6
    endloop
  endfacet
  facet normal 0 0 1
    outer loop
      vertex 15.556349186104047 -15.556349186104047 3.6
      vertex 19.98133329356934 -19.283628290596177 3.6
      vertex 19.987756523853527 -19.087418902905746 3.6
    endloop
  endfacet
  facet normal 0 0 1
    outer loop
      vertex 15.556349186104047 -15.556349186104047 3.6
      vertex 19.987756523853527 -19.087418902905746 3.6
      vertex 20.006998709447906 -18.89204971393602 3.6
    endloop
  endfacet
  facet normal 0 0 1
    outer loop
      vertex 15.556349186104047 -15.556349186104047 3.6
      vertex 20.006998709447906 -18.89204971393602 3.6
      vertex 20.038977452359646 -18.698357324547793 3.6
    endloop
  endfacet
  facet normal 0 0 1
    outer loop
      vertex 15.556349186104047 -15.556349186104047 3.6
      vertex 20.038977452359646 -18.698357324547793 3.6
      vertex 20.083555814702134 -18.507171155288614 3.6
    endloop
  endfacet
  facet normal 0 0 1
    outer loop
      vertex 15.556349186104047 -15.556349186104047 3.6
      vertex 20.083555814702134 -18.507171155288614 3.6
      vertex 20.140542905084022 -18.319309894686693 3.6
    endloop
  endfacet
  facet normal 0 0 1
    outer loop
      vertex 15.556349186104047 -15.556349186104047 3.6
      vertex 20.140542905084022 -18.319309894686693 3.6
      vertex 20.209694696035477 -18.135577993500906 3.6
    endloop
  endfacet
  facet normal 0 0 1
    outer loop
      vertex 15.556349186104047 -15.556349186104047 3.6
      vertex 20.209694696035477 -18.135577993500906 3.6
      vertex 20.290715068971274 -17.956762219939172 3.6
    endloop
  endfacet
  facet normal 0 0 1
    outer loop
      vertex 15.556349186104047 -15.556349186104047 3.6
      vertex 20.290715068971274 -17.956762219939172 3.6
      vertex 20.383257082216023 -17.783628290596177 3.6
    endloop
  endfacet
  facet normal 0 0 1
    outer loop
      vertex 15.556349186104047 -15.556349186104047 3.6
      vertex 20.383257082216023 -17.783628290596177 3.6
      vertex 20.486924456661704 -17.61691759153737 3.6
    endloop
  endfacet
  facet normal 0 0 1
    outer loop
      vertex 16.540475764537504 -14.505607932201514 3.6
      vertex 20.486924456661704 -17.61691759153737 3.6
      vertex 20.601273272695632 -17.457344003570014 3.6
    endloop
  endfacet
  facet normal 0 0 1
    outer loop
      vertex 16.540475764537504 -14.505607932201514 3.6
      vertex 20.601273272695632 -17.457344003570014 3.6
      vertex 20.725813871132406 -17.30559084529597 3.6
    endloop
  endfacet
  facet normal 0 0 1
    outer loop
      vertex 16.540475764537504 -14.505607932201514 3.6
      vertex 20.725813871132406 -17.30559084529597 3.6
      vertex 20.860012950009697 -17.162307947036535 3.6
    endloop
  endfacet
  facet normal 0 0 1
    outer loop
      vertex 17.453773486407172 -13.392751438191855 3.6
      vertex 20.860012950009697 -17.162307947036535 3.6
      vertex 21.003295848269133 -17.028108868159244 3.6
    endloop
  endfacet
  facet normal 0 0 1
    outer loop
      vertex 17.453773486407172 -13.392751438191855 3.6
      vertex 21.003295848269133 -17.028108868159244 3.6
      vertex 21.155049006543177 -16.90356826972247 3.6
    endloop
  endfacet
  facet normal 0.6427876096865393 0.7660444431189781 0
    outer loop
      vertex 26.195271342002034 -15.453406075001286 3.6
      vertex 19.620846512602004 -9.93680862544897 0
      vertex 19.620846512602004 -9.93680862544897 3.6
    endloop
  endfacet
  facet normal 0 0 1
    outer loop
      vertex 16.540475764537504 -14.505607932201514 3.6
      vertex 20.860012950009697 -17.162307947036535 3.6
      vertex 17.453773486407172 -13.392751438191855 3.6
    endloop
  endfacet
  facet normal 0 0 1
    outer loop
      vertex 17.453773486407172 -13.392751438191855 3.6
      vertex 21.155049006543177 -16.90356826972247 3.6
      vertex 21.31462259451053 -16.789219453688542 3.6
    endloop
  endfacet
  facet normal 0 0 1
    outer loop
      vertex 17.453773486407172 -13.392751438191855 3.6
      vertex 21.31462259451053 -16.789219453688542 3.6
      vertex 18.292331470655995 -12.222545126431248 3.6
    endloop
  endfacet
  facet normal 0 0 1
    outer loop
      vertex 18.292331470655995 -12.222545126431248 3.6
      vertex 22.396062327520955 -16.341272449386487 3.6
      vertex 19.05255888325765 -11 3.6
    endloop
  endfacet
  facet normal 0 0 1
    outer loop
      vertex 18.292331470655995 -12.222545126431248 3.6
      vertex 21.31462259451053 -16.789219453688542 3.6
      vertex 21.48133329356934 -16.68555207924286 3.6
    endloop
  endfacet
  facet normal 0 0 1
    outer loop
      vertex 18.292331470655995 -12.222545126431248 3.6
      vertex 21.48133329356934 -16.68555207924286 3.6
      vertex 21.654467222912334 -16.59301006599811 3.6
    endloop
  endfacet
  facet normal 0 0 1
    outer loop
      vertex 18.292331470655995 -12.222545126431248 3.6
      vertex 21.654467222912334 -16.59301006599811 3.6
      vertex 21.83328299647407 -16.51198969306232 3.6
    endloop
  endfacet
  facet normal 0 0 1
    outer loop
      vertex 18.292331470655995 -12.222545126431248 3.6
      vertex 21.83328299647407 -16.51198969306232 3.6
      vertex 22.017014897659855 -16.44283790211086 3.6
    endloop
  endfacet
  facet normal 0 0 1
    outer loop
      vertex 18.292331470655995 -12.222545126431248 3.6
      vertex 22.017014897659855 -16.44283790211086 3.6
      vertex 22.204876158261776 -16.38585081172897 3.6
    endloop
  endfacet
  facet normal 0 0 1
    outer loop
      vertex 18.292331470655995 -12.222545126431248 3.6
      vertex 22.204876158261776 -16.38585081172897 3.6
      vertex 22.396062327520955 -16.341272449386487 3.6
    endloop
  endfacet
  facet normal 0 0 1
    outer loop
      vertex 22.396062327520955 -16.341272449386487 3.6
      vertex 22.589754716909184 -16.309293706474747 3.6
      vertex 19.05255888325765 -11 3.6
    endloop
  endfacet
  facet normal 0 0 1
    outer loop
      vertex 22.589754716909184 -16.309293706474747 3.6
      vertex 22.78512390587891 -16.29005152088037 3.6
      vertex 19.05255888325765 -11 3.6
    endloop
  endfacet
  facet normal 0 0 1
    outer loop
      vertex 22.78512390587891 -16.29005152088037 3.6
      vertex 22.98133329356934 -16.283628290596177 3.6
      vertex 19.05255888325765 -11 3.6
    endloop
  endfacet
  facet normal 0 0 1
    outer loop
      vertex 22.98133329356934 -16.283628290596177 3.6
      vertex 23.17754268125977 -16.29005152088037 3.6
      vertex 19.05255888325765 -11 3.6
    endloop
  endfacet
  facet normal 0 0 1
    outer loop
      vertex 23.17754268125977 -16.29005152088037 3.6
      vertex 19.620846512602004 -9.93680862544897 3.6
      vertex 19.05255888325765 -11 3.6
    endloop
  endfacet
  facet normal 0.6427876096865393 0.7660444431189781 0
    outer loop
      vertex 26.195271342002034 -15.453406075001286 0
      vertex 19.620846512602004 -9.93680862544897 0
      vertex 26.195271342002034 -15.453406075001286 3.6
    endloop
  endfacet
  facet normal 0.7660444431189782 -0.642787609686539 0
    outer loop
      vertex 19.767395245136644 -23.113850506191067 3.6
      vertex 26.195271342002034 -15.453406075001286 0
      vertex 21.053888260776574 -21.58066783295482 3.4
    endloop
  endfacet
  facet normal 0.7660444431189782 -0.6427876096865391 -1.742355580027933e-16
    outer loop
      vertex 21.053888260776574 -21.58066783295482 3.4
      vertex 26.195271342002034 -15.453406075001286 0
      vertex 24.908778326362103 -16.986588748237534 3.4
    endloop
  endfacet
  facet normal 0.7660444431189783 -0.6427876096865391 0
    outer loop
      vertex 26.195271342002034 -15.453406075001286 0
      vertex 26.195271342002034 -15.453406075001286 3.6
      vertex 24.908778326362103 -16.986588748237534 3.4
    endloop
  endfacet
  facet normal 0.7660444431189782 -0.642787609686539 0
    outer loop
      vertex 24.908778326362103 -16.986588748237534 3.4
      vertex 26.195271342002034 -15.453406075001286 3.6
      vertex 24.908778326362103 -16.986588748237534 3.6
    endloop
  endfacet
  facet normal 0 0 1
    outer loop
      vertex 24.8076175805955 -16.90356826972247 3.6
      vertex 24.908778326362103 -16.986588748237534 3.6
      vertex 26.195271342002034 -15.453406075001286 3.6
    endloop
  endfacet
  facet normal 0 0 1
    outer loop
      vertex 24.8076175805955 -16.90356826972247 3.6
      vertex 26.195271342002034 -15.453406075001286 3.6
      vertex 24.648043992628146 -16.789219453688542 3.6
    endloop
  endfacet
  facet normal 0 0 1
    outer loop
      vertex 24.308199364226343 -16.59301006599811 3.6
      vertex 24.48133329356934 -16.68555207924286 3.6
      vertex 26.195271342002034 -15.453406075001286 3.6
    endloop
  endfacet
  facet normal 0 0 1
    outer loop
      vertex 24.48133329356934 -16.68555207924286 3.6
      vertex 24.648043992628146 -16.789219453688542 3.6
      vertex 26.195271342002034 -15.453406075001286 3.6
    endloop
  endfacet
  facet normal 0 0 1
    outer loop
      vertex 23.17754268125977 -16.29005152088037 3.6
      vertex 23.372911870229494 -16.309293706474747 3.6
      vertex 19.620846512602004 -9.93680862544897 3.6
    endloop
  endfacet
  facet normal 0 0 1
    outer loop
      vertex 23.372911870229494 -16.309293706474747 3.6
      vertex 23.566604259617723 -16.341272449386487 3.6
      vertex 19.620846512602004 -9.93680862544897 3.6
    endloop
  endfacet
  facet normal 0 0 1
    outer loop
      vertex 23.757790428876902 -16.38585081172897 3.6
      vertex 23.945651689478822 -16.44283790211086 3.6
      vertex 19.620846512602004 -9.93680862544897 3.6
    endloop
  endfacet
  facet normal 0 0 1
    outer loop
      vertex 23.566604259617723 -16.341272449386487 3.6
      vertex 23.757790428876902 -16.38585081172897 3.6
      vertex 19.620846512602004 -9.93680862544897 3.6
    endloop
  endfacet
  facet normal 0 0 1
    outer loop
      vertex 24.12938359066461 -16.51198969306232 3.6
      vertex 19.620846512602004 -9.93680862544897 3.6
      vertex 23.945651689478822 -16.44283790211086 3.6
    endloop
  endfacet
  facet normal 0 0 1
    outer loop
      vertex 24.12938359066461 -16.51198969306232 3.6
      vertex 24.308199364226343 -16.59301006599811 3.6
      vertex 19.620846512602004 -9.93680862544897 3.6
    endloop
  endfacet
  facet normal 0 0 1
    outer loop
      vertex 24.308199364226343 -16.59301006599811 3.6
      vertex 26.195271342002034 -15.453406075001286 3.6
      vertex 19.620846512602004 -9.93680862544897 3.6
    endloop
  endfacet
  facet normal -0.6343932841636577 -0.7730104533627269 0
    outer loop
      vertex 21.053888260776574 -21.58066783295482 3.4
      vertex 21.155049006543177 -21.663688311469883 3.4
      vertex 21.053888260776574 -21.58066783295482 3.6
    endloop
  endfacet
  facet normal -0.5824776968677962 -0.8128466845916195 0
    outer loop
      vertex 21.31462259451053 -21.77803712750381 3.4
      vertex 21.31462259451053 -21.77803712750381 15.2
      vertex 21.155049006543177 -21.663688311469883 3.4
    endloop
  endfacet
  facet normal -0.5280678506503702 -0.8492021815265774 0
    outer loop
      vertex 21.31462259451053 -21.77803712750381 3.4
      vertex 21.48133329356934 -21.881704501949493 3.4
      vertex 21.48133329356934 -21.881704501949493 15.2
    endloop
  endfacet
  facet normal -0.47139673682600014 -0.8819212643483538 0
    outer loop
      vertex 21.48133329356934 -21.881704501949493 3.4
      vertex 21.654467222912334 -21.974246515194242 3.4
      vertex 21.654467222912334 -21.974246515194242 15.2
    endloop
  endfacet
  facet normal -0.3522500479212381 -0.9359059267573239 0
    outer loop
      vertex 21.83328299647407 -22.055266888130035 3.4
      vertex 22.017014897659855 -22.124418679081494 3.4
      vertex 22.017014897659855 -22.124418679081494 15.2
    endloop
  endfacet
  facet normal -0.4127070298043859 -0.9108638249211797 0
    outer loop
      vertex 21.654467222912334 -21.974246515194242 3.4
      vertex 21.83328299647407 -22.055266888130035 3.4
      vertex 21.83328299647407 -22.055266888130035 15.2
    endloop
  endfacet
  facet normal -0.8128466845916196 -0.5824776968677962 0
    outer loop
      vertex 20.601273272695632 -21.10991257762234 3.6
      vertex 20.486924456661704 -20.950338989654984 15.2
      vertex 20.486924456661704 -20.950338989654984 3.6
    endloop
  endfacet
  facet normal -0.7298640726978315 -0.6835923020228755 0
    outer loop
      vertex 20.860012950009697 -21.40494863415582 3.6
      vertex 20.725813871132406 -21.261665735896383 15.2
      vertex 20.725813871132406 -21.261665735896383 3.6
    endloop
  endfacet
  facet normal -0.6343932841636294 -0.7730104533627502 0
    outer loop
      vertex 21.053888260776574 -21.58066783295482 3.6
      vertex 21.003295848269133 -21.53914771303311 15.2
      vertex 21.003295848269133 -21.53914771303311 3.6
    endloop
  endfacet
  facet normal -0.6835923020228755 -0.7298640726978315 0
    outer loop
      vertex 20.860012950009697 -21.40494863415582 3.6
      vertex 21.003295848269133 -21.53914771303311 3.6
      vertex 20.860012950009697 -21.40494863415582 15.2
    endloop
  endfacet
  facet normal -0.7730104533627346 -0.6343932841636482 0
    outer loop
      vertex 20.601273272695632 -21.10991257762234 3.6
      vertex 20.725813871132406 -21.261665735896383 3.6
      vertex 20.601273272695632 -21.10991257762234 15.2
    endloop
  endfacet
  facet normal -0.6343932841636577 -0.7730104533627269 0
    outer loop
      vertex 21.155049006543177 -21.663688311469883 3.4
      vertex 21.155049006543177 -21.663688311469883 15.2
      vertex 21.053888260776574 -21.58066783295482 3.6
    endloop
  endfacet
  facet normal -0.0980171403295605 -0.9951847266721968 0
    outer loop
      vertex 22.589754716909184 -22.257962874717606 3.4
      vertex 22.78512390587891 -22.277205060311985 3.4
      vertex 22.78512390587891 -22.277205060311985 15.2
    endloop
  endfacet
  facet normal -0.03271908282178652 -0.9994645874763654 0
    outer loop
      vertex 22.78512390587891 -22.277205060311985 3.4
      vertex 22.98133329356934 -22.283628290596177 3.4
      vertex 22.98133329356934 -22.283628290596177 15.2
    endloop
  endfacet
  facet normal 0.03271908282178652 -0.9994645874763654 0
    outer loop
      vertex 22.98133329356934 -22.283628290596177 3.4
      vertex 23.17754268125977 -22.277205060311985 3.4
      vertex 23.17754268125977 -22.277205060311985 15.2
    endloop
  endfacet
  facet normal 0.0980171403295605 -0.9951847266721968 0
    outer loop
      vertex 23.17754268125977 -22.277205060311985 3.4
      vertex 23.372911870229494 -22.257962874717606 3.4
      vertex 23.372911870229494 -22.257962874717606 15.2
    endloop
  endfacet
  facet normal -0.29028467725446644 -0.9569403357322077 0
    outer loop
      vertex 22.204876158261776 -22.18140576946338 3.4
      vertex 22.204876158261776 -22.18140576946338 15.2
      vertex 22.017014897659855 -22.124418679081494 3.4
    endloop
  endfacet
  facet normal -0.22707626303436154 -0.9738769792773363 0
    outer loop
      vertex 22.204876158261776 -22.18140576946338 3.4
      vertex 22.396062327520955 -22.225984131805866 3.4
      vertex 22.396062327520955 -22.225984131805866 15.2
    endloop
  endfacet
  facet normal -0.16289547339458907 -0.9866433320848789 0
    outer loop
      vertex 22.396062327520955 -22.225984131805866 3.4
      vertex 22.589754716909184 -22.257962874717606 3.4
      vertex 22.589754716909184 -22.257962874717606 15.2
    endloop
  endfacet
  facet normal 0.16289547339458907 -0.9866433320848789 0
    outer loop
      vertex 23.372911870229494 -22.257962874717606 3.4
      vertex 23.566604259617723 -22.225984131805866 3.4
      vertex 23.566604259617723 -22.225984131805866 15.2
    endloop
  endfacet
  facet normal 0.22707626303436154 -0.9738769792773363 0
    outer loop
      vertex 23.566604259617723 -22.225984131805866 3.4
      vertex 23.757790428876902 -22.18140576946338 3.4
      vertex 23.757790428876902 -22.18140576946338 15.2
    endloop
  endfacet
  facet normal 0.29028467725446644 -0.9569403357322077 0
    outer loop
      vertex 23.757790428876902 -22.18140576946338 3.4
      vertex 23.945651689478822 -22.124418679081494 3.4
      vertex 23.945651689478822 -22.124418679081494 15.2
    endloop
  endfacet
  facet normal 0.3522500479212381 -0.9359059267573239 0
    outer loop
      vertex 23.945651689478822 -22.124418679081494 3.4
      vertex 24.12938359066461 -22.055266888130035 3.4
      vertex 24.12938359066461 -22.055266888130035 15.2
    endloop
  endfacet
  facet normal 0.4127070298043859 -0.9108638249211797 0
    outer loop
      vertex 24.12938359066461 -22.055266888130035 3.4
      vertex 24.308199364226343 -21.974246515194242 3.4
      vertex 24.308199364226343 -21.974246515194242 15.2
    endloop
  endfacet
  facet normal 0.47139673682600014 -0.8819212643483538 0
    outer loop
      vertex 24.308199364226343 -21.974246515194242 3.4
      vertex 24.48133329356934 -21.881704501949493 3.4
      vertex 24.48133329356934 -21.881704501949493 15.2
    endloop
  endfacet
  facet normal 0.5280678506503702 -0.8492021815265774 0
    outer loop
      vertex 24.48133329356934 -21.881704501949493 3.4
      vertex 24.648043992628146 -21.77803712750381 3.4
      vertex 24.648043992628146 -21.77803712750381 15.2
    endloop
  endfacet
  facet normal 0.5824776968677962 -0.8128466845916195 0
    outer loop
      vertex 24.648043992628146 -21.77803712750381 3.4
      vertex 24.8076175805955 -21.663688311469883 3.4
      vertex 24.8076175805955 -21.663688311469883 15.2
    endloop
  endfacet
  facet normal 0.6343932841636483 -0.7730104533627347 0
    outer loop
      vertex 24.8076175805955 -21.663688311469883 3.4
      vertex 24.959370738869545 -21.53914771303311 3.4
      vertex 24.959370738869545 -21.53914771303311 15.2
    endloop
  endfacet
  facet normal 0.6835923020228757 -0.7298640726978316 0
    outer loop
      vertex 24.959370738869545 -21.53914771303311 3.4
      vertex 25.10265363712898 -21.40494863415582 3.4
      vertex 25.10265363712898 -21.40494863415582 15.2
    endloop
  endfacet
  facet normal 0.7298640726978316 -0.6835923020228757 0
    outer loop
      vertex 25.10265363712898 -21.40494863415582 3.4
      vertex 25.236852716006272 -21.261665735896383 3.4
      vertex 25.10265363712898 -21.40494863415582 15.2
    endloop
  endfacet
  facet normal 0.7730104533627347 -0.6343932841636483 0
    outer loop
      vertex 25.236852716006272 -21.261665735896383 3.4
      vertex 25.361393314443045 -21.10991257762234 3.4
      vertex 25.236852716006272 -21.261665735896383 15.2
    endloop
  endfacet
  facet normal 0.8128466845916195 -0.5824776968677962 0
    outer loop
      vertex 25.361393314443045 -21.10991257762234 3.4
      vertex 25.475742130476974 -20.950338989654984 3.4
      vertex 25.361393314443045 -21.10991257762234 15.2
    endloop
  endfacet
  facet normal 0 0 -1
    outer loop
      vertex 21.654467222912334 -21.974246515194242 3.4
      vertex 24.908778326362103 -16.986588748237534 3.4
      vertex 21.83328299647407 -22.055266888130035 3.4
    endloop
  endfacet
  facet normal 0 0 -1
    outer loop
      vertex 21.83328299647407 -22.055266888130035 3.4
      vertex 24.908778326362103 -16.986588748237534 3.4
      vertex 22.017014897659855 -22.124418679081494 3.4
    endloop
  endfacet
  facet normal 0 0 -1
    outer loop
      vertex 21.31462259451053 -21.77803712750381 3.4
      vertex 21.155049006543177 -21.663688311469883 3.4
      vertex 24.908778326362103 -16.986588748237534 3.4
    endloop
  endfacet
  facet normal 0 0 -1
    outer loop
      vertex 21.053888260776574 -21.58066783295482 3.4
      vertex 24.908778326362103 -16.986588748237534 3.4
      vertex 21.155049006543177 -21.663688311469883 3.4
    endloop
  endfacet
  facet normal 0 0 -1
    outer loop
      vertex 21.31462259451053 -21.77803712750381 3.4
      vertex 24.908778326362103 -16.986588748237534 3.4
      vertex 21.48133329356934 -21.881704501949493 3.4
    endloop
  endfacet
  facet normal 0 0 -1
    outer loop
      vertex 21.48133329356934 -21.881704501949493 3.4
      vertex 24.908778326362103 -16.986588748237534 3.4
      vertex 21.654467222912334 -21.974246515194242 3.4
    endloop
  endfacet
  facet normal 0 0 -1
    outer loop
      vertex 22.204876158261776 -22.18140576946338 3.4
      vertex 24.908778326362103 -16.986588748237534 3.4
      vertex 22.396062327520955 -22.225984131805866 3.4
    endloop
  endfacet
  facet normal 0 0 -1
    outer loop
      vertex 22.204876158261776 -22.18140576946338 3.4
      vertex 22.017014897659855 -22.124418679081494 3.4
      vertex 24.908778326362103 -16.986588748237534 3.4
    endloop
  endfacet
  facet normal 0 0 -1
    outer loop
      vertex 22.396062327520955 -22.225984131805866 3.4
      vertex 24.908778326362103 -16.986588748237534 3.4
      vertex 22.589754716909184 -22.257962874717606 3.4
    endloop
  endfacet
  facet normal 0 0 -1
    outer loop
      vertex 22.589754716909184 -22.257962874717606 3.4
      vertex 24.908778326362103 -16.986588748237534 3.4
      vertex 22.78512390587891 -22.277205060311985 3.4
    endloop
  endfacet
  facet normal 0 0 -1
    outer loop
      vertex 22.78512390587891 -22.277205060311985 3.4
      vertex 24.908778326362103 -16.986588748237534 3.4
      vertex 22.98133329356934 -22.283628290596177 3.4
    endloop
  endfacet
  facet normal 0 0 -1
    outer loop
      vertex 22.98133329356934 -22.283628290596177 3.4
      vertex 24.908778326362103 -16.986588748237534 3.4
      vertex 23.17754268125977 -22.277205060311985 3.4
    endloop
  endfacet
  facet normal 0 0 -1
    outer loop
      vertex 23.17754268125977 -22.277205060311985 3.4
      vertex 24.908778326362103 -16.986588748237534 3.4
      vertex 23.372911870229494 -22.257962874717606 3.4
    endloop
  endfacet
  facet normal 0 0 -1
    outer loop
      vertex 23.372911870229494 -22.257962874717606 3.4
      vertex 24.908778326362103 -16.986588748237534 3.4
      vertex 23.566604259617723 -22.225984131805866 3.4
    endloop
  endfacet
  facet normal 0 0 -1
    outer loop
      vertex 23.566604259617723 -22.225984131805866 3.4
      vertex 24.908778326362103 -16.986588748237534 3.4
      vertex 23.757790428876902 -22.18140576946338 3.4
    endloop
  endfacet
  facet normal 0 0 -1
    outer loop
      vertex 23.757790428876902 -22.18140576946338 3.4
      vertex 24.908778326362103 -16.986588748237534 3.4
      vertex 23.945651689478822 -22.124418679081494 3.4
    endloop
  endfacet
  facet normal 0 0 -1
    outer loop
      vertex 23.945651689478822 -22.124418679081494 3.4
      vertex 24.908778326362103 -16.986588748237534 3.4
      vertex 24.12938359066461 -22.055266888130035 3.4
    endloop
  endfacet
  facet normal 0 0 -1
    outer loop
      vertex 24.12938359066461 -22.055266888130035 3.4
      vertex 24.908778326362103 -16.986588748237534 3.4
      vertex 24.308199364226343 -21.974246515194242 3.4
    endloop
  endfacet
  facet normal 0 0 -1
    outer loop
      vertex 24.308199364226343 -21.974246515194242 3.4
      vertex 24.908778326362103 -16.986588748237534 3.4
      vertex 24.48133329356934 -21.881704501949493 3.4
    endloop
  endfacet
  facet normal 0 0 -1
    outer loop
      vertex 24.48133329356934 -21.881704501949493 3.4
      vertex 24.908778326362103 -16.986588748237534 3.4
      vertex 24.648043992628146 -21.77803712750381 3.4
    endloop
  endfacet
  facet normal 0 0 -1
    outer loop
      vertex 24.648043992628146 -21.77803712750381 3.4
      vertex 24.908778326362103 -16.986588748237534 3.4
      vertex 24.8076175805955 -21.663688311469883 3.4
    endloop
  endfacet
  facet normal 0 0 -1
    outer loop
      vertex 24.8076175805955 -21.663688311469883 3.4
      vertex 24.959370738869545 -17.028108868159244 3.4
      vertex 24.959370738869545 -21.53914771303311 3.4
    endloop
  endfacet
  facet normal 0 0 -1
    outer loop
      vertex 24.959370738869545 -21.53914771303311 3.4
      vertex 25.10265363712898 -17.162307947036535 3.4
      vertex 25.10265363712898 -21.40494863415582 3.4
    endloop
  endfacet
  facet normal 0 0 -1
    outer loop
      vertex 25.10265363712898 -21.40494863415582 3.4
      vertex 25.236852716006272 -17.30559084529597 3.4
      vertex 25.236852716006272 -21.261665735896383 3.4
    endloop
  endfacet
  facet normal 0 0 -1
    outer loop
      vertex 25.236852716006272 -21.261665735896383 3.4
      vertex 25.361393314443045 -17.457344003570014 3.4
      vertex 25.361393314443045 -21.10991257762234 3.4
    endloop
  endfacet
  facet normal 0 0 -1
    outer loop
      vertex 25.361393314443045 -21.10991257762234 3.4
      vertex 25.475742130476974 -17.61691759153737 3.4
      vertex 25.475742130476974 -20.950338989654984 3.4
    endloop
  endfacet
  facet normal 0 0 -1
    outer loop
      vertex 25.475742130476974 -20.950338989654984 3.4
      vertex 25.579409504922655 -17.783628290596177 3.4
      vertex 25.579409504922655 -20.783628290596177 3.4
    endloop
  endfacet
  facet normal 0 0 -1
    outer loop
      vertex 25.579409504922655 -20.783628290596177 3.4
      vertex 25.671951518167404 -17.956762219939172 3.4
      vertex 25.671951518167404 -20.61049436125318 3.4
    endloop
  endfacet
  facet normal 0 0 -1
    outer loop
      vertex 25.671951518167404 -20.61049436125318 3.4
      vertex 25.7529718911032 -18.135577993500906 3.4
      vertex 25.7529718911032 -20.431678587691447 3.4
    endloop
  endfacet
  facet normal 0 0 -1
    outer loop
      vertex 25.7529718911032 -20.431678587691447 3.4
      vertex 25.822123682054656 -18.319309894686693 3.4
      vertex 25.822123682054656 -20.24794668650566 3.4
    endloop
  endfacet
  facet normal 0 0 -1
    outer loop
      vertex 25.236852716006272 -21.261665735896383 3.4
      vertex 25.236852716006272 -17.30559084529597 3.4
      vertex 25.361393314443045 -17.457344003570014 3.4
    endloop
  endfacet
  facet normal 0 0 -1
    outer loop
      vertex 24.8076175805955 -21.663688311469883 3.4
      vertex 24.908778326362103 -16.986588748237534 3.4
      vertex 24.959370738869545 -17.028108868159244 3.4
    endloop
  endfacet
  facet normal 0 0 -1
    outer loop
      vertex 24.959370738869545 -21.53914771303311 3.4
      vertex 24.959370738869545 -17.028108868159244 3.4
      vertex 25.10265363712898 -17.162307947036535 3.4
    endloop
  endfacet
  facet normal 0 0 -1
    outer loop
      vertex 25.10265363712898 -21.40494863415582 3.4
      vertex 25.10265363712898 -17.162307947036535 3.4
      vertex 25.236852716006272 -17.30559084529597 3.4
    endloop
  endfacet
  facet normal 0 0 -1
    outer loop
      vertex 25.361393314443045 -21.10991257762234 3.4
      vertex 25.361393314443045 -17.457344003570014 3.4
      vertex 25.475742130476974 -17.61691759153737 3.4
    endloop
  endfacet
  facet normal 0 0 -1
    outer loop
      vertex 25.475742130476974 -20.950338989654984 3.4
      vertex 25.475742130476974 -17.61691759153737 3.4
      vertex 25.579409504922655 -17.783628290596177 3.4
    endloop
  endfacet
  facet normal 0 0 -1
    outer loop
      vertex 25.579409504922655 -20.783628290596177 3.4
      vertex 25.579409504922655 -17.783628290596177 3.4
      vertex 25.671951518167404 -17.956762219939172 3.4
    endloop
  endfacet
  facet normal 0 0 -1
    outer loop
      vertex 25.7529718911032 -20.431678587691447 3.4
      vertex 25.7529718911032 -18.135577993500906 3.4
      vertex 25.822123682054656 -18.319309894686693 3.4
    endloop
  endfacet
  facet normal 0 0 -1
    outer loop
      vertex 25.671951518167404 -20.61049436125318 3.4
      vertex 25.671951518167404 -17.956762219939172 3.4
      vertex 25.7529718911032 -18.135577993500906 3.4
    endloop
  endfacet
  facet normal 0.6343932841636293 0.7730104533627502 0
    outer loop
      vertex 24.908778326362103 -16.986588748237534 3.4
      vertex 24.908778326362103 -16.986588748237534 3.6
      vertex 24.959370738869545 -17.028108868159244 3.4
    endloop
  endfacet
  facet normal 0 0 -1
    outer loop
      vertex 25.822123682054656 -20.24794668650566 3.4
      vertex 25.879110772436544 -18.507171155288614 3.4
      vertex 25.879110772436544 -20.06008542590374 3.4
    endloop
  endfacet
  facet normal 0 0 -1
    outer loop
      vertex 25.879110772436544 -20.06008542590374 3.4
      vertex 25.923689134779032 -18.698357324547793 3.4
      vertex 25.923689134779032 -19.86889925664456 3.4
    endloop
  endfacet
  facet normal 0 0 -1
    outer loop
      vertex 25.923689134779032 -19.86889925664456 3.4
      vertex 25.95566787769077 -18.89204971393602 3.4
      vertex 25.95566787769077 -19.675206867256332 3.4
    endloop
  endfacet
  facet normal 0 0 -1
    outer loop
      vertex 25.95566787769077 -19.675206867256332 3.4
      vertex 25.97491006328515 -19.087418902905746 3.4
      vertex 25.97491006328515 -19.479837678286607 3.4
    endloop
  endfacet
  facet normal 0 0 -1
    outer loop
      vertex 25.923689134779032 -19.86889925664456 3.4
      vertex 25.923689134779032 -18.698357324547793 3.4
      vertex 25.95566787769077 -18.89204971393602 3.4
    endloop
  endfacet
  facet normal 0 0 -1
    outer loop
      vertex 25.97491006328515 -19.479837678286607 3.4
      vertex 25.97491006328515 -19.087418902905746 3.4
      vertex 25.98133329356934 -19.283628290596177 3.4
    endloop
  endfacet
  facet normal 0 0 -1
    outer loop
      vertex 25.95566787769077 -19.675206867256332 3.4
      vertex 25.95566787769077 -18.89204971393602 3.4
      vertex 25.97491006328515 -19.087418902905746 3.4
    endloop
  endfacet
  facet normal 0 0 -1
    outer loop
      vertex 25.879110772436544 -20.06008542590374 3.4
      vertex 25.879110772436544 -18.507171155288614 3.4
      vertex 25.923689134779032 -18.698357324547793 3.4
    endloop
  endfacet
  facet normal 0 0 -1
    outer loop
      vertex 25.822123682054656 -20.24794668650566 3.4
      vertex 25.822123682054656 -18.319309894686693 3.4
      vertex 25.879110772436544 -18.507171155288614 3.4
    endloop
  endfacet
  facet normal -0.9738769792773324 -0.2270762630343787 0
    outer loop
      vertex 20.083555814702134 -20.06008542590374 3.6
      vertex 20.038977452359646 -19.86889925664456 15.2
      vertex 20.038977452359646 -19.86889925664456 3.6
    endloop
  endfacet
  facet normal -0.986643332084879 -0.1628954733945891 0
    outer loop
      vertex 20.038977452359646 -19.86889925664456 3.6
      vertex 20.006998709447906 -19.675206867256332 15.2
      vertex 20.006998709447906 -19.675206867256332 3.6
    endloop
  endfacet
  facet normal -0.995184726672197 -0.09801714032956053 0
    outer loop
      vertex 20.006998709447906 -19.675206867256332 3.6
      vertex 19.987756523853527 -19.479837678286607 15.2
      vertex 19.987756523853527 -19.479837678286607 3.6
    endloop
  endfacet
  facet normal -0.9994645874763659 -0.032719082821768435 0
    outer loop
      vertex 19.987756523853527 -19.479837678286607 3.6
      vertex 19.98133329356934 -19.283628290596177 15.2
      vertex 19.98133329356934 -19.283628290596177 3.6
    endloop
  endfacet
  facet normal -0.9994645874763659 0.032719082821768435 0
    outer loop
      vertex 19.98133329356934 -19.283628290596177 3.6
      vertex 19.987756523853527 -19.087418902905746 15.2
      vertex 19.987756523853527 -19.087418902905746 3.6
    endloop
  endfacet
  facet normal -0.995184726672197 0.09801714032956053 0
    outer loop
      vertex 19.987756523853527 -19.087418902905746 3.6
      vertex 20.006998709447906 -18.89204971393602 15.2
      vertex 20.006998709447906 -18.89204971393602 3.6
    endloop
  endfacet
  facet normal -0.986643332084879 0.1628954733945891 0
    outer loop
      vertex 20.006998709447906 -18.89204971393602 3.6
      vertex 20.038977452359646 -18.698357324547793 15.2
      vertex 20.038977452359646 -18.698357324547793 3.6
    endloop
  endfacet
  facet normal -0.8492021815265773 -0.5280678506503702 0
    outer loop
      vertex 20.486924456661704 -20.950338989654984 3.6
      vertex 20.383257082216023 -20.783628290596177 15.2
      vertex 20.383257082216023 -20.783628290596177 3.6
    endloop
  endfacet
  facet normal -0.8819212643483537 -0.47139673682600014 0
    outer loop
      vertex 20.290715068971274 -20.61049436125318 3.6
      vertex 20.383257082216023 -20.783628290596177 3.6
      vertex 20.290715068971274 -20.61049436125318 15.2
    endloop
  endfacet
  facet normal -0.9108638249211729 -0.41270702980440094 0
    outer loop
      vertex 20.290715068971274 -20.61049436125318 3.6
      vertex 20.209694696035477 -20.431678587691447 15.2
      vertex 20.209694696035477 -20.431678587691447 3.6
    endloop
  endfacet
  facet normal -0.9359059267573299 -0.3522500479212222 0
    outer loop
      vertex 20.209694696035477 -20.431678587691447 3.6
      vertex 20.140542905084022 -20.24794668650566 15.2
      vertex 20.140542905084022 -20.24794668650566 3.6
    endloop
  endfacet
  facet normal -0.9569403357322077 -0.2902846772544665 0
    outer loop
      vertex 20.083555814702134 -20.06008542590374 3.6
      vertex 20.140542905084022 -20.24794668650566 3.6
      vertex 20.083555814702134 -20.06008542590374 15.2
    endloop
  endfacet
  facet normal -0.9738769792773324 0.2270762630343787 0
    outer loop
      vertex 20.038977452359646 -18.698357324547793 3.6
      vertex 20.083555814702134 -18.507171155288614 15.2
      vertex 20.083555814702134 -18.507171155288614 3.6
    endloop
  endfacet
  facet normal -0.9569403357322077 0.2902846772544665 0
    outer loop
      vertex 20.083555814702134 -18.507171155288614 3.6
      vertex 20.140542905084022 -18.319309894686693 15.2
      vertex 20.140542905084022 -18.319309894686693 3.6
    endloop
  endfacet
  facet normal -0.9359059267573299 0.3522500479212222 0
    outer loop
      vertex 20.140542905084022 -18.319309894686693 3.6
      vertex 20.209694696035477 -18.135577993500906 15.2
      vertex 20.209694696035477 -18.135577993500906 3.6
    endloop
  endfacet
  facet normal -0.9108638249211729 0.41270702980440094 0
    outer loop
      vertex 20.209694696035477 -18.135577993500906 3.6
      vertex 20.290715068971274 -17.956762219939172 15.2
      vertex 20.290715068971274 -17.956762219939172 3.6
    endloop
  endfacet
  facet normal -0.8819212643483537 0.47139673682600014 0
    outer loop
      vertex 20.290715068971274 -17.956762219939172 3.6
      vertex 20.383257082216023 -17.783628290596177 15.2
      vertex 20.383257082216023 -17.783628290596177 3.6
    endloop
  endfacet
  facet normal -0.8492021815265773 0.5280678506503702 0
    outer loop
      vertex 20.383257082216023 -17.783628290596177 3.6
      vertex 20.486924456661704 -17.61691759153737 15.2
      vertex 20.486924456661704 -17.61691759153737 3.6
    endloop
  endfacet
  facet normal -0.8128466845916196 0.5824776968677962 0
    outer loop
      vertex 20.486924456661704 -17.61691759153737 3.6
      vertex 20.601273272695632 -17.457344003570014 15.2
      vertex 20.601273272695632 -17.457344003570014 3.6
    endloop
  endfacet
  facet normal -0.7730104533627346 0.6343932841636482 0
    outer loop
      vertex 20.601273272695632 -17.457344003570014 3.6
      vertex 20.725813871132406 -17.30559084529597 15.2
      vertex 20.725813871132406 -17.30559084529597 3.6
    endloop
  endfacet
  facet normal -0.7298640726978315 0.6835923020228755 0
    outer loop
      vertex 20.725813871132406 -17.30559084529597 3.6
      vertex 20.860012950009697 -17.162307947036535 15.2
      vertex 20.860012950009697 -17.162307947036535 3.6
    endloop
  endfacet
  facet normal -0.6835923020228755 0.7298640726978315 0
    outer loop
      vertex 20.860012950009697 -17.162307947036535 3.6
      vertex 21.003295848269133 -17.028108868159244 15.2
      vertex 21.003295848269133 -17.028108868159244 3.6
    endloop
  endfacet
  facet normal -0.6343932841636482 0.7730104533627346 0
    outer loop
      vertex 21.003295848269133 -17.028108868159244 3.6
      vertex 21.155049006543177 -16.90356826972247 15.2
      vertex 21.155049006543177 -16.90356826972247 3.6
    endloop
  endfacet
  facet normal -0.5824776968677962 0.8128466845916196 0
    outer loop
      vertex 21.155049006543177 -16.90356826972247 3.6
      vertex 21.31462259451053 -16.789219453688542 15.2
      vertex 21.31462259451053 -16.789219453688542 3.6
    endloop
  endfacet
  facet normal -0.5280678506503702 0.8492021815265773 0
    outer loop
      vertex 21.31462259451053 -16.789219453688542 3.6
      vertex 21.48133329356934 -16.68555207924286 15.2
      vertex 21.48133329356934 -16.68555207924286 3.6
    endloop
  endfacet
  facet normal -0.47139673682600014 0.8819212643483537 0
    outer loop
      vertex 21.48133329356934 -16.68555207924286 3.6
      vertex 21.654467222912334 -16.59301006599811 15.2
      vertex 21.654467222912334 -16.59301006599811 3.6
    endloop
  endfacet
  facet normal -0.41270702980438595 0.9108638249211798 0
    outer loop
      vertex 21.654467222912334 -16.59301006599811 3.6
      vertex 21.83328299647407 -16.51198969306232 15.2
      vertex 21.83328299647407 -16.51198969306232 3.6
    endloop
  endfacet
  facet normal -0.35225004792123804 0.9359059267573239 0
    outer loop
      vertex 21.83328299647407 -16.51198969306232 3.6
      vertex 22.017014897659855 -16.44283790211086 15.2
      vertex 22.017014897659855 -16.44283790211086 3.6
    endloop
  endfacet
  facet normal 0.8492021815265774 -0.5280678506503702 0
    outer loop
      vertex 25.475742130476974 -20.950338989654984 3.4
      vertex 25.579409504922655 -20.783628290596177 3.4
      vertex 25.475742130476974 -20.950338989654984 15.2
    endloop
  endfacet
  facet normal 0.8819212643483538 -0.47139673682600014 0
    outer loop
      vertex 25.579409504922655 -20.783628290596177 3.4
      vertex 25.671951518167404 -20.61049436125318 3.4
      vertex 25.579409504922655 -20.783628290596177 15.2
    endloop
  endfacet
  facet normal 0.9108638249211731 -0.412707029804401 0
    outer loop
      vertex 25.671951518167404 -20.61049436125318 3.4
      vertex 25.7529718911032 -20.431678587691447 3.4
      vertex 25.671951518167404 -20.61049436125318 15.2
    endloop
  endfacet
  facet normal 0.93590592675733 -0.3522500479212223 0
    outer loop
      vertex 25.7529718911032 -20.431678587691447 3.4
      vertex 25.822123682054656 -20.24794668650566 3.4
      vertex 25.7529718911032 -20.431678587691447 15.2
    endloop
  endfacet
  facet normal -0.2902846772544665 0.9569403357322077 0
    outer loop
      vertex 22.017014897659855 -16.44283790211086 3.6
      vertex 22.204876158261776 -16.38585081172897 15.2
      vertex 22.204876158261776 -16.38585081172897 3.6
    endloop
  endfacet
  facet normal -0.22707626303436154 0.9738769792773364 0
    outer loop
      vertex 22.204876158261776 -16.38585081172897 3.6
      vertex 22.396062327520955 -16.341272449386487 15.2
      vertex 22.396062327520955 -16.341272449386487 3.6
    endloop
  endfacet
  facet normal -0.1628954733945891 0.986643332084879 0
    outer loop
      vertex 22.396062327520955 -16.341272449386487 3.6
      vertex 22.589754716909184 -16.309293706474747 15.2
      vertex 22.589754716909184 -16.309293706474747 3.6
    endloop
  endfacet
  facet normal -0.09801714032956053 0.995184726672197 0
    outer loop
      vertex 22.589754716909184 -16.309293706474747 3.6
      vertex 22.78512390587891 -16.29005152088037 15.2
      vertex 22.78512390587891 -16.29005152088037 3.6
    endloop
  endfacet
  facet normal -0.03271908282178652 0.9994645874763654 0
    outer loop
      vertex 22.78512390587891 -16.29005152088037 3.6
      vertex 22.98133329356934 -16.283628290596177 15.2
      vertex 22.98133329356934 -16.283628290596177 3.6
    endloop
  endfacet
  facet normal 0.22707626303436154 0.9738769792773364 0
    outer loop
      vertex 23.566604259617723 -16.341272449386487 3.6
      vertex 23.757790428876902 -16.38585081172897 15.2
      vertex 23.757790428876902 -16.38585081172897 3.6
    endloop
  endfacet
  facet normal 0.2902846772544665 0.9569403357322077 0
    outer loop
      vertex 23.757790428876902 -16.38585081172897 3.6
      vertex 23.945651689478822 -16.44283790211086 15.2
      vertex 23.945651689478822 -16.44283790211086 3.6
    endloop
  endfacet
  facet normal 0.03271908282178652 0.9994645874763654 0
    outer loop
      vertex 22.98133329356934 -16.283628290596177 3.6
      vertex 23.17754268125977 -16.29005152088037 15.2
      vertex 23.17754268125977 -16.29005152088037 3.6
    endloop
  endfacet
  facet normal 0.09801714032956053 0.995184726672197 0
    outer loop
      vertex 23.17754268125977 -16.29005152088037 3.6
      vertex 23.372911870229494 -16.309293706474747 15.2
      vertex 23.372911870229494 -16.309293706474747 3.6
    endloop
  endfacet
  facet normal 0.1628954733945891 0.986643332084879 0
    outer loop
      vertex 23.372911870229494 -16.309293706474747 3.6
      vertex 23.566604259617723 -16.341272449386487 15.2
      vertex 23.566604259617723 -16.341272449386487 3.6
    endloop
  endfacet
  facet normal 0.93590592675733 0.3522500479212223 0
    outer loop
      vertex 25.7529718911032 -18.135577993500906 3.4
      vertex 25.822123682054656 -18.319309894686693 15.2
      vertex 25.822123682054656 -18.319309894686693 3.4
    endloop
  endfacet
  facet normal 0.9108638249211731 0.412707029804401 0
    outer loop
      vertex 25.7529718911032 -18.135577993500906 3.4
      vertex 25.671951518167404 -17.956762219939172 3.4
      vertex 25.7529718911032 -18.135577993500906 15.2
    endloop
  endfacet
  facet normal 0.8492021815265774 0.5280678506503702 0
    outer loop
      vertex 25.579409504922655 -17.783628290596177 3.4
      vertex 25.475742130476974 -17.61691759153737 3.4
      vertex 25.579409504922655 -17.783628290596177 15.2
    endloop
  endfacet
  facet normal 0.8819212643483538 0.47139673682600014 0
    outer loop
      vertex 25.579409504922655 -17.783628290596177 3.4
      vertex 25.671951518167404 -17.956762219939172 15.2
      vertex 25.671951518167404 -17.956762219939172 3.4
    endloop
  endfacet
  facet normal 0.7730104533627347 0.6343932841636483 0
    outer loop
      vertex 25.361393314443045 -17.457344003570014 3.4
      vertex 25.236852716006272 -17.30559084529597 3.4
      vertex 25.361393314443045 -17.457344003570014 15.2
    endloop
  endfacet
  facet normal 0.6835923020228757 0.7298640726978316 0
    outer loop
      vertex 24.959370738869545 -17.028108868159244 3.4
      vertex 24.959370738869545 -17.028108868159244 15.2
      vertex 25.10265363712898 -17.162307947036535 3.4
    endloop
  endfacet
  facet normal 0.7298640726978316 0.6835923020228757 0
    outer loop
      vertex 25.236852716006272 -17.30559084529597 3.4
      vertex 25.10265363712898 -17.162307947036535 3.4
      vertex 25.236852716006272 -17.30559084529597 15.2
    endloop
  endfacet
  facet normal 0.8128466845916195 0.5824776968677962 0
    outer loop
      vertex 25.361393314443045 -17.457344003570014 3.4
      vertex 25.475742130476974 -17.61691759153737 15.2
      vertex 25.475742130476974 -17.61691759153737 3.4
    endloop
  endfacet
  facet normal 0.35225004792123804 0.9359059267573239 0
    outer loop
      vertex 24.12938359066461 -16.51198969306232 3.6
      vertex 23.945651689478822 -16.44283790211086 3.6
      vertex 24.12938359066461 -16.51198969306232 15.2
    endloop
  endfacet
  facet normal 0.41270702980438595 0.9108638249211798 0
    outer loop
      vertex 24.12938359066461 -16.51198969306232 3.6
      vertex 24.308199364226343 -16.59301006599811 15.2
      vertex 24.308199364226343 -16.59301006599811 3.6
    endloop
  endfacet
  facet normal 0.5280678506503702 0.8492021815265773 0
    outer loop
      vertex 24.48133329356934 -16.68555207924286 3.6
      vertex 24.648043992628146 -16.789219453688542 15.2
      vertex 24.648043992628146 -16.789219453688542 3.6
    endloop
  endfacet
  facet normal 0.6343932841636578 0.773010453362727 0
    outer loop
      vertex 24.8076175805955 -16.90356826972247 3.6
      vertex 24.8076175805955 -16.90356826972247 15.2
      vertex 24.908778326362103 -16.986588748237534 3.6
    endloop
  endfacet
  facet normal 0.5824776968677962 0.8128466845916196 0
    outer loop
      vertex 24.8076175805955 -16.90356826972247 3.6
      vertex 24.648043992628146 -16.789219453688542 3.6
      vertex 24.8076175805955 -16.90356826972247 15.2
    endloop
  endfacet
  facet normal 0.47139673682600014 0.8819212643483537 0
    outer loop
      vertex 24.308199364226343 -16.59301006599811 3.6
      vertex 24.48133329356934 -16.68555207924286 15.2
      vertex 24.48133329356934 -16.68555207924286 3.6
    endloop
  endfacet
  facet normal 0.6343932841636284 0.7730104533627511 -4.283384832859036e-16
    outer loop
      vertex 24.959370738869545 -17.028108868159244 3.4
      vertex 24.908778326362103 -16.986588748237534 3.6
      vertex 24.8076175805955 -16.90356826972247 15.2
    endloop
  endfacet
  facet normal 0.9569403357322077 -0.29028467725446644 0
    outer loop
      vertex 25.822123682054656 -20.24794668650566 3.4
      vertex 25.879110772436544 -20.06008542590374 3.4
      vertex 25.822123682054656 -20.24794668650566 15.2
    endloop
  endfacet
  facet normal 0.9738769792773324 -0.2270762630343787 0
    outer loop
      vertex 25.879110772436544 -20.06008542590374 3.4
      vertex 25.923689134779032 -19.86889925664456 3.4
      vertex 25.879110772436544 -20.06008542590374 15.2
    endloop
  endfacet
  facet normal 0.9866433320848789 -0.16289547339458907 0
    outer loop
      vertex 25.923689134779032 -19.86889925664456 3.4
      vertex 25.95566787769077 -19.675206867256332 3.4
      vertex 25.923689134779032 -19.86889925664456 15.2
    endloop
  endfacet
  facet normal 0.9951847266721968 -0.0980171403295605 0
    outer loop
      vertex 25.95566787769077 -19.675206867256332 3.4
      vertex 25.97491006328515 -19.479837678286607 3.4
      vertex 25.95566787769077 -19.675206867256332 15.2
    endloop
  endfacet
  facet normal 0.9994645874763659 -0.03271908282176844 0
    outer loop
      vertex 25.97491006328515 -19.479837678286607 3.4
      vertex 25.98133329356934 -19.283628290596177 3.4
      vertex 25.97491006328515 -19.479837678286607 15.2
    endloop
  endfacet
  facet normal 0.9994645874763659 0.03271908282176844 0
    outer loop
      vertex 25.98133329356934 -19.283628290596177 3.4
      vertex 25.97491006328515 -19.087418902905746 3.4
      vertex 25.98133329356934 -19.283628290596177 15.2
    endloop
  endfacet
  facet normal 0.9951847266721968 0.0980171403295605 0
    outer loop
      vertex 25.97491006328515 -19.087418902905746 3.4
      vertex 25.95566787769077 -18.89204971393602 3.4
      vertex 25.97491006328515 -19.087418902905746 15.2
    endloop
  endfacet
  facet normal 0.9866433320848789 0.16289547339458907 0
    outer loop
      vertex 25.95566787769077 -18.89204971393602 3.4
      vertex 25.923689134779032 -18.698357324547793 3.4
      vertex 25.95566787769077 -18.89204971393602 15.2
    endloop
  endfacet
  facet normal 0.9738769792773324 0.2270762630343787 0
    outer loop
      vertex 25.923689134779032 -18.698357324547793 3.4
      vertex 25.879110772436544 -18.507171155288614 3.4
      vertex 25.923689134779032 -18.698357324547793 15.2
    endloop
  endfacet
  facet normal 0.9569403357322077 0.29028467725446644 0
    outer loop
      vertex 25.879110772436544 -18.507171155288614 3.4
      vertex 25.822123682054656 -18.319309894686693 3.4
      vertex 25.879110772436544 -18.507171155288614 15.2
    endloop
  endfacet
  facet normal -0.6835923020228755 -0.7298640726978315 0
    outer loop
      vertex 21.003295848269133 -21.53914771303311 3.6
      vertex 21.003295848269133 -21.53914771303311 15.2
      vertex 20.860012950009697 -21.40494863415582 15.2
    endloop
  endfacet
  facet normal -0.7298640726978315 -0.6835923020228755 0
    outer loop
      vertex 20.860012950009697 -21.40494863415582 3.6
      vertex 20.860012950009697 -21.40494863415582 15.2
      vertex 20.725813871132406 -21.261665735896383 15.2
    endloop
  endfacet
  facet normal -0.7730104533627346 -0.6343932841636482 0
    outer loop
      vertex 20.725813871132406 -21.261665735896383 3.6
      vertex 20.725813871132406 -21.261665735896383 15.2
      vertex 20.601273272695632 -21.10991257762234 15.2
    endloop
  endfacet
  facet normal -0.8128466845916196 -0.5824776968677962 0
    outer loop
      vertex 20.601273272695632 -21.10991257762234 3.6
      vertex 20.601273272695632 -21.10991257762234 15.2
      vertex 20.486924456661704 -20.950338989654984 15.2
    endloop
  endfacet
  facet normal -0.5824776968677962 -0.8128466845916195 0
    outer loop
      vertex 21.155049006543177 -21.663688311469883 3.4
      vertex 21.31462259451053 -21.77803712750381 15.2
      vertex 21.155049006543177 -21.663688311469883 15.2
    endloop
  endfacet
  facet normal -0.5280678506503702 -0.8492021815265774 0
    outer loop
      vertex 21.31462259451053 -21.77803712750381 3.4
      vertex 21.48133329356934 -21.881704501949493 15.2
      vertex 21.31462259451053 -21.77803712750381 15.2
    endloop
  endfacet
  facet normal -0.4127070298043859 -0.9108638249211797 0
    outer loop
      vertex 21.654467222912334 -21.974246515194242 3.4
      vertex 21.83328299647407 -22.055266888130035 15.2
      vertex 21.654467222912334 -21.974246515194242 15.2
    endloop
  endfacet
  facet normal -0.3522500479212381 -0.9359059267573239 0
    outer loop
      vertex 21.83328299647407 -22.055266888130035 3.4
      vertex 22.017014897659855 -22.124418679081494 15.2
      vertex 21.83328299647407 -22.055266888130035 15.2
    endloop
  endfacet
  facet normal -0.47139673682600014 -0.8819212643483538 0
    outer loop
      vertex 21.48133329356934 -21.881704501949493 3.4
      vertex 21.654467222912334 -21.974246515194242 15.2
      vertex 21.48133329356934 -21.881704501949493 15.2
    endloop
  endfacet
  facet normal -0.6343932841636482 -0.7730104533627346 -1.3787910955902963e-16
    outer loop
      vertex 21.053888260776574 -21.58066783295482 3.6
      vertex 21.155049006543177 -21.663688311469883 15.2
      vertex 21.003295848269133 -21.53914771303311 15.2
    endloop
  endfacet
  facet normal -0.0980171403295605 -0.9951847266721968 0
    outer loop
      vertex 22.589754716909184 -22.257962874717606 3.4
      vertex 22.78512390587891 -22.277205060311985 15.2
      vertex 22.589754716909184 -22.257962874717606 15.2
    endloop
  endfacet
  facet normal -0.03271908282178652 -0.9994645874763654 0
    outer loop
      vertex 22.78512390587891 -22.277205060311985 3.4
      vertex 22.98133329356934 -22.283628290596177 15.2
      vertex 22.78512390587891 -22.277205060311985 15.2
    endloop
  endfacet
  facet normal 0.03271908282178652 -0.9994645874763654 0
    outer loop
      vertex 22.98133329356934 -22.283628290596177 3.4
      vertex 23.17754268125977 -22.277205060311985 15.2
      vertex 22.98133329356934 -22.283628290596177 15.2
    endloop
  endfacet
  facet normal 0.0980171403295605 -0.9951847266721968 0
    outer loop
      vertex 23.17754268125977 -22.277205060311985 3.4
      vertex 23.372911870229494 -22.257962874717606 15.2
      vertex 23.17754268125977 -22.277205060311985 15.2
    endloop
  endfacet
  facet normal -0.29028467725446644 -0.9569403357322077 0
    outer loop
      vertex 22.017014897659855 -22.124418679081494 3.4
      vertex 22.204876158261776 -22.18140576946338 15.2
      vertex 22.017014897659855 -22.124418679081494 15.2
    endloop
  endfacet
  facet normal -0.22707626303436154 -0.9738769792773363 0
    outer loop
      vertex 22.204876158261776 -22.18140576946338 3.4
      vertex 22.396062327520955 -22.225984131805866 15.2
      vertex 22.204876158261776 -22.18140576946338 15.2
    endloop
  endfacet
  facet normal -0.16289547339458907 -0.9866433320848789 0
    outer loop
      vertex 22.396062327520955 -22.225984131805866 3.4
      vertex 22.589754716909184 -22.257962874717606 15.2
      vertex 22.396062327520955 -22.225984131805866 15.2
    endloop
  endfacet
  facet normal 0.16289547339458907 -0.9866433320848789 0
    outer loop
      vertex 23.372911870229494 -22.257962874717606 3.4
      vertex 23.566604259617723 -22.225984131805866 15.2
      vertex 23.372911870229494 -22.257962874717606 15.2
    endloop
  endfacet
  facet normal 0.22707626303436154 -0.9738769792773363 0
    outer loop
      vertex 23.566604259617723 -22.225984131805866 3.4
      vertex 23.757790428876902 -22.18140576946338 15.2
      vertex 23.566604259617723 -22.225984131805866 15.2
    endloop
  endfacet
  facet normal 0.29028467725446644 -0.9569403357322077 0
    outer loop
      vertex 23.757790428876902 -22.18140576946338 3.4
      vertex 23.945651689478822 -22.124418679081494 15.2
      vertex 23.757790428876902 -22.18140576946338 15.2
    endloop
  endfacet
  facet normal 0.3522500479212381 -0.9359059267573239 0
    outer loop
      vertex 23.945651689478822 -22.124418679081494 3.4
      vertex 24.12938359066461 -22.055266888130035 15.2
      vertex 23.945651689478822 -22.124418679081494 15.2
    endloop
  endfacet
  facet normal 0.4127070298043859 -0.9108638249211797 0
    outer loop
      vertex 24.12938359066461 -22.055266888130035 3.4
      vertex 24.308199364226343 -21.974246515194242 15.2
      vertex 24.12938359066461 -22.055266888130035 15.2
    endloop
  endfacet
  facet normal 0.47139673682600014 -0.8819212643483538 0
    outer loop
      vertex 24.308199364226343 -21.974246515194242 3.4
      vertex 24.48133329356934 -21.881704501949493 15.2
      vertex 24.308199364226343 -21.974246515194242 15.2
    endloop
  endfacet
  facet normal 0.5280678506503702 -0.8492021815265774 0
    outer loop
      vertex 24.48133329356934 -21.881704501949493 3.4
      vertex 24.648043992628146 -21.77803712750381 15.2
      vertex 24.48133329356934 -21.881704501949493 15.2
    endloop
  endfacet
  facet normal 0.5824776968677962 -0.8128466845916195 0
    outer loop
      vertex 24.648043992628146 -21.77803712750381 3.4
      vertex 24.8076175805955 -21.663688311469883 15.2
      vertex 24.648043992628146 -21.77803712750381 15.2
    endloop
  endfacet
  facet normal 0.6343932841636483 -0.7730104533627347 0
    outer loop
      vertex 24.8076175805955 -21.663688311469883 3.4
      vertex 24.959370738869545 -21.53914771303311 15.2
      vertex 24.8076175805955 -21.663688311469883 15.2
    endloop
  endfacet
  facet normal 0.6835923020228757 -0.7298640726978316 0
    outer loop
      vertex 24.959370738869545 -21.53914771303311 3.4
      vertex 25.10265363712898 -21.40494863415582 15.2
      vertex 24.959370738869545 -21.53914771303311 15.2
    endloop
  endfacet
  facet normal 0.7298640726978316 -0.6835923020228757 0
    outer loop
      vertex 25.236852716006272 -21.261665735896383 3.4
      vertex 25.236852716006272 -21.261665735896383 15.2
      vertex 25.10265363712898 -21.40494863415582 15.2
    endloop
  endfacet
  facet normal 0.7730104533627347 -0.6343932841636483 0
    outer loop
      vertex 25.361393314443045 -21.10991257762234 3.4
      vertex 25.361393314443045 -21.10991257762234 15.2
      vertex 25.236852716006272 -21.261665735896383 15.2
    endloop
  endfacet
  facet normal 0.8128466845916195 -0.5824776968677962 0
    outer loop
      vertex 25.475742130476974 -20.950338989654984 3.4
      vertex 25.475742130476974 -20.950338989654984 15.2
      vertex 25.361393314443045 -21.10991257762234 15.2
    endloop
  endfacet
  facet normal -0.986643332084879 -0.1628954733945891 0
    outer loop
      vertex 20.038977452359646 -19.86889925664456 3.6
      vertex 20.038977452359646 -19.86889925664456 15.2
      vertex 20.006998709447906 -19.675206867256332 15.2
    endloop
  endfacet
  facet normal -0.995184726672197 -0.09801714032956053 0
    outer loop
      vertex 20.006998709447906 -19.675206867256332 3.6
      vertex 20.006998709447906 -19.675206867256332 15.2
      vertex 19.987756523853527 -19.479837678286607 15.2
    endloop
  endfacet
  facet normal -0.9994645874763659 -0.032719082821768435 0
    outer loop
      vertex 19.987756523853527 -19.479837678286607 3.6
      vertex 19.987756523853527 -19.479837678286607 15.2
      vertex 19.98133329356934 -19.283628290596177 15.2
    endloop
  endfacet
  facet normal -0.9994645874763659 0.032719082821768435 0
    outer loop
      vertex 19.98133329356934 -19.283628290596177 3.6
      vertex 19.98133329356934 -19.283628290596177 15.2
      vertex 19.987756523853527 -19.087418902905746 15.2
    endloop
  endfacet
  facet normal -0.995184726672197 0.09801714032956053 0
    outer loop
      vertex 19.987756523853527 -19.087418902905746 3.6
      vertex 19.987756523853527 -19.087418902905746 15.2
      vertex 20.006998709447906 -18.89204971393602 15.2
    endloop
  endfacet
  facet normal -0.986643332084879 0.1628954733945891 0
    outer loop
      vertex 20.006998709447906 -18.89204971393602 3.6
      vertex 20.006998709447906 -18.89204971393602 15.2
      vertex 20.038977452359646 -18.698357324547793 15.2
    endloop
  endfacet
  facet normal -0.9738769792773324 0.2270762630343787 0
    outer loop
      vertex 20.038977452359646 -18.698357324547793 3.6
      vertex 20.038977452359646 -18.698357324547793 15.2
      vertex 20.083555814702134 -18.507171155288614 15.2
    endloop
  endfacet
  facet normal -0.8492021815265773 -0.5280678506503702 0
    outer loop
      vertex 20.486924456661704 -20.950338989654984 3.6
      vertex 20.486924456661704 -20.950338989654984 15.2
      vertex 20.383257082216023 -20.783628290596177 15.2
    endloop
  endfacet
  facet normal -0.8819212643483537 -0.47139673682600014 0
    outer loop
      vertex 20.383257082216023 -20.783628290596177 3.6
      vertex 20.383257082216023 -20.783628290596177 15.2
      vertex 20.290715068971274 -20.61049436125318 15.2
    endloop
  endfacet
  facet normal -0.9108638249211729 -0.41270702980440094 0
    outer loop
      vertex 20.290715068971274 -20.61049436125318 3.6
      vertex 20.290715068971274 -20.61049436125318 15.2
      vertex 20.209694696035477 -20.431678587691447 15.2
    endloop
  endfacet
  facet normal -0.9359059267573299 -0.3522500479212222 0
    outer loop
      vertex 20.209694696035477 -20.431678587691447 3.6
      vertex 20.209694696035477 -20.431678587691447 15.2
      vertex 20.140542905084022 -20.24794668650566 15.2
    endloop
  endfacet
  facet normal -0.9569403357322077 -0.2902846772544665 0
    outer loop
      vertex 20.140542905084022 -20.24794668650566 3.6
      vertex 20.140542905084022 -20.24794668650566 15.2
      vertex 20.083555814702134 -20.06008542590374 15.2
    endloop
  endfacet
  facet normal -0.9738769792773324 -0.2270762630343787 0
    outer loop
      vertex 20.083555814702134 -20.06008542590374 3.6
      vertex 20.083555814702134 -20.06008542590374 15.2
      vertex 20.038977452359646 -19.86889925664456 15.2
    endloop
  endfacet
  facet normal -0.9569403357322077 0.2902846772544665 0
    outer loop
      vertex 20.083555814702134 -18.507171155288614 3.6
      vertex 20.083555814702134 -18.507171155288614 15.2
      vertex 20.140542905084022 -18.319309894686693 15.2
    endloop
  endfacet
  facet normal -0.9359059267573299 0.3522500479212222 0
    outer loop
      vertex 20.140542905084022 -18.319309894686693 3.6
      vertex 20.140542905084022 -18.319309894686693 15.2
      vertex 20.209694696035477 -18.135577993500906 15.2
    endloop
  endfacet
  facet normal -0.9108638249211729 0.41270702980440094 0
    outer loop
      vertex 20.209694696035477 -18.135577993500906 3.6
      vertex 20.209694696035477 -18.135577993500906 15.2
      vertex 20.290715068971274 -17.956762219939172 15.2
    endloop
  endfacet
  facet normal -0.8819212643483537 0.47139673682600014 0
    outer loop
      vertex 20.290715068971274 -17.956762219939172 3.6
      vertex 20.290715068971274 -17.956762219939172 15.2
      vertex 20.383257082216023 -17.783628290596177 15.2
    endloop
  endfacet
  facet normal -0.8492021815265773 0.5280678506503702 0
    outer loop
      vertex 20.383257082216023 -17.783628290596177 3.6
      vertex 20.383257082216023 -17.783628290596177 15.2
      vertex 20.486924456661704 -17.61691759153737 15.2
    endloop
  endfacet
  facet normal -0.8128466845916196 0.5824776968677962 0
    outer loop
      vertex 20.486924456661704 -17.61691759153737 3.6
      vertex 20.486924456661704 -17.61691759153737 15.2
      vertex 20.601273272695632 -17.457344003570014 15.2
    endloop
  endfacet
  facet normal -0.7730104533627346 0.6343932841636482 0
    outer loop
      vertex 20.601273272695632 -17.457344003570014 3.6
      vertex 20.601273272695632 -17.457344003570014 15.2
      vertex 20.725813871132406 -17.30559084529597 15.2
    endloop
  endfacet
  facet normal -0.7298640726978315 0.6835923020228755 0
    outer loop
      vertex 20.725813871132406 -17.30559084529597 3.6
      vertex 20.725813871132406 -17.30559084529597 15.2
      vertex 20.860012950009697 -17.162307947036535 15.2
    endloop
  endfacet
  facet normal -0.6835923020228755 0.7298640726978315 0
    outer loop
      vertex 20.860012950009697 -17.162307947036535 3.6
      vertex 20.860012950009697 -17.162307947036535 15.2
      vertex 21.003295848269133 -17.028108868159244 15.2
    endloop
  endfacet
  facet normal -0.6343932841636482 0.7730104533627346 0
    outer loop
      vertex 21.003295848269133 -17.028108868159244 3.6
      vertex 21.003295848269133 -17.028108868159244 15.2
      vertex 21.155049006543177 -16.90356826972247 15.2
    endloop
  endfacet
  facet normal -0.5824776968677962 0.8128466845916196 0
    outer loop
      vertex 21.155049006543177 -16.90356826972247 3.6
      vertex 21.155049006543177 -16.90356826972247 15.2
      vertex 21.31462259451053 -16.789219453688542 15.2
    endloop
  endfacet
  facet normal -0.5280678506503702 0.8492021815265773 0
    outer loop
      vertex 21.31462259451053 -16.789219453688542 3.6
      vertex 21.31462259451053 -16.789219453688542 15.2
      vertex 21.48133329356934 -16.68555207924286 15.2
    endloop
  endfacet
  facet normal -0.47139673682600014 0.8819212643483537 0
    outer loop
      vertex 21.48133329356934 -16.68555207924286 3.6
      vertex 21.48133329356934 -16.68555207924286 15.2
      vertex 21.654467222912334 -16.59301006599811 15.2
    endloop
  endfacet
  facet normal -0.41270702980438595 0.9108638249211798 0
    outer loop
      vertex 21.654467222912334 -16.59301006599811 3.6
      vertex 21.654467222912334 -16.59301006599811 15.2
      vertex 21.83328299647407 -16.51198969306232 15.2
    endloop
  endfacet
  facet normal -0.35225004792123804 0.9359059267573239 0
    outer loop
      vertex 21.83328299647407 -16.51198969306232 3.6
      vertex 21.83328299647407 -16.51198969306232 15.2
      vertex 22.017014897659855 -16.44283790211086 15.2
    endloop
  endfacet
  facet normal 0.8492021815265774 -0.5280678506503702 0
    outer loop
      vertex 25.579409504922655 -20.783628290596177 3.4
      vertex 25.579409504922655 -20.783628290596177 15.2
      vertex 25.475742130476974 -20.950338989654984 15.2
    endloop
  endfacet
  facet normal 0.8819212643483538 -0.47139673682600014 0
    outer loop
      vertex 25.671951518167404 -20.61049436125318 3.4
      vertex 25.671951518167404 -20.61049436125318 15.2
      vertex 25.579409504922655 -20.783628290596177 15.2
    endloop
  endfacet
  facet normal 0.9108638249211731 -0.412707029804401 0
    outer loop
      vertex 25.7529718911032 -20.431678587691447 3.4
      vertex 25.7529718911032 -20.431678587691447 15.2
      vertex 25.671951518167404 -20.61049436125318 15.2
    endloop
  endfacet
  facet normal 0.93590592675733 -0.3522500479212223 0
    outer loop
      vertex 25.822123682054656 -20.24794668650566 3.4
      vertex 25.822123682054656 -20.24794668650566 15.2
      vertex 25.7529718911032 -20.431678587691447 15.2
    endloop
  endfacet
  facet normal -0.2902846772544665 0.9569403357322077 0
    outer loop
      vertex 22.017014897659855 -16.44283790211086 3.6
      vertex 22.017014897659855 -16.44283790211086 15.2
      vertex 22.204876158261776 -16.38585081172897 15.2
    endloop
  endfacet
  facet normal -0.22707626303436154 0.9738769792773364 0
    outer loop
      vertex 22.204876158261776 -16.38585081172897 3.6
      vertex 22.204876158261776 -16.38585081172897 15.2
      vertex 22.396062327520955 -16.341272449386487 15.2
    endloop
  endfacet
  facet normal -0.1628954733945891 0.986643332084879 0
    outer loop
      vertex 22.396062327520955 -16.341272449386487 3.6
      vertex 22.396062327520955 -16.341272449386487 15.2
      vertex 22.589754716909184 -16.309293706474747 15.2
    endloop
  endfacet
  facet normal -0.09801714032956053 0.995184726672197 0
    outer loop
      vertex 22.589754716909184 -16.309293706474747 3.6
      vertex 22.589754716909184 -16.309293706474747 15.2
      vertex 22.78512390587891 -16.29005152088037 15.2
    endloop
  endfacet
  facet normal -0.03271908282178652 0.9994645874763654 0
    outer loop
      vertex 22.78512390587891 -16.29005152088037 3.6
      vertex 22.78512390587891 -16.29005152088037 15.2
      vertex 22.98133329356934 -16.283628290596177 15.2
    endloop
  endfacet
  facet normal 0.2902846772544665 0.9569403357322077 0
    outer loop
      vertex 23.757790428876902 -16.38585081172897 3.6
      vertex 23.757790428876902 -16.38585081172897 15.2
      vertex 23.945651689478822 -16.44283790211086 15.2
    endloop
  endfacet
  facet normal 0.03271908282178652 0.9994645874763654 0
    outer loop
      vertex 22.98133329356934 -16.283628290596177 3.6
      vertex 22.98133329356934 -16.283628290596177 15.2
      vertex 23.17754268125977 -16.29005152088037 15.2
    endloop
  endfacet
  facet normal 0.09801714032956053 0.995184726672197 0
    outer loop
      vertex 23.17754268125977 -16.29005152088037 3.6
      vertex 23.17754268125977 -16.29005152088037 15.2
      vertex 23.372911870229494 -16.309293706474747 15.2
    endloop
  endfacet
  facet normal 0.1628954733945891 0.986643332084879 0
    outer loop
      vertex 23.372911870229494 -16.309293706474747 3.6
      vertex 23.372911870229494 -16.309293706474747 15.2
      vertex 23.566604259617723 -16.341272449386487 15.2
    endloop
  endfacet
  facet normal 0.22707626303436154 0.9738769792773364 0
    outer loop
      vertex 23.566604259617723 -16.341272449386487 3.6
      vertex 23.566604259617723 -16.341272449386487 15.2
      vertex 23.757790428876902 -16.38585081172897 15.2
    endloop
  endfacet
  facet normal 0.93590592675733 0.3522500479212223 0
    outer loop
      vertex 25.7529718911032 -18.135577993500906 3.4
      vertex 25.7529718911032 -18.135577993500906 15.2
      vertex 25.822123682054656 -18.319309894686693 15.2
    endloop
  endfacet
  facet normal 0.9108638249211731 0.412707029804401 0
    outer loop
      vertex 25.671951518167404 -17.956762219939172 3.4
      vertex 25.671951518167404 -17.956762219939172 15.2
      vertex 25.7529718911032 -18.135577993500906 15.2
    endloop
  endfacet
  facet normal 0.8492021815265774 0.5280678506503702 0
    outer loop
      vertex 25.475742130476974 -17.61691759153737 3.4
      vertex 25.475742130476974 -17.61691759153737 15.2
      vertex 25.579409504922655 -17.783628290596177 15.2
    endloop
  endfacet
  facet normal 0.8819212643483538 0.47139673682600014 0
    outer loop
      vertex 25.579409504922655 -17.783628290596177 3.4
      vertex 25.579409504922655 -17.783628290596177 15.2
      vertex 25.671951518167404 -17.956762219939172 15.2
    endloop
  endfacet
  facet normal 0.7730104533627347 0.6343932841636483 0
    outer loop
      vertex 25.236852716006272 -17.30559084529597 3.4
      vertex 25.236852716006272 -17.30559084529597 15.2
      vertex 25.361393314443045 -17.457344003570014 15.2
    endloop
  endfacet
  facet normal 0.6835923020228757 0.7298640726978316 0
    outer loop
      vertex 25.10265363712898 -17.162307947036535 3.4
      vertex 24.959370738869545 -17.028108868159244 15.2
      vertex 25.10265363712898 -17.162307947036535 15.2
    endloop
  endfacet
  facet normal 0.7298640726978316 0.6835923020228757 0
    outer loop
      vertex 25.10265363712898 -17.162307947036535 3.4
      vertex 25.10265363712898 -17.162307947036535 15.2
      vertex 25.236852716006272 -17.30559084529597 15.2
    endloop
  endfacet
  facet normal 0.8128466845916195 0.5824776968677962 0
    outer loop
      vertex 25.361393314443045 -17.457344003570014 3.4
      vertex 25.361393314443045 -17.457344003570014 15.2
      vertex 25.475742130476974 -17.61691759153737 15.2
    endloop
  endfacet
  facet normal 0.35225004792123804 0.9359059267573239 0
    outer loop
      vertex 23.945651689478822 -16.44283790211086 3.6
      vertex 23.945651689478822 -16.44283790211086 15.2
      vertex 24.12938359066461 -16.51198969306232 15.2
    endloop
  endfacet
  facet normal 0.41270702980438595 0.9108638249211798 0
    outer loop
      vertex 24.12938359066461 -16.51198969306232 3.6
      vertex 24.12938359066461 -16.51198969306232 15.2
      vertex 24.308199364226343 -16.59301006599811 15.2
    endloop
  endfacet
  facet normal 0.47139673682600014 0.8819212643483537 0
    outer loop
      vertex 24.308199364226343 -16.59301006599811 3.6
      vertex 24.308199364226343 -16.59301006599811 15.2
      vertex 24.48133329356934 -16.68555207924286 15.2
    endloop
  endfacet
  facet normal 0.5280678506503702 0.8492021815265773 0
    outer loop
      vertex 24.48133329356934 -16.68555207924286 3.6
      vertex 24.48133329356934 -16.68555207924286 15.2
      vertex 24.648043992628146 -16.789219453688542 15.2
    endloop
  endfacet
  facet normal 0.5824776968677962 0.8128466845916196 0
    outer loop
      vertex 24.648043992628146 -16.789219453688542 3.6
      vertex 24.648043992628146 -16.789219453688542 15.2
      vertex 24.8076175805955 -16.90356826972247 15.2
    endloop
  endfacet
  facet normal 0.6343932841636483 0.7730104533627347 0
    outer loop
      vertex 24.959370738869545 -17.028108868159244 3.4
      vertex 24.8076175805955 -16.90356826972247 15.2
      vertex 24.959370738869545 -17.028108868159244 15.2
    endloop
  endfacet
  facet normal 0.9569403357322077 -0.29028467725446644 0
    outer loop
      vertex 25.879110772436544 -20.06008542590374 3.4
      vertex 25.879110772436544 -20.06008542590374 15.2
      vertex 25.822123682054656 -20.24794668650566 15.2
    endloop
  endfacet
  facet normal 0.9738769792773324 -0.2270762630343787 0
    outer loop
      vertex 25.923689134779032 -19.86889925664456 3.4
      vertex 25.923689134779032 -19.86889925664456 15.2
      vertex 25.879110772436544 -20.06008542590374 15.2
    endloop
  endfacet
  facet normal 0.9866433320848789 -0.16289547339458907 0
    outer loop
      vertex 25.95566787769077 -19.675206867256332 3.4
      vertex 25.95566787769077 -19.675206867256332 15.2
      vertex 25.923689134779032 -19.86889925664456 15.2
    endloop
  endfacet
  facet normal 0.9951847266721968 -0.0980171403295605 0
    outer loop
      vertex 25.97491006328515 -19.479837678286607 3.4
      vertex 25.97491006328515 -19.479837678286607 15.2
      vertex 25.95566787769077 -19.675206867256332 15.2
    endloop
  endfacet
  facet normal 0.9994645874763659 -0.03271908282176844 0
    outer loop
      vertex 25.98133329356934 -19.283628290596177 3.4
      vertex 25.98133329356934 -19.283628290596177 15.2
      vertex 25.97491006328515 -19.479837678286607 15.2
    endloop
  endfacet
  facet normal 0.9994645874763659 0.03271908282176844 0
    outer loop
      vertex 25.97491006328515 -19.087418902905746 3.4
      vertex 25.97491006328515 -19.087418902905746 15.2
      vertex 25.98133329356934 -19.283628290596177 15.2
    endloop
  endfacet
  facet normal 0.9951847266721968 0.0980171403295605 0
    outer loop
      vertex 25.95566787769077 -18.89204971393602 3.4
      vertex 25.95566787769077 -18.89204971393602 15.2
      vertex 25.97491006328515 -19.087418902905746 15.2
    endloop
  endfacet
  facet normal 0.9866433320848789 0.16289547339458907 0
    outer loop
      vertex 25.923689134779032 -18.698357324547793 3.4
      vertex 25.923689134779032 -18.698357324547793 15.2
      vertex 25.95566787769077 -18.89204971393602 15.2
    endloop
  endfacet
  facet normal 0.9738769792773324 0.2270762630343787 0
    outer loop
      vertex 25.879110772436544 -18.507171155288614 3.4
      vertex 25.879110772436544 -18.507171155288614 15.2
      vertex 25.923689134779032 -18.698357324547793 15.2
    endloop
  endfacet
  facet normal 0.9569403357322077 0.29028467725446644 0
    outer loop
      vertex 25.822123682054656 -18.319309894686693 3.4
      vertex 25.822123682054656 -18.319309894686693 15.2
      vertex 25.879110772436544 -18.507171155288614 15.2
    endloop
  endfacet
  facet normal 0 0 1
    outer loop
      vertex 20.083555814702134 -20.06008542590374 15.2
      vertex 20.038977452359646 -18.698357324547793 15.2
      vertex 20.038977452359646 -19.86889925664456 15.2
    endloop
  endfacet
  facet normal 0 0 1
    outer loop
      vertex 20.038977452359646 -19.86889925664456 15.2
      vertex 20.006998709447906 -18.89204971393602 15.2
      vertex 20.006998709447906 -19.675206867256332 15.2
    endloop
  endfacet
  facet normal 0 0 1
    outer loop
      vertex 20.006998709447906 -19.675206867256332 15.2
      vertex 19.987756523853527 -19.087418902905746 15.2
      vertex 19.987756523853527 -19.479837678286607 15.2
    endloop
  endfacet
  facet normal 0 0 1
    outer loop
      vertex 19.987756523853527 -19.479837678286607 15.2
      vertex 19.987756523853527 -19.087418902905746 15.2
      vertex 19.98133329356934 -19.283628290596177 15.2
    endloop
  endfacet
  facet normal 0 0 1
    outer loop
      vertex 20.006998709447906 -19.675206867256332 15.2
      vertex 20.006998709447906 -18.89204971393602 15.2
      vertex 19.987756523853527 -19.087418902905746 15.2
    endloop
  endfacet
  facet normal 0 0 1
    outer loop
      vertex 20.038977452359646 -19.86889925664456 15.2
      vertex 20.038977452359646 -18.698357324547793 15.2
      vertex 20.006998709447906 -18.89204971393602 15.2
    endloop
  endfacet
  facet normal 0 0 1
    outer loop
      vertex 20.209694696035477 -20.431678587691447 15.2
      vertex 20.140542905084022 -18.319309894686693 15.2
      vertex 20.140542905084022 -20.24794668650566 15.2
    endloop
  endfacet
  facet normal 0 0 1
    outer loop
      vertex 20.290715068971274 -20.61049436125318 15.2
      vertex 20.209694696035477 -18.135577993500906 15.2
      vertex 20.209694696035477 -20.431678587691447 15.2
    endloop
  endfacet
  facet normal 0 0 1
    outer loop
      vertex 20.486924456661704 -20.950338989654984 15.2
      vertex 20.383257082216023 -17.783628290596177 15.2
      vertex 20.383257082216023 -20.783628290596177 15.2
    endloop
  endfacet
  facet normal 0 0 1
    outer loop
      vertex 20.601273272695632 -21.10991257762234 15.2
      vertex 20.486924456661704 -17.61691759153737 15.2
      vertex 20.486924456661704 -20.950338989654984 15.2
    endloop
  endfacet
  facet normal 0 0 1
    outer loop
      vertex 20.290715068971274 -20.61049436125318 15.2
      vertex 20.383257082216023 -20.783628290596177 15.2
      vertex 20.290715068971274 -17.956762219939172 15.2
    endloop
  endfacet
  facet normal 0 0 1
    outer loop
      vertex 20.860012950009697 -21.40494863415582 15.2
      vertex 20.725813871132406 -17.30559084529597 15.2
      vertex 20.725813871132406 -21.261665735896383 15.2
    endloop
  endfacet
  facet normal 0 0 1
    outer loop
      vertex 20.860012950009697 -21.40494863415582 15.2
      vertex 21.003295848269133 -21.53914771303311 15.2
      vertex 20.860012950009697 -17.162307947036535 15.2
    endloop
  endfacet
  facet normal 0 0 1
    outer loop
      vertex 20.601273272695632 -21.10991257762234 15.2
      vertex 20.725813871132406 -21.261665735896383 15.2
      vertex 20.601273272695632 -17.457344003570014 15.2
    endloop
  endfacet
  facet normal 0 0 1
    outer loop
      vertex 21.003295848269133 -21.53914771303311 15.2
      vertex 21.155049006543177 -21.663688311469883 15.2
      vertex 21.003295848269133 -17.028108868159244 15.2
    endloop
  endfacet
  facet normal 0 0 1
    outer loop
      vertex 21.31462259451053 -21.77803712750381 15.2
      vertex 21.155049006543177 -16.90356826972247 15.2
      vertex 21.155049006543177 -21.663688311469883 15.2
    endloop
  endfacet
  facet normal 0 0 1
    outer loop
      vertex 21.31462259451053 -21.77803712750381 15.2
      vertex 21.48133329356934 -21.881704501949493 15.2
      vertex 21.31462259451053 -16.789219453688542 15.2
    endloop
  endfacet
  facet normal 0 0 1
    outer loop
      vertex 21.48133329356934 -21.881704501949493 15.2
      vertex 21.654467222912334 -21.974246515194242 15.2
      vertex 21.48133329356934 -16.68555207924286 15.2
    endloop
  endfacet
  facet normal 0 0 1
    outer loop
      vertex 21.654467222912334 -21.974246515194242 15.2
      vertex 21.83328299647407 -22.055266888130035 15.2
      vertex 21.654467222912334 -16.59301006599811 15.2
    endloop
  endfacet
  facet normal 0 0 1
    outer loop
      vertex 21.83328299647407 -22.055266888130035 15.2
      vertex 22.017014897659855 -22.124418679081494 15.2
      vertex 21.83328299647407 -16.51198969306232 15.2
    endloop
  endfacet
  facet normal 0 0 1
    outer loop
      vertex 20.083555814702134 -20.06008542590374 15.2
      vertex 20.140542905084022 -20.24794668650566 15.2
      vertex 20.083555814702134 -18.507171155288614 15.2
    endloop
  endfacet
  facet normal 0 0 1
    outer loop
      vertex 20.083555814702134 -20.06008542590374 15.2
      vertex 20.083555814702134 -18.507171155288614 15.2
      vertex 20.038977452359646 -18.698357324547793 15.2
    endloop
  endfacet
  facet normal 0 0 1
    outer loop
      vertex 20.140542905084022 -20.24794668650566 15.2
      vertex 20.140542905084022 -18.319309894686693 15.2
      vertex 20.083555814702134 -18.507171155288614 15.2
    endloop
  endfacet
  facet normal 0 0 1
    outer loop
      vertex 20.209694696035477 -20.431678587691447 15.2
      vertex 20.209694696035477 -18.135577993500906 15.2
      vertex 20.140542905084022 -18.319309894686693 15.2
    endloop
  endfacet
  facet normal 0 0 1
    outer loop
      vertex 20.290715068971274 -20.61049436125318 15.2
      vertex 20.290715068971274 -17.956762219939172 15.2
      vertex 20.209694696035477 -18.135577993500906 15.2
    endloop
  endfacet
  facet normal 0 0 1
    outer loop
      vertex 20.383257082216023 -20.783628290596177 15.2
      vertex 20.383257082216023 -17.783628290596177 15.2
      vertex 20.290715068971274 -17.956762219939172 15.2
    endloop
  endfacet
  facet normal 0 0 1
    outer loop
      vertex 20.486924456661704 -20.950338989654984 15.2
      vertex 20.486924456661704 -17.61691759153737 15.2
      vertex 20.383257082216023 -17.783628290596177 15.2
    endloop
  endfacet
  facet normal 0 0 1
    outer loop
      vertex 20.601273272695632 -21.10991257762234 15.2
      vertex 20.601273272695632 -17.457344003570014 15.2
      vertex 20.486924456661704 -17.61691759153737 15.2
    endloop
  endfacet
  facet normal 0 0 1
    outer loop
      vertex 20.725813871132406 -21.261665735896383 15.2
      vertex 20.725813871132406 -17.30559084529597 15.2
      vertex 20.601273272695632 -17.457344003570014 15.2
    endloop
  endfacet
  facet normal 0 0 1
    outer loop
      vertex 20.860012950009697 -21.40494863415582 15.2
      vertex 20.860012950009697 -17.162307947036535 15.2
      vertex 20.725813871132406 -17.30559084529597 15.2
    endloop
  endfacet
  facet normal 0 0 1
    outer loop
      vertex 21.003295848269133 -21.53914771303311 15.2
      vertex 21.003295848269133 -17.028108868159244 15.2
      vertex 20.860012950009697 -17.162307947036535 15.2
    endloop
  endfacet
  facet normal 0 0 1
    outer loop
      vertex 21.155049006543177 -21.663688311469883 15.2
      vertex 21.155049006543177 -16.90356826972247 15.2
      vertex 21.003295848269133 -17.028108868159244 15.2
    endloop
  endfacet
  facet normal 0 0 1
    outer loop
      vertex 21.31462259451053 -21.77803712750381 15.2
      vertex 21.31462259451053 -16.789219453688542 15.2
      vertex 21.155049006543177 -16.90356826972247 15.2
    endloop
  endfacet
  facet normal 0 0 1
    outer loop
      vertex 21.48133329356934 -21.881704501949493 15.2
      vertex 21.48133329356934 -16.68555207924286 15.2
      vertex 21.31462259451053 -16.789219453688542 15.2
    endloop
  endfacet
  facet normal 0 0 1
    outer loop
      vertex 21.654467222912334 -21.974246515194242 15.2
      vertex 21.654467222912334 -16.59301006599811 15.2
      vertex 21.48133329356934 -16.68555207924286 15.2
    endloop
  endfacet
  facet normal 0 0 1
    outer loop
      vertex 21.83328299647407 -22.055266888130035 15.2
      vertex 21.83328299647407 -16.51198969306232 15.2
      vertex 21.654467222912334 -16.59301006599811 15.2
    endloop
  endfacet
  facet normal 0 0 1
    outer loop
      vertex 22.017014897659855 -22.124418679081494 15.2
      vertex 22.017014897659855 -16.44283790211086 15.2
      vertex 21.83328299647407 -16.51198969306232 15.2
    endloop
  endfacet
  facet normal 0 0 1
    outer loop
      vertex 22.204876158261776 -22.18140576946338 15.2
      vertex 22.017014897659855 -16.44283790211086 15.2
      vertex 22.017014897659855 -22.124418679081494 15.2
    endloop
  endfacet
  facet normal 0 0 1
    outer loop
      vertex 22.204876158261776 -22.18140576946338 15.2
      vertex 22.396062327520955 -22.225984131805866 15.2
      vertex 22.204876158261776 -16.38585081172897 15.2
    endloop
  endfacet
  facet normal 0 0 1
    outer loop
      vertex 22.396062327520955 -22.225984131805866 15.2
      vertex 22.589754716909184 -22.257962874717606 15.2
      vertex 22.396062327520955 -16.341272449386487 15.2
    endloop
  endfacet
  facet normal 0 0 1
    outer loop
      vertex 22.589754716909184 -22.257962874717606 15.2
      vertex 22.78512390587891 -22.277205060311985 15.2
      vertex 22.589754716909184 -16.309293706474747 15.2
    endloop
  endfacet
  facet normal 0 0 1
    outer loop
      vertex 22.78512390587891 -22.277205060311985 15.2
      vertex 22.98133329356934 -22.283628290596177 15.2
      vertex 22.78512390587891 -16.29005152088037 15.2
    endloop
  endfacet
  facet normal 0 0 1
    outer loop
      vertex 22.98133329356934 -22.283628290596177 15.2
      vertex 23.17754268125977 -22.277205060311985 15.2
      vertex 22.98133329356934 -16.283628290596177 15.2
    endloop
  endfacet
  facet normal 0 0 1
    outer loop
      vertex 23.17754268125977 -22.277205060311985 15.2
      vertex 23.372911870229494 -22.257962874717606 15.2
      vertex 23.17754268125977 -16.29005152088037 15.2
    endloop
  endfacet
  facet normal 0 0 1
    outer loop
      vertex 23.372911870229494 -22.257962874717606 15.2
      vertex 23.566604259617723 -22.225984131805866 15.2
      vertex 23.372911870229494 -16.309293706474747 15.2
    endloop
  endfacet
  facet normal 0 0 1
    outer loop
      vertex 23.566604259617723 -22.225984131805866 15.2
      vertex 23.757790428876902 -22.18140576946338 15.2
      vertex 23.566604259617723 -16.341272449386487 15.2
    endloop
  endfacet
  facet normal 0 0 1
    outer loop
      vertex 23.757790428876902 -22.18140576946338 15.2
      vertex 23.945651689478822 -22.124418679081494 15.2
      vertex 23.757790428876902 -16.38585081172897 15.2
    endloop
  endfacet
  facet normal 0 0 1
    outer loop
      vertex 22.204876158261776 -22.18140576946338 15.2
      vertex 22.204876158261776 -16.38585081172897 15.2
      vertex 22.017014897659855 -16.44283790211086 15.2
    endloop
  endfacet
  facet normal 0 0 1
    outer loop
      vertex 23.945651689478822 -22.124418679081494 15.2
      vertex 24.12938359066461 -22.055266888130035 15.2
      vertex 23.945651689478822 -16.44283790211086 15.2
    endloop
  endfacet
  facet normal 0 0 1
    outer loop
      vertex 24.12938359066461 -22.055266888130035 15.2
      vertex 24.308199364226343 -21.974246515194242 15.2
      vertex 24.12938359066461 -16.51198969306232 15.2
    endloop
  endfacet
  facet normal 0 0 1
    outer loop
      vertex 24.308199364226343 -21.974246515194242 15.2
      vertex 24.48133329356934 -21.881704501949493 15.2
      vertex 24.308199364226343 -16.59301006599811 15.2
    endloop
  endfacet
  facet normal 0 0 1
    outer loop
      vertex 24.48133329356934 -21.881704501949493 15.2
      vertex 24.648043992628146 -21.77803712750381 15.2
      vertex 24.48133329356934 -16.68555207924286 15.2
    endloop
  endfacet
  facet normal 0 0 1
    outer loop
      vertex 24.648043992628146 -21.77803712750381 15.2
      vertex 24.8076175805955 -21.663688311469883 15.2
      vertex 24.648043992628146 -16.789219453688542 15.2
    endloop
  endfacet
  facet normal 0 0 1
    outer loop
      vertex 24.8076175805955 -21.663688311469883 15.2
      vertex 24.959370738869545 -21.53914771303311 15.2
      vertex 24.8076175805955 -16.90356826972247 15.2
    endloop
  endfacet
  facet normal 0 0 1
    outer loop
      vertex 24.959370738869545 -21.53914771303311 15.2
      vertex 25.10265363712898 -21.40494863415582 15.2
      vertex 24.959370738869545 -17.028108868159244 15.2
    endloop
  endfacet
  facet normal 0 0 1
    outer loop
      vertex 25.10265363712898 -21.40494863415582 15.2
      vertex 25.236852716006272 -21.261665735896383 15.2
      vertex 25.10265363712898 -17.162307947036535 15.2
    endloop
  endfacet
  facet normal 0 0 1
    outer loop
      vertex 25.236852716006272 -21.261665735896383 15.2
      vertex 25.361393314443045 -21.10991257762234 15.2
      vertex 25.236852716006272 -17.30559084529597 15.2
    endloop
  endfacet
  facet normal 0 0 1
    outer loop
      vertex 25.361393314443045 -21.10991257762234 15.2
      vertex 25.475742130476974 -20.950338989654984 15.2
      vertex 25.361393314443045 -17.457344003570014 15.2
    endloop
  endfacet
  facet normal 0 0 1
    outer loop
      vertex 25.475742130476974 -20.950338989654984 15.2
      vertex 25.579409504922655 -20.783628290596177 15.2
      vertex 25.475742130476974 -17.61691759153737 15.2
    endloop
  endfacet
  facet normal 0 0 1
    outer loop
      vertex 25.579409504922655 -20.783628290596177 15.2
      vertex 25.671951518167404 -20.61049436125318 15.2
      vertex 25.579409504922655 -17.783628290596177 15.2
    endloop
  endfacet
  facet normal 0 0 1
    outer loop
      vertex 25.671951518167404 -20.61049436125318 15.2
      vertex 25.7529718911032 -20.431678587691447 15.2
      vertex 25.671951518167404 -17.956762219939172 15.2
    endloop
  endfacet
  facet normal 0 0 1
    outer loop
      vertex 24.12938359066461 -22.055266888130035 15.2
      vertex 24.12938359066461 -16.51198969306232 15.2
      vertex 23.945651689478822 -16.44283790211086 15.2
    endloop
  endfacet
  facet normal 0 0 1
    outer loop
      vertex 24.308199364226343 -21.974246515194242 15.2
      vertex 24.308199364226343 -16.59301006599811 15.2
      vertex 24.12938359066461 -16.51198969306232 15.2
    endloop
  endfacet
  facet normal 0 0 1
    outer loop
      vertex 24.48133329356934 -21.881704501949493 15.2
      vertex 24.48133329356934 -16.68555207924286 15.2
      vertex 24.308199364226343 -16.59301006599811 15.2
    endloop
  endfacet
  facet normal 0 0 1
    outer loop
      vertex 24.648043992628146 -21.77803712750381 15.2
      vertex 24.648043992628146 -16.789219453688542 15.2
      vertex 24.48133329356934 -16.68555207924286 15.2
    endloop
  endfacet
  facet normal 0 0 1
    outer loop
      vertex 24.8076175805955 -21.663688311469883 15.2
      vertex 24.8076175805955 -16.90356826972247 15.2
      vertex 24.648043992628146 -16.789219453688542 15.2
    endloop
  endfacet
  facet normal 0 0 1
    outer loop
      vertex 25.7529718911032 -20.431678587691447 15.2
      vertex 25.822123682054656 -20.24794668650566 15.2
      vertex 25.7529718911032 -18.135577993500906 15.2
    endloop
  endfacet
  facet normal 0 0 1
    outer loop
      vertex 24.959370738869545 -21.53914771303311 15.2
      vertex 24.959370738869545 -17.028108868159244 15.2
      vertex 24.8076175805955 -16.90356826972247 15.2
    endloop
  endfacet
  facet normal 0 0 1
    outer loop
      vertex 25.10265363712898 -21.40494863415582 15.2
      vertex 25.10265363712898 -17.162307947036535 15.2
      vertex 24.959370738869545 -17.028108868159244 15.2
    endloop
  endfacet
  facet normal 0 0 1
    outer loop
      vertex 25.236852716006272 -21.261665735896383 15.2
      vertex 25.236852716006272 -17.30559084529597 15.2
      vertex 25.10265363712898 -17.162307947036535 15.2
    endloop
  endfacet
  facet normal 0 0 1
    outer loop
      vertex 25.361393314443045 -21.10991257762234 15.2
      vertex 25.361393314443045 -17.457344003570014 15.2
      vertex 25.236852716006272 -17.30559084529597 15.2
    endloop
  endfacet
  facet normal 0 0 1
    outer loop
      vertex 25.475742130476974 -20.950338989654984 15.2
      vertex 25.475742130476974 -17.61691759153737 15.2
      vertex 25.361393314443045 -17.457344003570014 15.2
    endloop
  endfacet
  facet normal 0 0 1
    outer loop
      vertex 25.579409504922655 -20.783628290596177 15.2
      vertex 25.579409504922655 -17.783628290596177 15.2
      vertex 25.475742130476974 -17.61691759153737 15.2
    endloop
  endfacet
  facet normal 0 0 1
    outer loop
      vertex 25.822123682054656 -20.24794668650566 15.2
      vertex 25.822123682054656 -18.319309894686693 15.2
      vertex 25.7529718911032 -18.135577993500906 15.2
    endloop
  endfacet
  facet normal 0 0 1
    outer loop
      vertex 25.7529718911032 -20.431678587691447 15.2
      vertex 25.7529718911032 -18.135577993500906 15.2
      vertex 25.671951518167404 -17.956762219939172 15.2
    endloop
  endfacet
  facet normal 0 0 1
    outer loop
      vertex 25.671951518167404 -20.61049436125318 15.2
      vertex 25.671951518167404 -17.956762219939172 15.2
      vertex 25.579409504922655 -17.783628290596177 15.2
    endloop
  endfacet
  facet normal 0 0 1
    outer loop
      vertex 22.396062327520955 -22.225984131805866 15.2
      vertex 22.396062327520955 -16.341272449386487 15.2
      vertex 22.204876158261776 -16.38585081172897 15.2
    endloop
  endfacet
  facet normal 0 0 1
    outer loop
      vertex 22.589754716909184 -22.257962874717606 15.2
      vertex 22.589754716909184 -16.309293706474747 15.2
      vertex 22.396062327520955 -16.341272449386487 15.2
    endloop
  endfacet
  facet normal 0 0 1
    outer loop
      vertex 22.78512390587891 -22.277205060311985 15.2
      vertex 22.78512390587891 -16.29005152088037 15.2
      vertex 22.589754716909184 -16.309293706474747 15.2
    endloop
  endfacet
  facet normal 0 0 1
    outer loop
      vertex 22.98133329356934 -22.283628290596177 15.2
      vertex 22.98133329356934 -16.283628290596177 15.2
      vertex 22.78512390587891 -16.29005152088037 15.2
    endloop
  endfacet
  facet normal 0 0 1
    outer loop
      vertex 23.17754268125977 -22.277205060311985 15.2
      vertex 23.17754268125977 -16.29005152088037 15.2
      vertex 22.98133329356934 -16.283628290596177 15.2
    endloop
  endfacet
  facet normal 0 0 1
    outer loop
      vertex 23.372911870229494 -22.257962874717606 15.2
      vertex 23.372911870229494 -16.309293706474747 15.2
      vertex 23.17754268125977 -16.29005152088037 15.2
    endloop
  endfacet
  facet normal 0 0 1
    outer loop
      vertex 23.566604259617723 -22.225984131805866 15.2
      vertex 23.566604259617723 -16.341272449386487 15.2
      vertex 23.372911870229494 -16.309293706474747 15.2
    endloop
  endfacet
  facet normal 0 0 1
    outer loop
      vertex 23.757790428876902 -22.18140576946338 15.2
      vertex 23.757790428876902 -16.38585081172897 15.2
      vertex 23.566604259617723 -16.341272449386487 15.2
    endloop
  endfacet
  facet normal 0 0 1
    outer loop
      vertex 23.945651689478822 -22.124418679081494 15.2
      vertex 23.945651689478822 -16.44283790211086 15.2
      vertex 23.757790428876902 -16.38585081172897 15.2
    endloop
  endfacet
  facet normal 0 0 1
    outer loop
      vertex 25.822123682054656 -20.24794668650566 15.2
      vertex 25.879110772436544 -20.06008542590374 15.2
      vertex 25.822123682054656 -18.319309894686693 15.2
    endloop
  endfacet
  facet normal 0 0 1
    outer loop
      vertex 25.879110772436544 -20.06008542590374 15.2
      vertex 25.923689134779032 -19.86889925664456 15.2
      vertex 25.879110772436544 -18.507171155288614 15.2
    endloop
  endfacet
  facet normal 0 0 1
    outer loop
      vertex 25.923689134779032 -19.86889925664456 15.2
      vertex 25.95566787769077 -19.675206867256332 15.2
      vertex 25.923689134779032 -18.698357324547793 15.2
    endloop
  endfacet
  facet normal 0 0 1
    outer loop
      vertex 25.95566787769077 -19.675206867256332 15.2
      vertex 25.97491006328515 -19.479837678286607 15.2
      vertex 25.95566787769077 -18.89204971393602 15.2
    endloop
  endfacet
  facet normal 0 0 1
    outer loop
      vertex 25.97491006328515 -19.479837678286607 15.2
      vertex 25.98133329356934 -19.283628290596177 15.2
      vertex 25.97491006328515 -19.087418902905746 15.2
    endloop
  endfacet
  facet normal 0 0 1
    outer loop
      vertex 25.97491006328515 -19.479837678286607 15.2
      vertex 25.97491006328515 -19.087418902905746 15.2
      vertex 25.95566787769077 -18.89204971393602 15.2
    endloop
  endfacet
  facet normal 0 0 1
    outer loop
      vertex 25.923689134779032 -19.86889925664456 15.2
      vertex 25.923689134779032 -18.698357324547793 15.2
      vertex 25.879110772436544 -18.507171155288614 15.2
    endloop
  endfacet
  facet normal 0 0 1
    outer loop
      vertex 25.95566787769077 -19.675206867256332 15.2
      vertex 25.95566787769077 -18.89204971393602 15.2
      vertex 25.923689134779032 -18.698357324547793 15.2
    endloop
  endfacet
  facet normal 0 0 1
    outer loop
      vertex 25.879110772436544 -20.06008542590374 15.2
      vertex 25.879110772436544 -18.507171155288614 15.2
      vertex 25.822123682054656 -18.319309894686693 15.2
    endloop
  endfacet
  facet normal 0.7298640726978367 0.6835923020228704 0
    outer loop
      vertex -2.8284271247461903 -2.8284271247461903 0
      vertex -3.0073592299159095 -2.6373832604002754 0
      vertex -3.0073592299159095 -2.6373832604002754 7.4
    endloop
  endfacet
  facet normal 0.5280678506503677 0.849202181526579 0
    outer loop
      vertex -2.2222809320784087 -3.325878449210181 0
      vertex -2.2222809320784087 -3.325878449210181 7.4
      vertex -2 -3.4641016151377544 0
    endloop
  endfacet
  facet normal 0.6343932841636459 0.7730104533627367 0
    outer loop
      vertex -2.6373832604002754 -3.0073592299159095 0
      vertex -2.6373832604002754 -3.0073592299159095 7.4
      vertex -2.4350457160348826 -3.1734133611649407 0
    endloop
  endfacet
  facet normal 0.6835923020228704 0.7298640726978367 0
    outer loop
      vertex -2.6373832604002754 -3.0073592299159095 0
      vertex -2.8284271247461903 -2.8284271247461903 0
      vertex -2.8284271247461903 -2.8284271247461903 7.4
    endloop
  endfacet
  facet normal 0.5824776968678017 0.8128466845916155 0
    outer loop
      vertex -2.4350457160348826 -3.1734133611649407 0
      vertex -2.4350457160348826 -3.1734133611649407 7.4
      vertex -2.2222809320784087 -3.325878449210181 0
    endloop
  endfacet
  facet normal 0.41270702980439505 0.9108638249211757 0
    outer loop
      vertex -1.7691547608760052 -3.587490966130753 0
      vertex -1.7691547608760052 -3.587490966130753 7.4
      vertex -1.5307337294603591 -3.695518130045147 0
    endloop
  endfacet
  facet normal 0.47139673682599775 0.8819212643483549 0
    outer loop
      vertex -2 -3.4641016151377544 0
      vertex -2 -3.4641016151377544 7.4
      vertex -1.7691547608760052 -3.587490966130753 0
    endloop
  endfacet
  facet normal 0.35225004792123404 0.9359059267573254 0
    outer loop
      vertex -1.2857578612126463 -3.7877205179804228 0
      vertex -1.5307337294603591 -3.695518130045147 0
      vertex -1.5307337294603591 -3.695518130045147 7.4
    endloop
  endfacet
  facet normal 0.2902846772544623 0.9569403357322089 0
    outer loop
      vertex -1.2857578612126463 -3.7877205179804228 0
      vertex -1.2857578612126463 -3.7877205179804228 7.4
      vertex -1.035276180410083 -3.8637033051562732 0
    endloop
  endfacet
  facet normal 0.849202181526579 0.5280678506503677 0
    outer loop
      vertex -3.4641016151377544 -2 0
      vertex -3.4641016151377544 -2 7.4
      vertex -3.325878449210181 -2.2222809320784087 0
    endloop
  endfacet
  facet normal 0.8128466845916155 0.5824776968678017 0
    outer loop
      vertex -3.1734133611649407 -2.4350457160348826 0
      vertex -3.325878449210181 -2.2222809320784087 0
      vertex -3.325878449210181 -2.2222809320784087 7.4
    endloop
  endfacet
  facet normal 0.7730104533627367 0.6343932841636459 0
    outer loop
      vertex -3.0073592299159095 -2.6373832604002754 0
      vertex -3.1734133611649407 -2.4350457160348826 0
      vertex -3.1734133611649407 -2.4350457160348826 7.4
    endloop
  endfacet
  facet normal 0.8819212643483549 0.47139673682599775 0
    outer loop
      vertex -3.4641016151377544 -2 0
      vertex -3.587490966130753 -1.7691547608760052 0
      vertex -3.587490966130753 -1.7691547608760052 7.4
    endloop
  endfacet
  facet normal 0.9108638249211757 0.41270702980439505 0
    outer loop
      vertex -3.695518130045147 -1.5307337294603591 0
      vertex -3.695518130045147 -1.5307337294603591 7.4
      vertex -3.587490966130753 -1.7691547608760052 0
    endloop
  endfacet
  facet normal 0.9359059267573254 0.35225004792123404 0
    outer loop
      vertex -3.695518130045147 -1.5307337294603591 0
      vertex -3.7877205179804228 -1.2857578612126463 0
      vertex -3.7877205179804228 -1.2857578612126463 7.4
    endloop
  endfacet
  facet normal 0.9738769792773339 0.2270762630343726 0
    outer loop
      vertex -3.8637033051562732 -1.035276180410083 0
      vertex -3.9231411216129217 -0.780361288064513 0
      vertex -3.9231411216129217 -0.780361288064513 7.4
    endloop
  endfacet
  facet normal 0.9866433320848791 0.1628954733945886 0
    outer loop
      vertex -3.9231411216129217 -0.780361288064513 0
      vertex -3.9657794454952415 -0.5221047688802063 0
      vertex -3.9657794454952415 -0.5221047688802063 7.4
    endloop
  endfacet
  facet normal 0.9951847266721968 0.09801714032956063 0
    outer loop
      vertex -3.9657794454952415 -0.5221047688802063 0
      vertex -3.991435692954414 -0.26161251692057225 0
      vertex -3.991435692954414 -0.26161251692057225 7.4
    endloop
  endfacet
  facet normal 0.9994645874763656 0.03271908282177657 0
    outer loop
      vertex -3.991435692954414 -0.26161251692057225 0
      vertex -4 0 0
      vertex -4 0 7.4
    endloop
  endfacet
  facet normal 0.9569403357322089 0.2902846772544623 0
    outer loop
      vertex -3.7877205179804228 -1.2857578612126463 0
      vertex -3.8637033051562732 -1.035276180410083 0
      vertex -3.8637033051562732 -1.035276180410083 7.4
    endloop
  endfacet
  facet normal 0.1628954733945886 0.9866433320848791 0
    outer loop
      vertex -0.780361288064513 -3.9231411216129217 0
      vertex -0.780361288064513 -3.9231411216129217 7.4
      vertex -0.5221047688802063 -3.9657794454952415 0
    endloop
  endfacet
  facet normal 0.09801714032956063 0.9951847266721968 0
    outer loop
      vertex -0.5221047688802063 -3.9657794454952415 0
      vertex -0.5221047688802063 -3.9657794454952415 7.4
      vertex -0.26161251692057225 -3.991435692954414 0
    endloop
  endfacet
  facet normal 0.03271908282177657 0.9994645874763656 0
    outer loop
      vertex -0.26161251692057225 -3.991435692954414 0
      vertex -0.26161251692057225 -3.991435692954414 7.4
      vertex 0 -4 0
    endloop
  endfacet
  facet normal -0.03271908282177657 0.9994645874763656 0
    outer loop
      vertex 0 -4 0
      vertex 0 -4 7.4
      vertex 0.26161251692057225 -3.991435692954414 0
    endloop
  endfacet
  facet normal -0.09801714032956063 0.9951847266721968 0
    outer loop
      vertex 0.26161251692057225 -3.991435692954414 0
      vertex 0.26161251692057225 -3.991435692954414 7.4
      vertex 0.5221047688802063 -3.9657794454952415 0
    endloop
  endfacet
  facet normal -0.1628954733945886 0.9866433320848791 0
    outer loop
      vertex 0.5221047688802063 -3.9657794454952415 0
      vertex 0.5221047688802063 -3.9657794454952415 7.4
      vertex 0.780361288064513 -3.9231411216129217 0
    endloop
  endfacet
  facet normal 0.2270762630343726 0.9738769792773339 0
    outer loop
      vertex -1.035276180410083 -3.8637033051562732 0
      vertex -1.035276180410083 -3.8637033051562732 7.4
      vertex -0.780361288064513 -3.9231411216129217 0
    endloop
  endfacet
  facet normal -0.2270762630343726 0.9738769792773339 0
    outer loop
      vertex 0.780361288064513 -3.9231411216129217 0
      vertex 0.780361288064513 -3.9231411216129217 7.4
      vertex 1.035276180410083 -3.8637033051562732 0
    endloop
  endfacet
  facet normal -0.2902846772544623 0.9569403357322089 0
    outer loop
      vertex 1.035276180410083 -3.8637033051562732 0
      vertex 1.035276180410083 -3.8637033051562732 7.4
      vertex 1.2857578612126463 -3.7877205179804228 0
    endloop
  endfacet
  facet normal -0.35225004792123404 0.9359059267573254 0
    outer loop
      vertex 1.2857578612126463 -3.7877205179804228 0
      vertex 1.2857578612126463 -3.7877205179804228 7.4
      vertex 1.5307337294603591 -3.695518130045147 0
    endloop
  endfacet
  facet normal -0.41270702980439505 0.9108638249211757 0
    outer loop
      vertex 1.5307337294603591 -3.695518130045147 0
      vertex 1.5307337294603591 -3.695518130045147 7.4
      vertex 1.7691547608760052 -3.587490966130753 0
    endloop
  endfacet
  facet normal -0.47139673682599775 0.8819212643483549 0
    outer loop
      vertex 1.7691547608760052 -3.587490966130753 0
      vertex 1.7691547608760052 -3.587490966130753 7.4
      vertex 2 -3.4641016151377544 0
    endloop
  endfacet
  facet normal -0.5280678506503677 0.849202181526579 0
    outer loop
      vertex 2 -3.4641016151377544 0
      vertex 2 -3.4641016151377544 7.4
      vertex 2.2222809320784087 -3.325878449210181 0
    endloop
  endfacet
  facet normal -0.5824776968678017 0.8128466845916155 0
    outer loop
      vertex 2.2222809320784087 -3.325878449210181 0
      vertex 2.2222809320784087 -3.325878449210181 7.4
      vertex 2.4350457160348826 -3.1734133611649407 0
    endloop
  endfacet
  facet normal -0.6343932841636459 0.7730104533627367 0
    outer loop
      vertex 2.4350457160348826 -3.1734133611649407 0
      vertex 2.4350457160348826 -3.1734133611649407 7.4
      vertex 2.6373832604002754 -3.0073592299159095 0
    endloop
  endfacet
  facet normal -0.6835923020228704 0.7298640726978367 0
    outer loop
      vertex 2.6373832604002754 -3.0073592299159095 0
      vertex 2.6373832604002754 -3.0073592299159095 7.4
      vertex 2.8284271247461903 -2.8284271247461903 0
    endloop
  endfacet
  facet normal -0.7298640726978367 0.6835923020228704 0
    outer loop
      vertex 2.8284271247461903 -2.8284271247461903 0
      vertex 2.8284271247461903 -2.8284271247461903 7.4
      vertex 3.0073592299159095 -2.6373832604002754 0
    endloop
  endfacet
  facet normal -0.7730104533627367 0.6343932841636459 0
    outer loop
      vertex 3.0073592299159095 -2.6373832604002754 0
      vertex 3.0073592299159095 -2.6373832604002754 7.4
      vertex 3.1734133611649407 -2.4350457160348826 0
    endloop
  endfacet
  facet normal -0.8128466845916155 0.5824776968678017 0
    outer loop
      vertex 3.1734133611649407 -2.4350457160348826 0
      vertex 3.1734133611649407 -2.4350457160348826 7.4
      vertex 3.325878449210181 -2.2222809320784087 0
    endloop
  endfacet
  facet normal -0.849202181526579 0.5280678506503677 0
    outer loop
      vertex 3.325878449210181 -2.2222809320784087 0
      vertex 3.325878449210181 -2.2222809320784087 7.4
      vertex 3.4641016151377544 -2 0
    endloop
  endfacet
  facet normal -0.8819212643483549 0.47139673682599775 0
    outer loop
      vertex 3.4641016151377544 -2 0
      vertex 3.4641016151377544 -2 7.4
      vertex 3.587490966130753 -1.7691547608760052 0
    endloop
  endfacet
  facet normal -0.9108638249211757 0.41270702980439505 0
    outer loop
      vertex 3.587490966130753 -1.7691547608760052 0
      vertex 3.587490966130753 -1.7691547608760052 7.4
      vertex 3.695518130045147 -1.5307337294603591 0
    endloop
  endfacet
  facet normal -0.9359059267573254 0.35225004792123404 0
    outer loop
      vertex 3.695518130045147 -1.5307337294603591 0
      vertex 3.695518130045147 -1.5307337294603591 7.4
      vertex 3.7877205179804228 -1.2857578612126463 0
    endloop
  endfacet
  facet normal -0.9569403357322089 0.2902846772544623 0
    outer loop
      vertex 3.7877205179804228 -1.2857578612126463 0
      vertex 3.7877205179804228 -1.2857578612126463 7.4
      vertex 3.8637033051562732 -1.035276180410083 0
    endloop
  endfacet
  facet normal -0.9738769792773339 0.2270762630343726 0
    outer loop
      vertex 3.8637033051562732 -1.035276180410083 0
      vertex 3.8637033051562732 -1.035276180410083 7.4
      vertex 3.9231411216129217 -0.780361288064513 0
    endloop
  endfacet
  facet normal -0.9866433320848791 0.1628954733945886 0
    outer loop
      vertex 3.9231411216129217 -0.780361288064513 0
      vertex 3.9231411216129217 -0.780361288064513 7.4
      vertex 3.9657794454952415 -0.5221047688802063 0
    endloop
  endfacet
  facet normal -0.9951847266721968 0.09801714032956063 0
    outer loop
      vertex 3.9657794454952415 -0.5221047688802063 0
      vertex 3.9657794454952415 -0.5221047688802063 7.4
      vertex 3.991435692954414 -0.26161251692057225 0
    endloop
  endfacet
  facet normal -0.9994645874763656 0.03271908282177657 0
    outer loop
      vertex 3.991435692954414 -0.26161251692057225 0
      vertex 3.991435692954414 -0.26161251692057225 7.4
      vertex 4 0 0
    endloop
  endfacet
  facet normal 0.5824776968678017 0.8128466845916155 0
    outer loop
      vertex -2.2222809320784087 -3.325878449210181 0
      vertex -2.4350457160348826 -3.1734133611649407 7.4
      vertex -2.2222809320784087 -3.325878449210181 7.4
    endloop
  endfacet
  facet normal 0.5280678506503677 0.849202181526579 0
    outer loop
      vertex -2 -3.4641016151377544 0
      vertex -2.2222809320784087 -3.325878449210181 7.4
      vertex -2 -3.4641016151377544 7.4
    endloop
  endfacet
  facet normal 0.6835923020228704 0.7298640726978367 0
    outer loop
      vertex -2.6373832604002754 -3.0073592299159095 0
      vertex -2.8284271247461903 -2.8284271247461903 7.4
      vertex -2.6373832604002754 -3.0073592299159095 7.4
    endloop
  endfacet
  facet normal 0.6343932841636459 0.7730104533627367 0
    outer loop
      vertex -2.4350457160348826 -3.1734133611649407 0
      vertex -2.6373832604002754 -3.0073592299159095 7.4
      vertex -2.4350457160348826 -3.1734133611649407 7.4
    endloop
  endfacet
  facet normal 0.7298640726978367 0.6835923020228704 0
    outer loop
      vertex -2.8284271247461903 -2.8284271247461903 0
      vertex -3.0073592299159095 -2.6373832604002754 7.4
      vertex -2.8284271247461903 -2.8284271247461903 7.4
    endloop
  endfacet
  facet normal 0.41270702980439505 0.9108638249211757 0
    outer loop
      vertex -1.5307337294603591 -3.695518130045147 0
      vertex -1.7691547608760052 -3.587490966130753 7.4
      vertex -1.5307337294603591 -3.695518130045147 7.4
    endloop
  endfacet
  facet normal 0.47139673682599775 0.8819212643483549 0
    outer loop
      vertex -1.7691547608760052 -3.587490966130753 0
      vertex -2 -3.4641016151377544 7.4
      vertex -1.7691547608760052 -3.587490966130753 7.4
    endloop
  endfacet
  facet normal 0.35225004792123404 0.9359059267573254 0
    outer loop
      vertex -1.2857578612126463 -3.7877205179804228 0
      vertex -1.5307337294603591 -3.695518130045147 7.4
      vertex -1.2857578612126463 -3.7877205179804228 7.4
    endloop
  endfacet
  facet normal 0.2902846772544623 0.9569403357322089 0
    outer loop
      vertex -1.035276180410083 -3.8637033051562732 0
      vertex -1.2857578612126463 -3.7877205179804228 7.4
      vertex -1.035276180410083 -3.8637033051562732 7.4
    endloop
  endfacet
  facet normal 0.8128466845916155 0.5824776968678017 0
    outer loop
      vertex -3.1734133611649407 -2.4350457160348826 0
      vertex -3.325878449210181 -2.2222809320784087 7.4
      vertex -3.1734133611649407 -2.4350457160348826 7.4
    endloop
  endfacet
  facet normal 0.7730104533627367 0.6343932841636459 0
    outer loop
      vertex -3.0073592299159095 -2.6373832604002754 0
      vertex -3.1734133611649407 -2.4350457160348826 7.4
      vertex -3.0073592299159095 -2.6373832604002754 7.4
    endloop
  endfacet
  facet normal 0.849202181526579 0.5280678506503677 0
    outer loop
      vertex -3.325878449210181 -2.2222809320784087 0
      vertex -3.4641016151377544 -2 7.4
      vertex -3.325878449210181 -2.2222809320784087 7.4
    endloop
  endfacet
  facet normal 0.8819212643483549 0.47139673682599775 0
    outer loop
      vertex -3.4641016151377544 -2 0
      vertex -3.587490966130753 -1.7691547608760052 7.4
      vertex -3.4641016151377544 -2 7.4
    endloop
  endfacet
  facet normal 0.9108638249211757 0.41270702980439505 0
    outer loop
      vertex -3.587490966130753 -1.7691547608760052 0
      vertex -3.695518130045147 -1.5307337294603591 7.4
      vertex -3.587490966130753 -1.7691547608760052 7.4
    endloop
  endfacet
  facet normal 0.9359059267573254 0.35225004792123404 0
    outer loop
      vertex -3.695518130045147 -1.5307337294603591 0
      vertex -3.7877205179804228 -1.2857578612126463 7.4
      vertex -3.695518130045147 -1.5307337294603591 7.4
    endloop
  endfacet
  facet normal 0.9738769792773339 0.2270762630343726 0
    outer loop
      vertex -3.8637033051562732 -1.035276180410083 0
      vertex -3.9231411216129217 -0.780361288064513 7.4
      vertex -3.8637033051562732 -1.035276180410083 7.4
    endloop
  endfacet
  facet normal 0.9866433320848791 0.1628954733945886 0
    outer loop
      vertex -3.9231411216129217 -0.780361288064513 0
      vertex -3.9657794454952415 -0.5221047688802063 7.4
      vertex -3.9231411216129217 -0.780361288064513 7.4
    endloop
  endfacet
  facet normal 0.9951847266721968 0.09801714032956063 0
    outer loop
      vertex -3.9657794454952415 -0.5221047688802063 0
      vertex -3.991435692954414 -0.26161251692057225 7.4
      vertex -3.9657794454952415 -0.5221047688802063 7.4
    endloop
  endfacet
  facet normal 0.9994645874763656 0.03271908282177657 0
    outer loop
      vertex -3.991435692954414 -0.26161251692057225 0
      vertex -4 0 7.4
      vertex -3.991435692954414 -0.26161251692057225 7.4
    endloop
  endfacet
  facet normal 0.9569403357322089 0.2902846772544623 0
    outer loop
      vertex -3.7877205179804228 -1.2857578612126463 0
      vertex -3.8637033051562732 -1.035276180410083 7.4
      vertex -3.7877205179804228 -1.2857578612126463 7.4
    endloop
  endfacet
  facet normal 0.1628954733945886 0.9866433320848791 0
    outer loop
      vertex -0.5221047688802063 -3.9657794454952415 0
      vertex -0.780361288064513 -3.9231411216129217 7.4
      vertex -0.5221047688802063 -3.9657794454952415 7.4
    endloop
  endfacet
  facet normal 0.09801714032956063 0.9951847266721968 0
    outer loop
      vertex -0.26161251692057225 -3.991435692954414 0
      vertex -0.5221047688802063 -3.9657794454952415 7.4
      vertex -0.26161251692057225 -3.991435692954414 7.4
    endloop
  endfacet
  facet normal 0.03271908282177657 0.9994645874763656 0
    outer loop
      vertex 0 -4 0
      vertex -0.26161251692057225 -3.991435692954414 7.4
      vertex 0 -4 7.4
    endloop
  endfacet
  facet normal -0.03271908282177657 0.9994645874763656 0
    outer loop
      vertex 0.26161251692057225 -3.991435692954414 0
      vertex 0 -4 7.4
      vertex 0.26161251692057225 -3.991435692954414 7.4
    endloop
  endfacet
  facet normal -0.09801714032956063 0.9951847266721968 0
    outer loop
      vertex 0.5221047688802063 -3.9657794454952415 0
      vertex 0.26161251692057225 -3.991435692954414 7.4
      vertex 0.5221047688802063 -3.9657794454952415 7.4
    endloop
  endfacet
  facet normal -0.1628954733945886 0.9866433320848791 0
    outer loop
      vertex 0.780361288064513 -3.9231411216129217 0
      vertex 0.5221047688802063 -3.9657794454952415 7.4
      vertex 0.780361288064513 -3.9231411216129217 7.4
    endloop
  endfacet
  facet normal 0.2270762630343726 0.9738769792773339 0
    outer loop
      vertex -0.780361288064513 -3.9231411216129217 0
      vertex -1.035276180410083 -3.8637033051562732 7.4
      vertex -0.780361288064513 -3.9231411216129217 7.4
    endloop
  endfacet
  facet normal -0.2270762630343726 0.9738769792773339 0
    outer loop
      vertex 1.035276180410083 -3.8637033051562732 0
      vertex 0.780361288064513 -3.9231411216129217 7.4
      vertex 1.035276180410083 -3.8637033051562732 7.4
    endloop
  endfacet
  facet normal -0.2902846772544623 0.9569403357322089 0
    outer loop
      vertex 1.035276180410083 -3.8637033051562732 7.4
      vertex 1.2857578612126463 -3.7877205179804228 7.4
      vertex 1.2857578612126463 -3.7877205179804228 0
    endloop
  endfacet
  facet normal -0.35225004792123404 0.9359059267573254 0
    outer loop
      vertex 1.5307337294603591 -3.695518130045147 0
      vertex 1.2857578612126463 -3.7877205179804228 7.4
      vertex 1.5307337294603591 -3.695518130045147 7.4
    endloop
  endfacet
  facet normal -0.41270702980439505 0.9108638249211757 0
    outer loop
      vertex 1.7691547608760052 -3.587490966130753 0
      vertex 1.5307337294603591 -3.695518130045147 7.4
      vertex 1.7691547608760052 -3.587490966130753 7.4
    endloop
  endfacet
  facet normal -0.47139673682599775 0.8819212643483549 0
    outer loop
      vertex 2 -3.4641016151377544 0
      vertex 1.7691547608760052 -3.587490966130753 7.4
      vertex 2 -3.4641016151377544 7.4
    endloop
  endfacet
  facet normal -0.5280678506503677 0.849202181526579 0
    outer loop
      vertex 2.2222809320784087 -3.325878449210181 0
      vertex 2 -3.4641016151377544 7.4
      vertex 2.2222809320784087 -3.325878449210181 7.4
    endloop
  endfacet
  facet normal -0.5824776968678017 0.8128466845916155 0
    outer loop
      vertex 2.4350457160348826 -3.1734133611649407 0
      vertex 2.2222809320784087 -3.325878449210181 7.4
      vertex 2.4350457160348826 -3.1734133611649407 7.4
    endloop
  endfacet
  facet normal -0.6343932841636459 0.7730104533627367 0
    outer loop
      vertex 2.6373832604002754 -3.0073592299159095 0
      vertex 2.4350457160348826 -3.1734133611649407 7.4
      vertex 2.6373832604002754 -3.0073592299159095 7.4
    endloop
  endfacet
  facet normal -0.6835923020228704 0.7298640726978367 0
    outer loop
      vertex 2.8284271247461903 -2.8284271247461903 0
      vertex 2.6373832604002754 -3.0073592299159095 7.4
      vertex 2.8284271247461903 -2.8284271247461903 7.4
    endloop
  endfacet
  facet normal -0.7298640726978367 0.6835923020228704 0
    outer loop
      vertex 3.0073592299159095 -2.6373832604002754 0
      vertex 2.8284271247461903 -2.8284271247461903 7.4
      vertex 3.0073592299159095 -2.6373832604002754 7.4
    endloop
  endfacet
  facet normal -0.7730104533627367 0.6343932841636459 0
    outer loop
      vertex 3.1734133611649407 -2.4350457160348826 0
      vertex 3.0073592299159095 -2.6373832604002754 7.4
      vertex 3.1734133611649407 -2.4350457160348826 7.4
    endloop
  endfacet
  facet normal -0.8128466845916155 0.5824776968678017 0
    outer loop
      vertex 3.325878449210181 -2.2222809320784087 0
      vertex 3.1734133611649407 -2.4350457160348826 7.4
      vertex 3.325878449210181 -2.2222809320784087 7.4
    endloop
  endfacet
  facet normal -0.849202181526579 0.5280678506503677 0
    outer loop
      vertex 3.4641016151377544 -2 0
      vertex 3.325878449210181 -2.2222809320784087 7.4
      vertex 3.4641016151377544 -2 7.4
    endloop
  endfacet
  facet normal -0.8819212643483549 0.47139673682599775 0
    outer loop
      vertex 3.587490966130753 -1.7691547608760052 0
      vertex 3.4641016151377544 -2 7.4
      vertex 3.587490966130753 -1.7691547608760052 7.4
    endloop
  endfacet
  facet normal -0.9108638249211757 0.41270702980439505 0
    outer loop
      vertex 3.695518130045147 -1.5307337294603591 0
      vertex 3.587490966130753 -1.7691547608760052 7.4
      vertex 3.695518130045147 -1.5307337294603591 7.4
    endloop
  endfacet
  facet normal -0.9359059267573254 0.35225004792123404 0
    outer loop
      vertex 3.7877205179804228 -1.2857578612126463 0
      vertex 3.695518130045147 -1.5307337294603591 7.4
      vertex 3.7877205179804228 -1.2857578612126463 7.4
    endloop
  endfacet
  facet normal -0.9569403357322089 0.2902846772544623 0
    outer loop
      vertex 3.8637033051562732 -1.035276180410083 0
      vertex 3.7877205179804228 -1.2857578612126463 7.4
      vertex 3.8637033051562732 -1.035276180410083 7.4
    endloop
  endfacet
  facet normal -0.9738769792773339 0.2270762630343726 0
    outer loop
      vertex 3.9231411216129217 -0.780361288064513 0
      vertex 3.8637033051562732 -1.035276180410083 7.4
      vertex 3.9231411216129217 -0.780361288064513 7.4
    endloop
  endfacet
  facet normal -0.9866433320848791 0.1628954733945886 0
    outer loop
      vertex 3.9657794454952415 -0.5221047688802063 0
      vertex 3.9231411216129217 -0.780361288064513 7.4
      vertex 3.9657794454952415 -0.5221047688802063 7.4
    endloop
  endfacet
  facet normal -0.9951847266721968 0.09801714032956063 0
    outer loop
      vertex 3.991435692954414 -0.26161251692057225 0
      vertex 3.9657794454952415 -0.5221047688802063 7.4
      vertex 3.991435692954414 -0.26161251692057225 7.4
    endloop
  endfacet
  facet normal -0.9994645874763656 0.03271908282177657 0
    outer loop
      vertex 3.991435692954414 -0.26161251692057225 7.4
      vertex 4 0 7.4
      vertex 4 0 0
    endloop
  endfacet
  facet normal 0.9994645874763656 -0.03271908282177657 0
    outer loop
      vertex -4 0 0
      vertex -3.991435692954414 0.26161251692057225 0
      vertex -3.991435692954414 0.26161251692057225 7.4
    endloop
  endfacet
  facet normal 0.9951847266721968 -0.09801714032956063 0
    outer loop
      vertex -3.991435692954414 0.26161251692057225 0
      vertex -3.9657794454952415 0.5221047688802063 0
      vertex -3.9657794454952415 0.5221047688802063 7.4
    endloop
  endfacet
  facet normal 0.9866433320848791 -0.1628954733945886 0
    outer loop
      vertex -3.9657794454952415 0.5221047688802063 0
      vertex -3.9231411216129217 0.780361288064513 0
      vertex -3.9231411216129217 0.780361288064513 7.4
    endloop
  endfacet
  facet normal 0.9738769792773339 -0.2270762630343726 0
    outer loop
      vertex -3.9231411216129217 0.780361288064513 0
      vertex -3.8637033051562732 1.035276180410083 0
      vertex -3.8637033051562732 1.035276180410083 7.4
    endloop
  endfacet
  facet normal 0.9569403357322089 -0.2902846772544623 0
    outer loop
      vertex -3.8637033051562732 1.035276180410083 0
      vertex -3.7877205179804228 1.2857578612126463 0
      vertex -3.7877205179804228 1.2857578612126463 7.4
    endloop
  endfacet
  facet normal 0.9359059267573254 -0.35225004792123404 0
    outer loop
      vertex -3.7877205179804228 1.2857578612126463 0
      vertex -3.695518130045147 1.5307337294603591 0
      vertex -3.695518130045147 1.5307337294603591 7.4
    endloop
  endfacet
  facet normal 0.9108638249211757 -0.41270702980439505 0
    outer loop
      vertex -3.695518130045147 1.5307337294603591 0
      vertex -3.587490966130753 1.7691547608760052 0
      vertex -3.587490966130753 1.7691547608760052 7.4
    endloop
  endfacet
  facet normal 0.8819212643483549 -0.47139673682599775 0
    outer loop
      vertex -3.587490966130753 1.7691547608760052 0
      vertex -3.4641016151377544 2 0
      vertex -3.4641016151377544 2 7.4
    endloop
  endfacet
  facet normal 0.849202181526579 -0.5280678506503677 0
    outer loop
      vertex -3.4641016151377544 2 0
      vertex -3.325878449210181 2.2222809320784087 0
      vertex -3.325878449210181 2.2222809320784087 7.4
    endloop
  endfacet
  facet normal 0.8128466845916155 -0.5824776968678017 0
    outer loop
      vertex -3.325878449210181 2.2222809320784087 0
      vertex -3.1734133611649407 2.4350457160348826 0
      vertex -3.1734133611649407 2.4350457160348826 7.4
    endloop
  endfacet
  facet normal 0.7730104533627367 -0.6343932841636459 0
    outer loop
      vertex -3.1734133611649407 2.4350457160348826 0
      vertex -3.0073592299159095 2.6373832604002754 0
      vertex -3.0073592299159095 2.6373832604002754 7.4
    endloop
  endfacet
  facet normal 0.7298640726978367 -0.6835923020228704 0
    outer loop
      vertex -3.0073592299159095 2.6373832604002754 0
      vertex -2.8284271247461903 2.8284271247461903 0
      vertex -2.8284271247461903 2.8284271247461903 7.4
    endloop
  endfacet
  facet normal 0.6835923020228704 -0.7298640726978367 0
    outer loop
      vertex -2.8284271247461903 2.8284271247461903 0
      vertex -2.6373832604002754 3.0073592299159095 0
      vertex -2.6373832604002754 3.0073592299159095 7.4
    endloop
  endfacet
  facet normal 0.6343932841636459 -0.7730104533627367 0
    outer loop
      vertex -2.6373832604002754 3.0073592299159095 0
      vertex -2.4350457160348826 3.1734133611649407 0
      vertex -2.4350457160348826 3.1734133611649407 7.4
    endloop
  endfacet
  facet normal 0.5824776968678017 -0.8128466845916155 0
    outer loop
      vertex -2.4350457160348826 3.1734133611649407 0
      vertex -2.2222809320784087 3.325878449210181 0
      vertex -2.2222809320784087 3.325878449210181 7.4
    endloop
  endfacet
  facet normal 0.5280678506503677 -0.849202181526579 0
    outer loop
      vertex -2.2222809320784087 3.325878449210181 0
      vertex -2 3.4641016151377544 0
      vertex -2 3.4641016151377544 7.4
    endloop
  endfacet
  facet normal 0.47139673682599775 -0.8819212643483549 0
    outer loop
      vertex -2 3.4641016151377544 0
      vertex -1.7691547608760052 3.587490966130753 0
      vertex -1.7691547608760052 3.587490966130753 7.4
    endloop
  endfacet
  facet normal 0.41270702980439505 -0.9108638249211757 0
    outer loop
      vertex -1.7691547608760052 3.587490966130753 0
      vertex -1.5307337294603591 3.695518130045147 0
      vertex -1.5307337294603591 3.695518130045147 7.4
    endloop
  endfacet
  facet normal 0.35225004792123404 -0.9359059267573254 0
    outer loop
      vertex -1.5307337294603591 3.695518130045147 0
      vertex -1.2857578612126463 3.7877205179804228 0
      vertex -1.2857578612126463 3.7877205179804228 7.4
    endloop
  endfacet
  facet normal 0.2902846772544623 -0.9569403357322089 0
    outer loop
      vertex -1.2857578612126463 3.7877205179804228 0
      vertex -1.035276180410083 3.8637033051562732 0
      vertex -1.035276180410083 3.8637033051562732 7.4
    endloop
  endfacet
  facet normal 0.2270762630343726 -0.9738769792773339 0
    outer loop
      vertex -1.035276180410083 3.8637033051562732 0
      vertex -0.780361288064513 3.9231411216129217 0
      vertex -0.780361288064513 3.9231411216129217 7.4
    endloop
  endfacet
  facet normal 0.1628954733945886 -0.9866433320848791 0
    outer loop
      vertex -0.780361288064513 3.9231411216129217 0
      vertex -0.5221047688802063 3.9657794454952415 0
      vertex -0.5221047688802063 3.9657794454952415 7.4
    endloop
  endfacet
  facet normal 0.09801714032956063 -0.9951847266721968 0
    outer loop
      vertex -0.5221047688802063 3.9657794454952415 0
      vertex -0.26161251692057225 3.991435692954414 0
      vertex -0.26161251692057225 3.991435692954414 7.4
    endloop
  endfacet
  facet normal 0.03271908282177657 -0.9994645874763656 0
    outer loop
      vertex -0.26161251692057225 3.991435692954414 0
      vertex 0 4 0
      vertex 0 4 7.4
    endloop
  endfacet
  facet normal -0.03271908282177657 -0.9994645874763656 0
    outer loop
      vertex 0 4 0
      vertex 0.26161251692057225 3.991435692954414 0
      vertex 0.26161251692057225 3.991435692954414 7.4
    endloop
  endfacet
  facet normal -0.09801714032956063 -0.9951847266721968 0
    outer loop
      vertex 0.26161251692057225 3.991435692954414 0
      vertex 0.5221047688802063 3.9657794454952415 0
      vertex 0.5221047688802063 3.9657794454952415 7.4
    endloop
  endfacet
  facet normal -0.1628954733945886 -0.9866433320848791 0
    outer loop
      vertex 0.5221047688802063 3.9657794454952415 0
      vertex 0.780361288064513 3.9231411216129217 0
      vertex 0.780361288064513 3.9231411216129217 7.4
    endloop
  endfacet
  facet normal -0.2270762630343726 -0.9738769792773339 0
    outer loop
      vertex 0.780361288064513 3.9231411216129217 0
      vertex 1.035276180410083 3.8637033051562732 0
      vertex 1.035276180410083 3.8637033051562732 7.4
    endloop
  endfacet
  facet normal -0.2902846772544623 -0.9569403357322089 0
    outer loop
      vertex 1.035276180410083 3.8637033051562732 0
      vertex 1.2857578612126463 3.7877205179804228 0
      vertex 1.2857578612126463 3.7877205179804228 7.4
    endloop
  endfacet
  facet normal -0.35225004792123404 -0.9359059267573254 0
    outer loop
      vertex 1.5307337294603591 3.695518130045147 0
      vertex 1.5307337294603591 3.695518130045147 7.4
      vertex 1.2857578612126463 3.7877205179804228 0
    endloop
  endfacet
  facet normal -0.41270702980439505 -0.9108638249211757 0
    outer loop
      vertex 1.5307337294603591 3.695518130045147 0
      vertex 1.7691547608760052 3.587490966130753 0
      vertex 1.7691547608760052 3.587490966130753 7.4
    endloop
  endfacet
  facet normal -0.6835923020228704 -0.7298640726978367 0
    outer loop
      vertex 2.8284271247461903 2.8284271247461903 0
      vertex 2.8284271247461903 2.8284271247461903 7.4
      vertex 2.6373832604002754 3.0073592299159095 0
    endloop
  endfacet
  facet normal -0.6343932841636459 -0.7730104533627367 0
    outer loop
      vertex 2.4350457160348826 3.1734133611649407 0
      vertex 2.6373832604002754 3.0073592299159095 0
      vertex 2.6373832604002754 3.0073592299159095 7.4
    endloop
  endfacet
  facet normal -0.5824776968678017 -0.8128466845916155 0
    outer loop
      vertex 2.2222809320784087 3.325878449210181 0
      vertex 2.4350457160348826 3.1734133611649407 0
      vertex 2.4350457160348826 3.1734133611649407 7.4
    endloop
  endfacet
  facet normal -0.47139673682599775 -0.8819212643483549 0
    outer loop
      vertex 1.7691547608760052 3.587490966130753 0
      vertex 2 3.4641016151377544 0
      vertex 2 3.4641016151377544 7.4
    endloop
  endfacet
  facet normal -0.5280678506503677 -0.849202181526579 0
    outer loop
      vertex 2.2222809320784087 3.325878449210181 0
      vertex 2.2222809320784087 3.325878449210181 7.4
      vertex 2 3.4641016151377544 0
    endloop
  endfacet
  facet normal -0.9994645874763656 -0.03271908282177657 0
    outer loop
      vertex 4 0 0
      vertex 4 0 7.4
      vertex 3.991435692954414 0.26161251692057225 0
    endloop
  endfacet
  facet normal -0.9951847266721968 -0.09801714032956063 0
    outer loop
      vertex 3.991435692954414 0.26161251692057225 0
      vertex 3.991435692954414 0.26161251692057225 7.4
      vertex 3.9657794454952415 0.5221047688802063 0
    endloop
  endfacet
  facet normal -0.9866433320848791 -0.1628954733945886 0
    outer loop
      vertex 3.9657794454952415 0.5221047688802063 0
      vertex 3.9657794454952415 0.5221047688802063 7.4
      vertex 3.9231411216129217 0.780361288064513 0
    endloop
  endfacet
  facet normal -0.9738769792773339 -0.2270762630343726 0
    outer loop
      vertex 3.9231411216129217 0.780361288064513 0
      vertex 3.9231411216129217 0.780361288064513 7.4
      vertex 3.8637033051562732 1.035276180410083 0
    endloop
  endfacet
  facet normal -0.9569403357322089 -0.2902846772544623 0
    outer loop
      vertex 3.7877205179804228 1.2857578612126463 0
      vertex 3.8637033051562732 1.035276180410083 0
      vertex 3.8637033051562732 1.035276180410083 7.4
    endloop
  endfacet
  facet normal -0.9359059267573254 -0.35225004792123404 0
    outer loop
      vertex 3.7877205179804228 1.2857578612126463 0
      vertex 3.7877205179804228 1.2857578612126463 7.4
      vertex 3.695518130045147 1.5307337294603591 0
    endloop
  endfacet
  facet normal -0.9108638249211757 -0.41270702980439505 0
    outer loop
      vertex 3.587490966130753 1.7691547608760052 0
      vertex 3.695518130045147 1.5307337294603591 0
      vertex 3.695518130045147 1.5307337294603591 7.4
    endloop
  endfacet
  facet normal -0.8819212643483549 -0.47139673682599775 0
    outer loop
      vertex 3.587490966130753 1.7691547608760052 0
      vertex 3.587490966130753 1.7691547608760052 7.4
      vertex 3.4641016151377544 2 0
    endloop
  endfacet
  facet normal -0.8128466845916155 -0.5824776968678017 0
    outer loop
      vertex 3.325878449210181 2.2222809320784087 0
      vertex 3.325878449210181 2.2222809320784087 7.4
      vertex 3.1734133611649407 2.4350457160348826 0
    endloop
  endfacet
  facet normal -0.7730104533627367 -0.6343932841636459 0
    outer loop
      vertex 3.0073592299159095 2.6373832604002754 0
      vertex 3.1734133611649407 2.4350457160348826 0
      vertex 3.1734133611649407 2.4350457160348826 7.4
    endloop
  endfacet
  facet normal -0.849202181526579 -0.5280678506503677 0
    outer loop
      vertex 3.325878449210181 2.2222809320784087 0
      vertex 3.4641016151377544 2 0
      vertex 3.4641016151377544 2 7.4
    endloop
  endfacet
  facet normal -0.7298640726978367 -0.6835923020228704 0
    outer loop
      vertex 2.8284271247461903 2.8284271247461903 0
      vertex 3.0073592299159095 2.6373832604002754 0
      vertex 3.0073592299159095 2.6373832604002754 7.4
    endloop
  endfacet
  facet normal 0.9994645874763656 -0.03271908282177657 0
    outer loop
      vertex -4 0 0
      vertex -3.991435692954414 0.26161251692057225 7.4
      vertex -4 0 7.4
    endloop
  endfacet
  facet normal 0.9951847266721968 -0.09801714032956063 0
    outer loop
      vertex -3.991435692954414 0.26161251692057225 0
      vertex -3.9657794454952415 0.5221047688802063 7.4
      vertex -3.991435692954414 0.26161251692057225 7.4
    endloop
  endfacet
  facet normal 0.9866433320848791 -0.1628954733945886 0
    outer loop
      vertex -3.9657794454952415 0.5221047688802063 0
      vertex -3.9231411216129217 0.780361288064513 7.4
      vertex -3.9657794454952415 0.5221047688802063 7.4
    endloop
  endfacet
  facet normal 0.9738769792773339 -0.2270762630343726 0
    outer loop
      vertex -3.9231411216129217 0.780361288064513 0
      vertex -3.8637033051562732 1.035276180410083 7.4
      vertex -3.9231411216129217 0.780361288064513 7.4
    endloop
  endfacet
  facet normal 0.9569403357322089 -0.2902846772544623 0
    outer loop
      vertex -3.8637033051562732 1.035276180410083 0
      vertex -3.7877205179804228 1.2857578612126463 7.4
      vertex -3.8637033051562732 1.035276180410083 7.4
    endloop
  endfacet
  facet normal 0.9359059267573254 -0.35225004792123404 0
    outer loop
      vertex -3.7877205179804228 1.2857578612126463 0
      vertex -3.695518130045147 1.5307337294603591 7.4
      vertex -3.7877205179804228 1.2857578612126463 7.4
    endloop
  endfacet
  facet normal 0.9108638249211757 -0.41270702980439505 0
    outer loop
      vertex -3.695518130045147 1.5307337294603591 0
      vertex -3.587490966130753 1.7691547608760052 7.4
      vertex -3.695518130045147 1.5307337294603591 7.4
    endloop
  endfacet
  facet normal 0.8819212643483549 -0.47139673682599775 0
    outer loop
      vertex -3.587490966130753 1.7691547608760052 0
      vertex -3.4641016151377544 2 7.4
      vertex -3.587490966130753 1.7691547608760052 7.4
    endloop
  endfacet
  facet normal 0.849202181526579 -0.5280678506503677 0
    outer loop
      vertex -3.4641016151377544 2 0
      vertex -3.325878449210181 2.2222809320784087 7.4
      vertex -3.4641016151377544 2 7.4
    endloop
  endfacet
  facet normal 0.8128466845916155 -0.5824776968678017 0
    outer loop
      vertex -3.325878449210181 2.2222809320784087 0
      vertex -3.1734133611649407 2.4350457160348826 7.4
      vertex -3.325878449210181 2.2222809320784087 7.4
    endloop
  endfacet
  facet normal 0.7730104533627367 -0.6343932841636459 0
    outer loop
      vertex -3.1734133611649407 2.4350457160348826 0
      vertex -3.0073592299159095 2.6373832604002754 7.4
      vertex -3.1734133611649407 2.4350457160348826 7.4
    endloop
  endfacet
  facet normal 0.7298640726978367 -0.6835923020228704 0
    outer loop
      vertex -3.0073592299159095 2.6373832604002754 0
      vertex -2.8284271247461903 2.8284271247461903 7.4
      vertex -3.0073592299159095 2.6373832604002754 7.4
    endloop
  endfacet
  facet normal 0.6835923020228704 -0.7298640726978367 0
    outer loop
      vertex -2.8284271247461903 2.8284271247461903 0
      vertex -2.6373832604002754 3.0073592299159095 7.4
      vertex -2.8284271247461903 2.8284271247461903 7.4
    endloop
  endfacet
  facet normal 0.6343932841636459 -0.7730104533627367 0
    outer loop
      vertex -2.6373832604002754 3.0073592299159095 0
      vertex -2.4350457160348826 3.1734133611649407 7.4
      vertex -2.6373832604002754 3.0073592299159095 7.4
    endloop
  endfacet
  facet normal 0.5824776968678017 -0.8128466845916155 0
    outer loop
      vertex -2.4350457160348826 3.1734133611649407 0
      vertex -2.2222809320784087 3.325878449210181 7.4
      vertex -2.4350457160348826 3.1734133611649407 7.4
    endloop
  endfacet
  facet normal 0.5280678506503677 -0.849202181526579 0
    outer loop
      vertex -2.2222809320784087 3.325878449210181 0
      vertex -2 3.4641016151377544 7.4
      vertex -2.2222809320784087 3.325878449210181 7.4
    endloop
  endfacet
  facet normal 0.47139673682599775 -0.8819212643483549 0
    outer loop
      vertex -2 3.4641016151377544 0
      vertex -1.7691547608760052 3.587490966130753 7.4
      vertex -2 3.4641016151377544 7.4
    endloop
  endfacet
  facet normal 0.41270702980439505 -0.9108638249211757 0
    outer loop
      vertex -1.7691547608760052 3.587490966130753 0
      vertex -1.5307337294603591 3.695518130045147 7.4
      vertex -1.7691547608760052 3.587490966130753 7.4
    endloop
  endfacet
  facet normal 0.35225004792123404 -0.9359059267573254 0
    outer loop
      vertex -1.5307337294603591 3.695518130045147 0
      vertex -1.2857578612126463 3.7877205179804228 7.4
      vertex -1.5307337294603591 3.695518130045147 7.4
    endloop
  endfacet
  facet normal 0.2902846772544623 -0.9569403357322089 0
    outer loop
      vertex -1.2857578612126463 3.7877205179804228 0
      vertex -1.035276180410083 3.8637033051562732 7.4
      vertex -1.2857578612126463 3.7877205179804228 7.4
    endloop
  endfacet
  facet normal 0.2270762630343726 -0.9738769792773339 0
    outer loop
      vertex -1.035276180410083 3.8637033051562732 0
      vertex -0.780361288064513 3.9231411216129217 7.4
      vertex -1.035276180410083 3.8637033051562732 7.4
    endloop
  endfacet
  facet normal -0.2270762630343726 -0.9738769792773339 0
    outer loop
      vertex 0.780361288064513 3.9231411216129217 0
      vertex 1.035276180410083 3.8637033051562732 7.4
      vertex 0.780361288064513 3.9231411216129217 7.4
    endloop
  endfacet
  facet normal 0.1628954733945886 -0.9866433320848791 0
    outer loop
      vertex -0.780361288064513 3.9231411216129217 0
      vertex -0.5221047688802063 3.9657794454952415 7.4
      vertex -0.780361288064513 3.9231411216129217 7.4
    endloop
  endfacet
  facet normal 0.09801714032956063 -0.9951847266721968 0
    outer loop
      vertex -0.5221047688802063 3.9657794454952415 0
      vertex -0.26161251692057225 3.991435692954414 7.4
      vertex -0.5221047688802063 3.9657794454952415 7.4
    endloop
  endfacet
  facet normal 0.03271908282177657 -0.9994645874763656 0
    outer loop
      vertex -0.26161251692057225 3.991435692954414 0
      vertex 0 4 7.4
      vertex -0.26161251692057225 3.991435692954414 7.4
    endloop
  endfacet
  facet normal -0.03271908282177657 -0.9994645874763656 0
    outer loop
      vertex 0 4 0
      vertex 0.26161251692057225 3.991435692954414 7.4
      vertex 0 4 7.4
    endloop
  endfacet
  facet normal -0.09801714032956063 -0.9951847266721968 0
    outer loop
      vertex 0.26161251692057225 3.991435692954414 0
      vertex 0.5221047688802063 3.9657794454952415 7.4
      vertex 0.26161251692057225 3.991435692954414 7.4
    endloop
  endfacet
  facet normal -0.1628954733945886 -0.9866433320848791 0
    outer loop
      vertex 0.5221047688802063 3.9657794454952415 0
      vertex 0.780361288064513 3.9231411216129217 7.4
      vertex 0.5221047688802063 3.9657794454952415 7.4
    endloop
  endfacet
  facet normal -0.2902846772544623 -0.9569403357322089 0
    outer loop
      vertex 1.035276180410083 3.8637033051562732 0
      vertex 1.2857578612126463 3.7877205179804228 7.4
      vertex 1.035276180410083 3.8637033051562732 7.4
    endloop
  endfacet
  facet normal -0.35225004792123404 -0.9359059267573254 0
    outer loop
      vertex 1.2857578612126463 3.7877205179804228 0
      vertex 1.5307337294603591 3.695518130045147 7.4
      vertex 1.2857578612126463 3.7877205179804228 7.4
    endloop
  endfacet
  facet normal -0.47139673682599775 -0.8819212643483549 0
    outer loop
      vertex 1.7691547608760052 3.587490966130753 0
      vertex 2 3.4641016151377544 7.4
      vertex 1.7691547608760052 3.587490966130753 7.4
    endloop
  endfacet
  facet normal -0.41270702980439505 -0.9108638249211757 0
    outer loop
      vertex 1.5307337294603591 3.695518130045147 0
      vertex 1.7691547608760052 3.587490966130753 7.4
      vertex 1.5307337294603591 3.695518130045147 7.4
    endloop
  endfacet
  facet normal -0.6343932841636459 -0.7730104533627367 0
    outer loop
      vertex 2.4350457160348826 3.1734133611649407 0
      vertex 2.6373832604002754 3.0073592299159095 7.4
      vertex 2.4350457160348826 3.1734133611649407 7.4
    endloop
  endfacet
  facet normal -0.6835923020228704 -0.7298640726978367 0
    outer loop
      vertex 2.6373832604002754 3.0073592299159095 0
      vertex 2.8284271247461903 2.8284271247461903 7.4
      vertex 2.6373832604002754 3.0073592299159095 7.4
    endloop
  endfacet
  facet normal -0.5280678506503677 -0.849202181526579 0
    outer loop
      vertex 2 3.4641016151377544 0
      vertex 2.2222809320784087 3.325878449210181 7.4
      vertex 2 3.4641016151377544 7.4
    endloop
  endfacet
  facet normal -0.5824776968678017 -0.8128466845916155 0
    outer loop
      vertex 2.2222809320784087 3.325878449210181 0
      vertex 2.4350457160348826 3.1734133611649407 7.4
      vertex 2.2222809320784087 3.325878449210181 7.4
    endloop
  endfacet
  facet normal -0.9994645874763656 -0.03271908282177657 0
    outer loop
      vertex 3.991435692954414 0.26161251692057225 0
      vertex 4 0 7.4
      vertex 3.991435692954414 0.26161251692057225 7.4
    endloop
  endfacet
  facet normal -0.9951847266721968 -0.09801714032956063 0
    outer loop
      vertex 3.9657794454952415 0.5221047688802063 0
      vertex 3.991435692954414 0.26161251692057225 7.4
      vertex 3.9657794454952415 0.5221047688802063 7.4
    endloop
  endfacet
  facet normal -0.9866433320848791 -0.1628954733945886 0
    outer loop
      vertex 3.9231411216129217 0.780361288064513 0
      vertex 3.9657794454952415 0.5221047688802063 7.4
      vertex 3.9231411216129217 0.780361288064513 7.4
    endloop
  endfacet
  facet normal -0.9738769792773339 -0.2270762630343726 0
    outer loop
      vertex 3.8637033051562732 1.035276180410083 0
      vertex 3.9231411216129217 0.780361288064513 7.4
      vertex 3.8637033051562732 1.035276180410083 7.4
    endloop
  endfacet
  facet normal -0.9569403357322089 -0.2902846772544623 0
    outer loop
      vertex 3.7877205179804228 1.2857578612126463 0
      vertex 3.8637033051562732 1.035276180410083 7.4
      vertex 3.7877205179804228 1.2857578612126463 7.4
    endloop
  endfacet
  facet normal -0.9359059267573254 -0.35225004792123404 0
    outer loop
      vertex 3.695518130045147 1.5307337294603591 0
      vertex 3.7877205179804228 1.2857578612126463 7.4
      vertex 3.695518130045147 1.5307337294603591 7.4
    endloop
  endfacet
  facet normal -0.8819212643483549 -0.47139673682599775 0
    outer loop
      vertex 3.4641016151377544 2 0
      vertex 3.587490966130753 1.7691547608760052 7.4
      vertex 3.4641016151377544 2 7.4
    endloop
  endfacet
  facet normal -0.9108638249211757 -0.41270702980439505 0
    outer loop
      vertex 3.587490966130753 1.7691547608760052 0
      vertex 3.695518130045147 1.5307337294603591 7.4
      vertex 3.587490966130753 1.7691547608760052 7.4
    endloop
  endfacet
  facet normal -0.7730104533627367 -0.6343932841636459 0
    outer loop
      vertex 3.0073592299159095 2.6373832604002754 0
      vertex 3.1734133611649407 2.4350457160348826 7.4
      vertex 3.0073592299159095 2.6373832604002754 7.4
    endloop
  endfacet
  facet normal -0.8128466845916155 -0.5824776968678017 0
    outer loop
      vertex 3.1734133611649407 2.4350457160348826 0
      vertex 3.325878449210181 2.2222809320784087 7.4
      vertex 3.1734133611649407 2.4350457160348826 7.4
    endloop
  endfacet
  facet normal -0.849202181526579 -0.5280678506503677 0
    outer loop
      vertex 3.325878449210181 2.2222809320784087 0
      vertex 3.4641016151377544 2 7.4
      vertex 3.325878449210181 2.2222809320784087 7.4
    endloop
  endfacet
  facet normal -0.7298640726978367 -0.6835923020228704 0
    outer loop
      vertex 2.8284271247461903 2.8284271247461903 0
      vertex 3.0073592299159095 2.6373832604002754 7.4
      vertex 2.8284271247461903 2.8284271247461903 7.4
    endloop
  endfacet
endsolid OpenSCAD_Model
